ISO-10303-21;
HEADER;
FILE_DESCRIPTION(('Open CASCADE Model'),'2;1');
FILE_NAME('Open CASCADE Shape Model','2026-10-02T19:01:39',('Author'),(
    'Open CASCADE'),'Open CASCADE STEP processor 7.9','Open CASCADE 7.9'
  ,'Unknown');
FILE_SCHEMA(('AUTOMOTIVE_DESIGN { 1 0 10303 214 1 1 1 1 }'));
ENDSEC;
DATA;
#1 = APPLICATION_PROTOCOL_DEFINITION('international standard',
  'automotive_design',2000,#2);
#2 = APPLICATION_CONTEXT(
  'core data for automotive mechanical design processes');
#3 = SHAPE_DEFINITION_REPRESENTATION(#4,#10);
#4 = PRODUCT_DEFINITION_SHAPE('','',#5);
#5 = PRODUCT_DEFINITION('design','',#6,#9);
#6 = PRODUCT_DEFINITION_FORMATION('','',#7);
#7 = PRODUCT('Open CASCADE STEP translator 7.9 2',
  'Open CASCADE STEP translator 7.9 2','',(#8));
#8 = PRODUCT_CONTEXT('',#2,'mechanical');
#9 = PRODUCT_DEFINITION_CONTEXT('part definition',#2,'design');
#10 = SHAPE_REPRESENTATION('',(#11,#15,#19,#23),#27);
#11 = AXIS2_PLACEMENT_3D('',#12,#13,#14);
#12 = CARTESIAN_POINT('',(0.,0.,0.));
#13 = DIRECTION('',(0.,0.,1.));
#14 = DIRECTION('',(1.,0.,-0.));
#15 = AXIS2_PLACEMENT_3D('',#16,#17,#18);
#16 = CARTESIAN_POINT('',(0.,0.,0.));
#17 = DIRECTION('',(0.,0.,1.));
#18 = DIRECTION('',(1.,0.,0.));
#19 = AXIS2_PLACEMENT_3D('',#20,#21,#22);
#20 = CARTESIAN_POINT('',(0.,0.,0.));
#21 = DIRECTION('',(0.,0.,1.));
#22 = DIRECTION('',(1.,0.,-0.));
#23 = AXIS2_PLACEMENT_3D('',#24,#25,#26);
#24 = CARTESIAN_POINT('',(0.,0.,0.));
#25 = DIRECTION('',(0.,0.,1.));
#26 = DIRECTION('',(1.,0.,-0.));
#27 = ( GEOMETRIC_REPRESENTATION_CONTEXT(3) 
GLOBAL_UNCERTAINTY_ASSIGNED_CONTEXT((#31)) GLOBAL_UNIT_ASSIGNED_CONTEXT(
(#28,#29,#30)) REPRESENTATION_CONTEXT('Context #1',
  '3D Context with UNIT and UNCERTAINTY') );
#28 = ( LENGTH_UNIT() NAMED_UNIT(*) SI_UNIT(.MILLI.,.METRE.) );
#29 = ( NAMED_UNIT(*) PLANE_ANGLE_UNIT() SI_UNIT($,.RADIAN.) );
#30 = ( NAMED_UNIT(*) SI_UNIT($,.STERADIAN.) SOLID_ANGLE_UNIT() );
#31 = UNCERTAINTY_MEASURE_WITH_UNIT(LENGTH_MEASURE(5.E-05),#28,
  'distance_accuracy_value','confusion accuracy');
#32 = PRODUCT_RELATED_PRODUCT_CATEGORY('part',$,(#7));
#33 = SHAPE_DEFINITION_REPRESENTATION(#34,#40);
#34 = PRODUCT_DEFINITION_SHAPE('','',#35);
#35 = PRODUCT_DEFINITION('design','',#36,#39);
#36 = PRODUCT_DEFINITION_FORMATION('','',#37);
#37 = PRODUCT('Open CASCADE STEP translator 7.9 2.1',
  'Open CASCADE STEP translator 7.9 2.1','',(#38));
#38 = PRODUCT_CONTEXT('',#2,'mechanical');
#39 = PRODUCT_DEFINITION_CONTEXT('part definition',#2,'design');
#40 = ADVANCED_BREP_SHAPE_REPRESENTATION('',(#11,#41),#371);
#41 = MANIFOLD_SOLID_BREP('',#42);
#42 = CLOSED_SHELL('',(#43,#163,#263,#310,#357,#364));
#43 = ADVANCED_FACE('',(#44),#58,.F.);
#44 = FACE_BOUND('',#45,.F.);
#45 = EDGE_LOOP('',(#46,#81,#109,#137));
#46 = ORIENTED_EDGE('',*,*,#47,.F.);
#47 = EDGE_CURVE('',#48,#50,#52,.T.);
#48 = VERTEX_POINT('',#49);
#49 = CARTESIAN_POINT('',(24.,-6.,-6.));
#50 = VERTEX_POINT('',#51);
#51 = CARTESIAN_POINT('',(24.,-6.,6.));
#52 = SURFACE_CURVE('',#53,(#57,#69),.PCURVE_S1.);
#53 = LINE('',#54,#55);
#54 = CARTESIAN_POINT('',(24.,-6.,-6.));
#55 = VECTOR('',#56,1.);
#56 = DIRECTION('',(0.,0.,1.));
#57 = PCURVE('',#58,#63);
#58 = PLANE('',#59);
#59 = AXIS2_PLACEMENT_3D('',#60,#61,#62);
#60 = CARTESIAN_POINT('',(24.,-6.,-6.));
#61 = DIRECTION('',(1.,0.,0.));
#62 = DIRECTION('',(0.,0.,1.));
#63 = DEFINITIONAL_REPRESENTATION('',(#64),#68);
#64 = LINE('',#65,#66);
#65 = CARTESIAN_POINT('',(0.,0.));
#66 = VECTOR('',#67,1.);
#67 = DIRECTION('',(1.,0.));
#68 = ( GEOMETRIC_REPRESENTATION_CONTEXT(2) 
PARAMETRIC_REPRESENTATION_CONTEXT() REPRESENTATION_CONTEXT('2D SPACE',''
  ) );
#69 = PCURVE('',#70,#75);
#70 = PLANE('',#71);
#71 = AXIS2_PLACEMENT_3D('',#72,#73,#74);
#72 = CARTESIAN_POINT('',(24.,-6.,-6.));
#73 = DIRECTION('',(0.,1.,0.));
#74 = DIRECTION('',(0.,0.,1.));
#75 = DEFINITIONAL_REPRESENTATION('',(#76),#80);
#76 = LINE('',#77,#78);
#77 = CARTESIAN_POINT('',(0.,0.));
#78 = VECTOR('',#79,1.);
#79 = DIRECTION('',(1.,0.));
#80 = ( GEOMETRIC_REPRESENTATION_CONTEXT(2) 
PARAMETRIC_REPRESENTATION_CONTEXT() REPRESENTATION_CONTEXT('2D SPACE',''
  ) );
#81 = ORIENTED_EDGE('',*,*,#82,.T.);
#82 = EDGE_CURVE('',#48,#83,#85,.T.);
#83 = VERTEX_POINT('',#84);
#84 = CARTESIAN_POINT('',(24.,6.,-6.));
#85 = SURFACE_CURVE('',#86,(#90,#97),.PCURVE_S1.);
#86 = LINE('',#87,#88);
#87 = CARTESIAN_POINT('',(24.,-6.,-6.));
#88 = VECTOR('',#89,1.);
#89 = DIRECTION('',(0.,1.,0.));
#90 = PCURVE('',#58,#91);
#91 = DEFINITIONAL_REPRESENTATION('',(#92),#96);
#92 = LINE('',#93,#94);
#93 = CARTESIAN_POINT('',(0.,0.));
#94 = VECTOR('',#95,1.);
#95 = DIRECTION('',(0.,-1.));
#96 = ( GEOMETRIC_REPRESENTATION_CONTEXT(2) 
PARAMETRIC_REPRESENTATION_CONTEXT() REPRESENTATION_CONTEXT('2D SPACE',''
  ) );
#97 = PCURVE('',#98,#103);
#98 = PLANE('',#99);
#99 = AXIS2_PLACEMENT_3D('',#100,#101,#102);
#100 = CARTESIAN_POINT('',(24.,-6.,-6.));
#101 = DIRECTION('',(0.,0.,1.));
#102 = DIRECTION('',(1.,0.,0.));
#103 = DEFINITIONAL_REPRESENTATION('',(#104),#108);
#104 = LINE('',#105,#106);
#105 = CARTESIAN_POINT('',(0.,0.));
#106 = VECTOR('',#107,1.);
#107 = DIRECTION('',(0.,1.));
#108 = ( GEOMETRIC_REPRESENTATION_CONTEXT(2) 
PARAMETRIC_REPRESENTATION_CONTEXT() REPRESENTATION_CONTEXT('2D SPACE',''
  ) );
#109 = ORIENTED_EDGE('',*,*,#110,.T.);
#110 = EDGE_CURVE('',#83,#111,#113,.T.);
#111 = VERTEX_POINT('',#112);
#112 = CARTESIAN_POINT('',(24.,6.,6.));
#113 = SURFACE_CURVE('',#114,(#118,#125),.PCURVE_S1.);
#114 = LINE('',#115,#116);
#115 = CARTESIAN_POINT('',(24.,6.,-6.));
#116 = VECTOR('',#117,1.);
#117 = DIRECTION('',(0.,0.,1.));
#118 = PCURVE('',#58,#119);
#119 = DEFINITIONAL_REPRESENTATION('',(#120),#124);
#120 = LINE('',#121,#122);
#121 = CARTESIAN_POINT('',(0.,-12.));
#122 = VECTOR('',#123,1.);
#123 = DIRECTION('',(1.,0.));
#124 = ( GEOMETRIC_REPRESENTATION_CONTEXT(2) 
PARAMETRIC_REPRESENTATION_CONTEXT() REPRESENTATION_CONTEXT('2D SPACE',''
  ) );
#125 = PCURVE('',#126,#131);
#126 = PLANE('',#127);
#127 = AXIS2_PLACEMENT_3D('',#128,#129,#130);
#128 = CARTESIAN_POINT('',(24.,6.,-6.));
#129 = DIRECTION('',(0.,1.,0.));
#130 = DIRECTION('',(0.,0.,1.));
#131 = DEFINITIONAL_REPRESENTATION('',(#132),#136);
#132 = LINE('',#133,#134);
#133 = CARTESIAN_POINT('',(0.,0.));
#134 = VECTOR('',#135,1.);
#135 = DIRECTION('',(1.,0.));
#136 = ( GEOMETRIC_REPRESENTATION_CONTEXT(2) 
PARAMETRIC_REPRESENTATION_CONTEXT() REPRESENTATION_CONTEXT('2D SPACE',''
  ) );
#137 = ORIENTED_EDGE('',*,*,#138,.F.);
#138 = EDGE_CURVE('',#50,#111,#139,.T.);
#139 = SURFACE_CURVE('',#140,(#144,#151),.PCURVE_S1.);
#140 = LINE('',#141,#142);
#141 = CARTESIAN_POINT('',(24.,-6.,6.));
#142 = VECTOR('',#143,1.);
#143 = DIRECTION('',(0.,1.,0.));
#144 = PCURVE('',#58,#145);
#145 = DEFINITIONAL_REPRESENTATION('',(#146),#150);
#146 = LINE('',#147,#148);
#147 = CARTESIAN_POINT('',(12.,0.));
#148 = VECTOR('',#149,1.);
#149 = DIRECTION('',(0.,-1.));
#150 = ( GEOMETRIC_REPRESENTATION_CONTEXT(2) 
PARAMETRIC_REPRESENTATION_CONTEXT() REPRESENTATION_CONTEXT('2D SPACE',''
  ) );
#151 = PCURVE('',#152,#157);
#152 = PLANE('',#153);
#153 = AXIS2_PLACEMENT_3D('',#154,#155,#156);
#154 = CARTESIAN_POINT('',(24.,-6.,6.));
#155 = DIRECTION('',(0.,0.,1.));
#156 = DIRECTION('',(1.,0.,0.));
#157 = DEFINITIONAL_REPRESENTATION('',(#158),#162);
#158 = LINE('',#159,#160);
#159 = CARTESIAN_POINT('',(0.,0.));
#160 = VECTOR('',#161,1.);
#161 = DIRECTION('',(0.,1.));
#162 = ( GEOMETRIC_REPRESENTATION_CONTEXT(2) 
PARAMETRIC_REPRESENTATION_CONTEXT() REPRESENTATION_CONTEXT('2D SPACE',''
  ) );
#163 = ADVANCED_FACE('',(#164),#178,.T.);
#164 = FACE_BOUND('',#165,.T.);
#165 = EDGE_LOOP('',(#166,#196,#219,#242));
#166 = ORIENTED_EDGE('',*,*,#167,.F.);
#167 = EDGE_CURVE('',#168,#170,#172,.T.);
#168 = VERTEX_POINT('',#169);
#169 = CARTESIAN_POINT('',(36.,-6.,-6.));
#170 = VERTEX_POINT('',#171);
#171 = CARTESIAN_POINT('',(36.,-6.,6.));
#172 = SURFACE_CURVE('',#173,(#177,#189),.PCURVE_S1.);
#173 = LINE('',#174,#175);
#174 = CARTESIAN_POINT('',(36.,-6.,-6.));
#175 = VECTOR('',#176,1.);
#176 = DIRECTION('',(0.,0.,1.));
#177 = PCURVE('',#178,#183);
#178 = PLANE('',#179);
#179 = AXIS2_PLACEMENT_3D('',#180,#181,#182);
#180 = CARTESIAN_POINT('',(36.,-6.,-6.));
#181 = DIRECTION('',(1.,0.,0.));
#182 = DIRECTION('',(0.,0.,1.));
#183 = DEFINITIONAL_REPRESENTATION('',(#184),#188);
#184 = LINE('',#185,#186);
#185 = CARTESIAN_POINT('',(0.,0.));
#186 = VECTOR('',#187,1.);
#187 = DIRECTION('',(1.,0.));
#188 = ( GEOMETRIC_REPRESENTATION_CONTEXT(2) 
PARAMETRIC_REPRESENTATION_CONTEXT() REPRESENTATION_CONTEXT('2D SPACE',''
  ) );
#189 = PCURVE('',#70,#190);
#190 = DEFINITIONAL_REPRESENTATION('',(#191),#195);
#191 = LINE('',#192,#193);
#192 = CARTESIAN_POINT('',(0.,12.));
#193 = VECTOR('',#194,1.);
#194 = DIRECTION('',(1.,0.));
#195 = ( GEOMETRIC_REPRESENTATION_CONTEXT(2) 
PARAMETRIC_REPRESENTATION_CONTEXT() REPRESENTATION_CONTEXT('2D SPACE',''
  ) );
#196 = ORIENTED_EDGE('',*,*,#197,.T.);
#197 = EDGE_CURVE('',#168,#198,#200,.T.);
#198 = VERTEX_POINT('',#199);
#199 = CARTESIAN_POINT('',(36.,6.,-6.));
#200 = SURFACE_CURVE('',#201,(#205,#212),.PCURVE_S1.);
#201 = LINE('',#202,#203);
#202 = CARTESIAN_POINT('',(36.,-6.,-6.));
#203 = VECTOR('',#204,1.);
#204 = DIRECTION('',(0.,1.,0.));
#205 = PCURVE('',#178,#206);
#206 = DEFINITIONAL_REPRESENTATION('',(#207),#211);
#207 = LINE('',#208,#209);
#208 = CARTESIAN_POINT('',(0.,0.));
#209 = VECTOR('',#210,1.);
#210 = DIRECTION('',(0.,-1.));
#211 = ( GEOMETRIC_REPRESENTATION_CONTEXT(2) 
PARAMETRIC_REPRESENTATION_CONTEXT() REPRESENTATION_CONTEXT('2D SPACE',''
  ) );
#212 = PCURVE('',#98,#213);
#213 = DEFINITIONAL_REPRESENTATION('',(#214),#218);
#214 = LINE('',#215,#216);
#215 = CARTESIAN_POINT('',(12.,0.));
#216 = VECTOR('',#217,1.);
#217 = DIRECTION('',(0.,1.));
#218 = ( GEOMETRIC_REPRESENTATION_CONTEXT(2) 
PARAMETRIC_REPRESENTATION_CONTEXT() REPRESENTATION_CONTEXT('2D SPACE',''
  ) );
#219 = ORIENTED_EDGE('',*,*,#220,.T.);
#220 = EDGE_CURVE('',#198,#221,#223,.T.);
#221 = VERTEX_POINT('',#222);
#222 = CARTESIAN_POINT('',(36.,6.,6.));
#223 = SURFACE_CURVE('',#224,(#228,#235),.PCURVE_S1.);
#224 = LINE('',#225,#226);
#225 = CARTESIAN_POINT('',(36.,6.,-6.));
#226 = VECTOR('',#227,1.);
#227 = DIRECTION('',(0.,0.,1.));
#228 = PCURVE('',#178,#229);
#229 = DEFINITIONAL_REPRESENTATION('',(#230),#234);
#230 = LINE('',#231,#232);
#231 = CARTESIAN_POINT('',(0.,-12.));
#232 = VECTOR('',#233,1.);
#233 = DIRECTION('',(1.,0.));
#234 = ( GEOMETRIC_REPRESENTATION_CONTEXT(2) 
PARAMETRIC_REPRESENTATION_CONTEXT() REPRESENTATION_CONTEXT('2D SPACE',''
  ) );
#235 = PCURVE('',#126,#236);
#236 = DEFINITIONAL_REPRESENTATION('',(#237),#241);
#237 = LINE('',#238,#239);
#238 = CARTESIAN_POINT('',(0.,12.));
#239 = VECTOR('',#240,1.);
#240 = DIRECTION('',(1.,0.));
#241 = ( GEOMETRIC_REPRESENTATION_CONTEXT(2) 
PARAMETRIC_REPRESENTATION_CONTEXT() REPRESENTATION_CONTEXT('2D SPACE',''
  ) );
#242 = ORIENTED_EDGE('',*,*,#243,.F.);
#243 = EDGE_CURVE('',#170,#221,#244,.T.);
#244 = SURFACE_CURVE('',#245,(#249,#256),.PCURVE_S1.);
#245 = LINE('',#246,#247);
#246 = CARTESIAN_POINT('',(36.,-6.,6.));
#247 = VECTOR('',#248,1.);
#248 = DIRECTION('',(0.,1.,0.));
#249 = PCURVE('',#178,#250);
#250 = DEFINITIONAL_REPRESENTATION('',(#251),#255);
#251 = LINE('',#252,#253);
#252 = CARTESIAN_POINT('',(12.,0.));
#253 = VECTOR('',#254,1.);
#254 = DIRECTION('',(0.,-1.));
#255 = ( GEOMETRIC_REPRESENTATION_CONTEXT(2) 
PARAMETRIC_REPRESENTATION_CONTEXT() REPRESENTATION_CONTEXT('2D SPACE',''
  ) );
#256 = PCURVE('',#152,#257);
#257 = DEFINITIONAL_REPRESENTATION('',(#258),#262);
#258 = LINE('',#259,#260);
#259 = CARTESIAN_POINT('',(12.,0.));
#260 = VECTOR('',#261,1.);
#261 = DIRECTION('',(0.,1.));
#262 = ( GEOMETRIC_REPRESENTATION_CONTEXT(2) 
PARAMETRIC_REPRESENTATION_CONTEXT() REPRESENTATION_CONTEXT('2D SPACE',''
  ) );
#263 = ADVANCED_FACE('',(#264),#70,.F.);
#264 = FACE_BOUND('',#265,.F.);
#265 = EDGE_LOOP('',(#266,#287,#288,#309));
#266 = ORIENTED_EDGE('',*,*,#267,.F.);
#267 = EDGE_CURVE('',#48,#168,#268,.T.);
#268 = SURFACE_CURVE('',#269,(#273,#280),.PCURVE_S1.);
#269 = LINE('',#270,#271);
#270 = CARTESIAN_POINT('',(24.,-6.,-6.));
#271 = VECTOR('',#272,1.);
#272 = DIRECTION('',(1.,0.,0.));
#273 = PCURVE('',#70,#274);
#274 = DEFINITIONAL_REPRESENTATION('',(#275),#279);
#275 = LINE('',#276,#277);
#276 = CARTESIAN_POINT('',(0.,0.));
#277 = VECTOR('',#278,1.);
#278 = DIRECTION('',(0.,1.));
#279 = ( GEOMETRIC_REPRESENTATION_CONTEXT(2) 
PARAMETRIC_REPRESENTATION_CONTEXT() REPRESENTATION_CONTEXT('2D SPACE',''
  ) );
#280 = PCURVE('',#98,#281);
#281 = DEFINITIONAL_REPRESENTATION('',(#282),#286);
#282 = LINE('',#283,#284);
#283 = CARTESIAN_POINT('',(0.,0.));
#284 = VECTOR('',#285,1.);
#285 = DIRECTION('',(1.,0.));
#286 = ( GEOMETRIC_REPRESENTATION_CONTEXT(2) 
PARAMETRIC_REPRESENTATION_CONTEXT() REPRESENTATION_CONTEXT('2D SPACE',''
  ) );
#287 = ORIENTED_EDGE('',*,*,#47,.T.);
#288 = ORIENTED_EDGE('',*,*,#289,.T.);
#289 = EDGE_CURVE('',#50,#170,#290,.T.);
#290 = SURFACE_CURVE('',#291,(#295,#302),.PCURVE_S1.);
#291 = LINE('',#292,#293);
#292 = CARTESIAN_POINT('',(24.,-6.,6.));
#293 = VECTOR('',#294,1.);
#294 = DIRECTION('',(1.,0.,0.));
#295 = PCURVE('',#70,#296);
#296 = DEFINITIONAL_REPRESENTATION('',(#297),#301);
#297 = LINE('',#298,#299);
#298 = CARTESIAN_POINT('',(12.,0.));
#299 = VECTOR('',#300,1.);
#300 = DIRECTION('',(0.,1.));
#301 = ( GEOMETRIC_REPRESENTATION_CONTEXT(2) 
PARAMETRIC_REPRESENTATION_CONTEXT() REPRESENTATION_CONTEXT('2D SPACE',''
  ) );
#302 = PCURVE('',#152,#303);
#303 = DEFINITIONAL_REPRESENTATION('',(#304),#308);
#304 = LINE('',#305,#306);
#305 = CARTESIAN_POINT('',(0.,0.));
#306 = VECTOR('',#307,1.);
#307 = DIRECTION('',(1.,0.));
#308 = ( GEOMETRIC_REPRESENTATION_CONTEXT(2) 
PARAMETRIC_REPRESENTATION_CONTEXT() REPRESENTATION_CONTEXT('2D SPACE',''
  ) );
#309 = ORIENTED_EDGE('',*,*,#167,.F.);
#310 = ADVANCED_FACE('',(#311),#126,.T.);
#311 = FACE_BOUND('',#312,.T.);
#312 = EDGE_LOOP('',(#313,#334,#335,#356));
#313 = ORIENTED_EDGE('',*,*,#314,.F.);
#314 = EDGE_CURVE('',#83,#198,#315,.T.);
#315 = SURFACE_CURVE('',#316,(#320,#327),.PCURVE_S1.);
#316 = LINE('',#317,#318);
#317 = CARTESIAN_POINT('',(24.,6.,-6.));
#318 = VECTOR('',#319,1.);
#319 = DIRECTION('',(1.,0.,0.));
#320 = PCURVE('',#126,#321);
#321 = DEFINITIONAL_REPRESENTATION('',(#322),#326);
#322 = LINE('',#323,#324);
#323 = CARTESIAN_POINT('',(0.,0.));
#324 = VECTOR('',#325,1.);
#325 = DIRECTION('',(0.,1.));
#326 = ( GEOMETRIC_REPRESENTATION_CONTEXT(2) 
PARAMETRIC_REPRESENTATION_CONTEXT() REPRESENTATION_CONTEXT('2D SPACE',''
  ) );
#327 = PCURVE('',#98,#328);
#328 = DEFINITIONAL_REPRESENTATION('',(#329),#333);
#329 = LINE('',#330,#331);
#330 = CARTESIAN_POINT('',(0.,12.));
#331 = VECTOR('',#332,1.);
#332 = DIRECTION('',(1.,0.));
#333 = ( GEOMETRIC_REPRESENTATION_CONTEXT(2) 
PARAMETRIC_REPRESENTATION_CONTEXT() REPRESENTATION_CONTEXT('2D SPACE',''
  ) );
#334 = ORIENTED_EDGE('',*,*,#110,.T.);
#335 = ORIENTED_EDGE('',*,*,#336,.T.);
#336 = EDGE_CURVE('',#111,#221,#337,.T.);
#337 = SURFACE_CURVE('',#338,(#342,#349),.PCURVE_S1.);
#338 = LINE('',#339,#340);
#339 = CARTESIAN_POINT('',(24.,6.,6.));
#340 = VECTOR('',#341,1.);
#341 = DIRECTION('',(1.,0.,0.));
#342 = PCURVE('',#126,#343);
#343 = DEFINITIONAL_REPRESENTATION('',(#344),#348);
#344 = LINE('',#345,#346);
#345 = CARTESIAN_POINT('',(12.,0.));
#346 = VECTOR('',#347,1.);
#347 = DIRECTION('',(0.,1.));
#348 = ( GEOMETRIC_REPRESENTATION_CONTEXT(2) 
PARAMETRIC_REPRESENTATION_CONTEXT() REPRESENTATION_CONTEXT('2D SPACE',''
  ) );
#349 = PCURVE('',#152,#350);
#350 = DEFINITIONAL_REPRESENTATION('',(#351),#355);
#351 = LINE('',#352,#353);
#352 = CARTESIAN_POINT('',(0.,12.));
#353 = VECTOR('',#354,1.);
#354 = DIRECTION('',(1.,0.));
#355 = ( GEOMETRIC_REPRESENTATION_CONTEXT(2) 
PARAMETRIC_REPRESENTATION_CONTEXT() REPRESENTATION_CONTEXT('2D SPACE',''
  ) );
#356 = ORIENTED_EDGE('',*,*,#220,.F.);
#357 = ADVANCED_FACE('',(#358),#98,.F.);
#358 = FACE_BOUND('',#359,.F.);
#359 = EDGE_LOOP('',(#360,#361,#362,#363));
#360 = ORIENTED_EDGE('',*,*,#82,.F.);
#361 = ORIENTED_EDGE('',*,*,#267,.T.);
#362 = ORIENTED_EDGE('',*,*,#197,.T.);
#363 = ORIENTED_EDGE('',*,*,#314,.F.);
#364 = ADVANCED_FACE('',(#365),#152,.T.);
#365 = FACE_BOUND('',#366,.T.);
#366 = EDGE_LOOP('',(#367,#368,#369,#370));
#367 = ORIENTED_EDGE('',*,*,#138,.F.);
#368 = ORIENTED_EDGE('',*,*,#289,.T.);
#369 = ORIENTED_EDGE('',*,*,#243,.T.);
#370 = ORIENTED_EDGE('',*,*,#336,.F.);
#371 = ( GEOMETRIC_REPRESENTATION_CONTEXT(3) 
GLOBAL_UNCERTAINTY_ASSIGNED_CONTEXT((#375)) GLOBAL_UNIT_ASSIGNED_CONTEXT
((#372,#373,#374)) REPRESENTATION_CONTEXT('Context #1',
  '3D Context with UNIT and UNCERTAINTY') );
#372 = ( LENGTH_UNIT() NAMED_UNIT(*) SI_UNIT(.MILLI.,.METRE.) );
#373 = ( NAMED_UNIT(*) PLANE_ANGLE_UNIT() SI_UNIT($,.RADIAN.) );
#374 = ( NAMED_UNIT(*) SI_UNIT($,.STERADIAN.) SOLID_ANGLE_UNIT() );
#375 = UNCERTAINTY_MEASURE_WITH_UNIT(LENGTH_MEASURE(1.E-07),#372,
  'distance_accuracy_value','confusion accuracy');
#376 = CONTEXT_DEPENDENT_SHAPE_REPRESENTATION(#377,#379);
#377 = ( REPRESENTATION_RELATIONSHIP('','',#40,#10) 
REPRESENTATION_RELATIONSHIP_WITH_TRANSFORMATION(#378) 
SHAPE_REPRESENTATION_RELATIONSHIP() );
#378 = ITEM_DEFINED_TRANSFORMATION('','',#11,#15);
#379 = PRODUCT_DEFINITION_SHAPE('Placement','Placement of an item',#380
  );
#380 = NEXT_ASSEMBLY_USAGE_OCCURRENCE('1','','',#5,#35,$);
#381 = PRODUCT_RELATED_PRODUCT_CATEGORY('part',$,(#37));
#382 = SHAPE_DEFINITION_REPRESENTATION(#383,#389);
#383 = PRODUCT_DEFINITION_SHAPE('','',#384);
#384 = PRODUCT_DEFINITION('design','',#385,#388);
#385 = PRODUCT_DEFINITION_FORMATION('','',#386);
#386 = PRODUCT('Open CASCADE STEP translator 7.9 2.2',
  'Open CASCADE STEP translator 7.9 2.2','',(#387));
#387 = PRODUCT_CONTEXT('',#2,'mechanical');
#388 = PRODUCT_DEFINITION_CONTEXT('part definition',#2,'design');
#389 = ADVANCED_BREP_SHAPE_REPRESENTATION('',(#11,#390),#5737);
#390 = MANIFOLD_SOLID_BREP('',#391);
#391 = CLOSED_SHELL('',(#392,#512,#588,#664,#742,#1371,#1398,#1425,#1432
    ,#1610,#1797,#1944,#2101,#2279,#2466,#2613,#2770,#2948,#3135,#3282,
    #3439,#3617,#3804,#3951,#4108,#4286,#4473,#4620,#4777,#4955,#5142,
    #5289,#5446,#5548,#5621,#5687,#5730));
#392 = ADVANCED_FACE('',(#393),#407,.F.);
#393 = FACE_BOUND('',#394,.F.);
#394 = EDGE_LOOP('',(#395,#430,#458,#486));
#395 = ORIENTED_EDGE('',*,*,#396,.T.);
#396 = EDGE_CURVE('',#397,#399,#401,.T.);
#397 = VERTEX_POINT('',#398);
#398 = CARTESIAN_POINT('',(12.,0.,-10.));
#399 = VERTEX_POINT('',#400);
#400 = CARTESIAN_POINT('',(12.,0.,-6.));
#401 = SURFACE_CURVE('',#402,(#406,#418),.PCURVE_S1.);
#402 = LINE('',#403,#404);
#403 = CARTESIAN_POINT('',(12.,0.,-10.));
#404 = VECTOR('',#405,1.);
#405 = DIRECTION('',(0.,0.,1.));
#406 = PCURVE('',#407,#412);
#407 = PLANE('',#408);
#408 = AXIS2_PLACEMENT_3D('',#409,#410,#411);
#409 = CARTESIAN_POINT('',(12.,0.,-10.));
#410 = DIRECTION('',(-0.866025403784,-0.5,0.));
#411 = DIRECTION('',(-0.5,0.866025403784,0.));
#412 = DEFINITIONAL_REPRESENTATION('',(#413),#417);
#413 = LINE('',#414,#415);
#414 = CARTESIAN_POINT('',(0.,0.));
#415 = VECTOR('',#416,1.);
#416 = DIRECTION('',(0.,-1.));
#417 = ( GEOMETRIC_REPRESENTATION_CONTEXT(2) 
PARAMETRIC_REPRESENTATION_CONTEXT() REPRESENTATION_CONTEXT('2D SPACE',''
  ) );
#418 = PCURVE('',#419,#424);
#419 = PLANE('',#420);
#420 = AXIS2_PLACEMENT_3D('',#421,#422,#423);
#421 = CARTESIAN_POINT('',(6.,-10.39230484541,-10.));
#422 = DIRECTION('',(-0.866025403784,0.5,0.));
#423 = DIRECTION('',(0.5,0.866025403784,0.));
#424 = DEFINITIONAL_REPRESENTATION('',(#425),#429);
#425 = LINE('',#426,#427);
#426 = CARTESIAN_POINT('',(12.,0.));
#427 = VECTOR('',#428,1.);
#428 = DIRECTION('',(0.,-1.));
#429 = ( GEOMETRIC_REPRESENTATION_CONTEXT(2) 
PARAMETRIC_REPRESENTATION_CONTEXT() REPRESENTATION_CONTEXT('2D SPACE',''
  ) );
#430 = ORIENTED_EDGE('',*,*,#431,.T.);
#431 = EDGE_CURVE('',#399,#432,#434,.T.);
#432 = VERTEX_POINT('',#433);
#433 = CARTESIAN_POINT('',(6.,10.392304845413,-6.));
#434 = SURFACE_CURVE('',#435,(#439,#446),.PCURVE_S1.);
#435 = LINE('',#436,#437);
#436 = CARTESIAN_POINT('',(12.,0.,-6.));
#437 = VECTOR('',#438,1.);
#438 = DIRECTION('',(-0.5,0.866025403784,0.));
#439 = PCURVE('',#407,#440);
#440 = DEFINITIONAL_REPRESENTATION('',(#441),#445);
#441 = LINE('',#442,#443);
#442 = CARTESIAN_POINT('',(0.,-4.));
#443 = VECTOR('',#444,1.);
#444 = DIRECTION('',(1.,0.));
#445 = ( GEOMETRIC_REPRESENTATION_CONTEXT(2) 
PARAMETRIC_REPRESENTATION_CONTEXT() REPRESENTATION_CONTEXT('2D SPACE',''
  ) );
#446 = PCURVE('',#447,#452);
#447 = PLANE('',#448);
#448 = AXIS2_PLACEMENT_3D('',#449,#450,#451);
#449 = CARTESIAN_POINT('',(-1.973729821556E-16,1.973729821556E-16,-6.));
#450 = DIRECTION('',(0.,0.,1.));
#451 = DIRECTION('',(1.,0.,0.));
#452 = DEFINITIONAL_REPRESENTATION('',(#453),#457);
#453 = LINE('',#454,#455);
#454 = CARTESIAN_POINT('',(12.,-1.973729821556E-16));
#455 = VECTOR('',#456,1.);
#456 = DIRECTION('',(-0.5,0.866025403784));
#457 = ( GEOMETRIC_REPRESENTATION_CONTEXT(2) 
PARAMETRIC_REPRESENTATION_CONTEXT() REPRESENTATION_CONTEXT('2D SPACE',''
  ) );
#458 = ORIENTED_EDGE('',*,*,#459,.F.);
#459 = EDGE_CURVE('',#460,#432,#462,.T.);
#460 = VERTEX_POINT('',#461);
#461 = CARTESIAN_POINT('',(6.,10.392304845413,-10.));
#462 = SURFACE_CURVE('',#463,(#467,#474),.PCURVE_S1.);
#463 = LINE('',#464,#465);
#464 = CARTESIAN_POINT('',(6.,10.392304845413,-10.));
#465 = VECTOR('',#466,1.);
#466 = DIRECTION('',(0.,0.,1.));
#467 = PCURVE('',#407,#468);
#468 = DEFINITIONAL_REPRESENTATION('',(#469),#473);
#469 = LINE('',#470,#471);
#470 = CARTESIAN_POINT('',(12.,0.));
#471 = VECTOR('',#472,1.);
#472 = DIRECTION('',(0.,-1.));
#473 = ( GEOMETRIC_REPRESENTATION_CONTEXT(2) 
PARAMETRIC_REPRESENTATION_CONTEXT() REPRESENTATION_CONTEXT('2D SPACE',''
  ) );
#474 = PCURVE('',#475,#480);
#475 = PLANE('',#476);
#476 = AXIS2_PLACEMENT_3D('',#477,#478,#479);
#477 = CARTESIAN_POINT('',(6.,10.392304845413,-10.));
#478 = DIRECTION('',(0.,-1.,0.));
#479 = DIRECTION('',(-1.,0.,0.));
#480 = DEFINITIONAL_REPRESENTATION('',(#481),#485);
#481 = LINE('',#482,#483);
#482 = CARTESIAN_POINT('',(0.,-0.));
#483 = VECTOR('',#484,1.);
#484 = DIRECTION('',(0.,-1.));
#485 = ( GEOMETRIC_REPRESENTATION_CONTEXT(2) 
PARAMETRIC_REPRESENTATION_CONTEXT() REPRESENTATION_CONTEXT('2D SPACE',''
  ) );
#486 = ORIENTED_EDGE('',*,*,#487,.F.);
#487 = EDGE_CURVE('',#397,#460,#488,.T.);
#488 = SURFACE_CURVE('',#489,(#493,#500),.PCURVE_S1.);
#489 = LINE('',#490,#491);
#490 = CARTESIAN_POINT('',(12.,0.,-10.));
#491 = VECTOR('',#492,1.);
#492 = DIRECTION('',(-0.5,0.866025403784,0.));
#493 = PCURVE('',#407,#494);
#494 = DEFINITIONAL_REPRESENTATION('',(#495),#499);
#495 = LINE('',#496,#497);
#496 = CARTESIAN_POINT('',(0.,0.));
#497 = VECTOR('',#498,1.);
#498 = DIRECTION('',(1.,0.));
#499 = ( GEOMETRIC_REPRESENTATION_CONTEXT(2) 
PARAMETRIC_REPRESENTATION_CONTEXT() REPRESENTATION_CONTEXT('2D SPACE',''
  ) );
#500 = PCURVE('',#501,#506);
#501 = PLANE('',#502);
#502 = AXIS2_PLACEMENT_3D('',#503,#504,#505);
#503 = CARTESIAN_POINT('',(-1.973729821556E-16,1.973729821556E-16,-10.)
  );
#504 = DIRECTION('',(0.,0.,1.));
#505 = DIRECTION('',(1.,0.,0.));
#506 = DEFINITIONAL_REPRESENTATION('',(#507),#511);
#507 = LINE('',#508,#509);
#508 = CARTESIAN_POINT('',(12.,-1.973729821556E-16));
#509 = VECTOR('',#510,1.);
#510 = DIRECTION('',(-0.5,0.866025403784));
#511 = ( GEOMETRIC_REPRESENTATION_CONTEXT(2) 
PARAMETRIC_REPRESENTATION_CONTEXT() REPRESENTATION_CONTEXT('2D SPACE',''
  ) );
#512 = ADVANCED_FACE('',(#513),#419,.F.);
#513 = FACE_BOUND('',#514,.F.);
#514 = EDGE_LOOP('',(#515,#545,#566,#567));
#515 = ORIENTED_EDGE('',*,*,#516,.T.);
#516 = EDGE_CURVE('',#517,#519,#521,.T.);
#517 = VERTEX_POINT('',#518);
#518 = CARTESIAN_POINT('',(6.,-10.39230484541,-10.));
#519 = VERTEX_POINT('',#520);
#520 = CARTESIAN_POINT('',(6.,-10.39230484541,-6.));
#521 = SURFACE_CURVE('',#522,(#526,#533),.PCURVE_S1.);
#522 = LINE('',#523,#524);
#523 = CARTESIAN_POINT('',(6.,-10.39230484541,-10.));
#524 = VECTOR('',#525,1.);
#525 = DIRECTION('',(0.,0.,1.));
#526 = PCURVE('',#419,#527);
#527 = DEFINITIONAL_REPRESENTATION('',(#528),#532);
#528 = LINE('',#529,#530);
#529 = CARTESIAN_POINT('',(0.,0.));
#530 = VECTOR('',#531,1.);
#531 = DIRECTION('',(0.,-1.));
#532 = ( GEOMETRIC_REPRESENTATION_CONTEXT(2) 
PARAMETRIC_REPRESENTATION_CONTEXT() REPRESENTATION_CONTEXT('2D SPACE',''
  ) );
#533 = PCURVE('',#534,#539);
#534 = PLANE('',#535);
#535 = AXIS2_PLACEMENT_3D('',#536,#537,#538);
#536 = CARTESIAN_POINT('',(-6.,-10.39230484541,-10.));
#537 = DIRECTION('',(2.960594732334E-16,1.,0.));
#538 = DIRECTION('',(1.,-2.960594732334E-16,0.));
#539 = DEFINITIONAL_REPRESENTATION('',(#540),#544);
#540 = LINE('',#541,#542);
#541 = CARTESIAN_POINT('',(12.,0.));
#542 = VECTOR('',#543,1.);
#543 = DIRECTION('',(0.,-1.));
#544 = ( GEOMETRIC_REPRESENTATION_CONTEXT(2) 
PARAMETRIC_REPRESENTATION_CONTEXT() REPRESENTATION_CONTEXT('2D SPACE',''
  ) );
#545 = ORIENTED_EDGE('',*,*,#546,.T.);
#546 = EDGE_CURVE('',#519,#399,#547,.T.);
#547 = SURFACE_CURVE('',#548,(#552,#559),.PCURVE_S1.);
#548 = LINE('',#549,#550);
#549 = CARTESIAN_POINT('',(6.,-10.39230484541,-6.));
#550 = VECTOR('',#551,1.);
#551 = DIRECTION('',(0.5,0.866025403784,0.));
#552 = PCURVE('',#419,#553);
#553 = DEFINITIONAL_REPRESENTATION('',(#554),#558);
#554 = LINE('',#555,#556);
#555 = CARTESIAN_POINT('',(0.,-4.));
#556 = VECTOR('',#557,1.);
#557 = DIRECTION('',(1.,0.));
#558 = ( GEOMETRIC_REPRESENTATION_CONTEXT(2) 
PARAMETRIC_REPRESENTATION_CONTEXT() REPRESENTATION_CONTEXT('2D SPACE',''
  ) );
#559 = PCURVE('',#447,#560);
#560 = DEFINITIONAL_REPRESENTATION('',(#561),#565);
#561 = LINE('',#562,#563);
#562 = CARTESIAN_POINT('',(6.,-10.39230484541));
#563 = VECTOR('',#564,1.);
#564 = DIRECTION('',(0.5,0.866025403784));
#565 = ( GEOMETRIC_REPRESENTATION_CONTEXT(2) 
PARAMETRIC_REPRESENTATION_CONTEXT() REPRESENTATION_CONTEXT('2D SPACE',''
  ) );
#566 = ORIENTED_EDGE('',*,*,#396,.F.);
#567 = ORIENTED_EDGE('',*,*,#568,.F.);
#568 = EDGE_CURVE('',#517,#397,#569,.T.);
#569 = SURFACE_CURVE('',#570,(#574,#581),.PCURVE_S1.);
#570 = LINE('',#571,#572);
#571 = CARTESIAN_POINT('',(6.,-10.39230484541,-10.));
#572 = VECTOR('',#573,1.);
#573 = DIRECTION('',(0.5,0.866025403784,0.));
#574 = PCURVE('',#419,#575);
#575 = DEFINITIONAL_REPRESENTATION('',(#576),#580);
#576 = LINE('',#577,#578);
#577 = CARTESIAN_POINT('',(0.,0.));
#578 = VECTOR('',#579,1.);
#579 = DIRECTION('',(1.,0.));
#580 = ( GEOMETRIC_REPRESENTATION_CONTEXT(2) 
PARAMETRIC_REPRESENTATION_CONTEXT() REPRESENTATION_CONTEXT('2D SPACE',''
  ) );
#581 = PCURVE('',#501,#582);
#582 = DEFINITIONAL_REPRESENTATION('',(#583),#587);
#583 = LINE('',#584,#585);
#584 = CARTESIAN_POINT('',(6.,-10.39230484541));
#585 = VECTOR('',#586,1.);
#586 = DIRECTION('',(0.5,0.866025403784));
#587 = ( GEOMETRIC_REPRESENTATION_CONTEXT(2) 
PARAMETRIC_REPRESENTATION_CONTEXT() REPRESENTATION_CONTEXT('2D SPACE',''
  ) );
#588 = ADVANCED_FACE('',(#589),#475,.F.);
#589 = FACE_BOUND('',#590,.F.);
#590 = EDGE_LOOP('',(#591,#592,#615,#643));
#591 = ORIENTED_EDGE('',*,*,#459,.T.);
#592 = ORIENTED_EDGE('',*,*,#593,.T.);
#593 = EDGE_CURVE('',#432,#594,#596,.T.);
#594 = VERTEX_POINT('',#595);
#595 = CARTESIAN_POINT('',(-6.,10.392304845413,-6.));
#596 = SURFACE_CURVE('',#597,(#601,#608),.PCURVE_S1.);
#597 = LINE('',#598,#599);
#598 = CARTESIAN_POINT('',(6.,10.392304845413,-6.));
#599 = VECTOR('',#600,1.);
#600 = DIRECTION('',(-1.,0.,0.));
#601 = PCURVE('',#475,#602);
#602 = DEFINITIONAL_REPRESENTATION('',(#603),#607);
#603 = LINE('',#604,#605);
#604 = CARTESIAN_POINT('',(0.,-4.));
#605 = VECTOR('',#606,1.);
#606 = DIRECTION('',(1.,0.));
#607 = ( GEOMETRIC_REPRESENTATION_CONTEXT(2) 
PARAMETRIC_REPRESENTATION_CONTEXT() REPRESENTATION_CONTEXT('2D SPACE',''
  ) );
#608 = PCURVE('',#447,#609);
#609 = DEFINITIONAL_REPRESENTATION('',(#610),#614);
#610 = LINE('',#611,#612);
#611 = CARTESIAN_POINT('',(6.,10.392304845413));
#612 = VECTOR('',#613,1.);
#613 = DIRECTION('',(-1.,0.));
#614 = ( GEOMETRIC_REPRESENTATION_CONTEXT(2) 
PARAMETRIC_REPRESENTATION_CONTEXT() REPRESENTATION_CONTEXT('2D SPACE',''
  ) );
#615 = ORIENTED_EDGE('',*,*,#616,.F.);
#616 = EDGE_CURVE('',#617,#594,#619,.T.);
#617 = VERTEX_POINT('',#618);
#618 = CARTESIAN_POINT('',(-6.,10.392304845413,-10.));
#619 = SURFACE_CURVE('',#620,(#624,#631),.PCURVE_S1.);
#620 = LINE('',#621,#622);
#621 = CARTESIAN_POINT('',(-6.,10.392304845413,-10.));
#622 = VECTOR('',#623,1.);
#623 = DIRECTION('',(0.,0.,1.));
#624 = PCURVE('',#475,#625);
#625 = DEFINITIONAL_REPRESENTATION('',(#626),#630);
#626 = LINE('',#627,#628);
#627 = CARTESIAN_POINT('',(12.,0.));
#628 = VECTOR('',#629,1.);
#629 = DIRECTION('',(0.,-1.));
#630 = ( GEOMETRIC_REPRESENTATION_CONTEXT(2) 
PARAMETRIC_REPRESENTATION_CONTEXT() REPRESENTATION_CONTEXT('2D SPACE',''
  ) );
#631 = PCURVE('',#632,#637);
#632 = PLANE('',#633);
#633 = AXIS2_PLACEMENT_3D('',#634,#635,#636);
#634 = CARTESIAN_POINT('',(-6.,10.392304845413,-10.));
#635 = DIRECTION('',(0.866025403784,-0.5,0.));
#636 = DIRECTION('',(-0.5,-0.866025403784,0.));
#637 = DEFINITIONAL_REPRESENTATION('',(#638),#642);
#638 = LINE('',#639,#640);
#639 = CARTESIAN_POINT('',(0.,0.));
#640 = VECTOR('',#641,1.);
#641 = DIRECTION('',(0.,-1.));
#642 = ( GEOMETRIC_REPRESENTATION_CONTEXT(2) 
PARAMETRIC_REPRESENTATION_CONTEXT() REPRESENTATION_CONTEXT('2D SPACE',''
  ) );
#643 = ORIENTED_EDGE('',*,*,#644,.F.);
#644 = EDGE_CURVE('',#460,#617,#645,.T.);
#645 = SURFACE_CURVE('',#646,(#650,#657),.PCURVE_S1.);
#646 = LINE('',#647,#648);
#647 = CARTESIAN_POINT('',(6.,10.392304845413,-10.));
#648 = VECTOR('',#649,1.);
#649 = DIRECTION('',(-1.,0.,0.));
#650 = PCURVE('',#475,#651);
#651 = DEFINITIONAL_REPRESENTATION('',(#652),#656);
#652 = LINE('',#653,#654);
#653 = CARTESIAN_POINT('',(0.,-0.));
#654 = VECTOR('',#655,1.);
#655 = DIRECTION('',(1.,0.));
#656 = ( GEOMETRIC_REPRESENTATION_CONTEXT(2) 
PARAMETRIC_REPRESENTATION_CONTEXT() REPRESENTATION_CONTEXT('2D SPACE',''
  ) );
#657 = PCURVE('',#501,#658);
#658 = DEFINITIONAL_REPRESENTATION('',(#659),#663);
#659 = LINE('',#660,#661);
#660 = CARTESIAN_POINT('',(6.,10.392304845413));
#661 = VECTOR('',#662,1.);
#662 = DIRECTION('',(-1.,0.));
#663 = ( GEOMETRIC_REPRESENTATION_CONTEXT(2) 
PARAMETRIC_REPRESENTATION_CONTEXT() REPRESENTATION_CONTEXT('2D SPACE',''
  ) );
#664 = ADVANCED_FACE('',(#665),#501,.F.);
#665 = FACE_BOUND('',#666,.F.);
#666 = EDGE_LOOP('',(#667,#668,#669,#692,#720,#741));
#667 = ORIENTED_EDGE('',*,*,#487,.T.);
#668 = ORIENTED_EDGE('',*,*,#644,.T.);
#669 = ORIENTED_EDGE('',*,*,#670,.T.);
#670 = EDGE_CURVE('',#617,#671,#673,.T.);
#671 = VERTEX_POINT('',#672);
#672 = CARTESIAN_POINT('',(-12.,1.469576158977E-15,-10.));
#673 = SURFACE_CURVE('',#674,(#678,#685),.PCURVE_S1.);
#674 = LINE('',#675,#676);
#675 = CARTESIAN_POINT('',(-6.,10.392304845413,-10.));
#676 = VECTOR('',#677,1.);
#677 = DIRECTION('',(-0.5,-0.866025403784,0.));
#678 = PCURVE('',#501,#679);
#679 = DEFINITIONAL_REPRESENTATION('',(#680),#684);
#680 = LINE('',#681,#682);
#681 = CARTESIAN_POINT('',(-6.,10.392304845413));
#682 = VECTOR('',#683,1.);
#683 = DIRECTION('',(-0.5,-0.866025403784));
#684 = ( GEOMETRIC_REPRESENTATION_CONTEXT(2) 
PARAMETRIC_REPRESENTATION_CONTEXT() REPRESENTATION_CONTEXT('2D SPACE',''
  ) );
#685 = PCURVE('',#632,#686);
#686 = DEFINITIONAL_REPRESENTATION('',(#687),#691);
#687 = LINE('',#688,#689);
#688 = CARTESIAN_POINT('',(0.,0.));
#689 = VECTOR('',#690,1.);
#690 = DIRECTION('',(1.,-0.));
#691 = ( GEOMETRIC_REPRESENTATION_CONTEXT(2) 
PARAMETRIC_REPRESENTATION_CONTEXT() REPRESENTATION_CONTEXT('2D SPACE',''
  ) );
#692 = ORIENTED_EDGE('',*,*,#693,.T.);
#693 = EDGE_CURVE('',#671,#694,#696,.T.);
#694 = VERTEX_POINT('',#695);
#695 = CARTESIAN_POINT('',(-6.,-10.39230484541,-10.));
#696 = SURFACE_CURVE('',#697,(#701,#708),.PCURVE_S1.);
#697 = LINE('',#698,#699);
#698 = CARTESIAN_POINT('',(-12.,1.469576158977E-15,-10.));
#699 = VECTOR('',#700,1.);
#700 = DIRECTION('',(0.5,-0.866025403784,0.));
#701 = PCURVE('',#501,#702);
#702 = DEFINITIONAL_REPRESENTATION('',(#703),#707);
#703 = LINE('',#704,#705);
#704 = CARTESIAN_POINT('',(-12.,1.272203176821E-15));
#705 = VECTOR('',#706,1.);
#706 = DIRECTION('',(0.5,-0.866025403784));
#707 = ( GEOMETRIC_REPRESENTATION_CONTEXT(2) 
PARAMETRIC_REPRESENTATION_CONTEXT() REPRESENTATION_CONTEXT('2D SPACE',''
  ) );
#708 = PCURVE('',#709,#714);
#709 = PLANE('',#710);
#710 = AXIS2_PLACEMENT_3D('',#711,#712,#713);
#711 = CARTESIAN_POINT('',(-12.,1.469576158977E-15,-10.));
#712 = DIRECTION('',(0.866025403784,0.5,0.));
#713 = DIRECTION('',(0.5,-0.866025403784,0.));
#714 = DEFINITIONAL_REPRESENTATION('',(#715),#719);
#715 = LINE('',#716,#717);
#716 = CARTESIAN_POINT('',(0.,0.));
#717 = VECTOR('',#718,1.);
#718 = DIRECTION('',(1.,0.));
#719 = ( GEOMETRIC_REPRESENTATION_CONTEXT(2) 
PARAMETRIC_REPRESENTATION_CONTEXT() REPRESENTATION_CONTEXT('2D SPACE',''
  ) );
#720 = ORIENTED_EDGE('',*,*,#721,.T.);
#721 = EDGE_CURVE('',#694,#517,#722,.T.);
#722 = SURFACE_CURVE('',#723,(#727,#734),.PCURVE_S1.);
#723 = LINE('',#724,#725);
#724 = CARTESIAN_POINT('',(-6.,-10.39230484541,-10.));
#725 = VECTOR('',#726,1.);
#726 = DIRECTION('',(1.,-2.960594732334E-16,0.));
#727 = PCURVE('',#501,#728);
#728 = DEFINITIONAL_REPRESENTATION('',(#729),#733);
#729 = LINE('',#730,#731);
#730 = CARTESIAN_POINT('',(-6.,-10.39230484541));
#731 = VECTOR('',#732,1.);
#732 = DIRECTION('',(1.,-2.960594732334E-16));
#733 = ( GEOMETRIC_REPRESENTATION_CONTEXT(2) 
PARAMETRIC_REPRESENTATION_CONTEXT() REPRESENTATION_CONTEXT('2D SPACE',''
  ) );
#734 = PCURVE('',#534,#735);
#735 = DEFINITIONAL_REPRESENTATION('',(#736),#740);
#736 = LINE('',#737,#738);
#737 = CARTESIAN_POINT('',(0.,0.));
#738 = VECTOR('',#739,1.);
#739 = DIRECTION('',(1.,0.));
#740 = ( GEOMETRIC_REPRESENTATION_CONTEXT(2) 
PARAMETRIC_REPRESENTATION_CONTEXT() REPRESENTATION_CONTEXT('2D SPACE',''
  ) );
#741 = ORIENTED_EDGE('',*,*,#568,.T.);
#742 = ADVANCED_FACE('',(#743,#815),#447,.T.);
#743 = FACE_BOUND('',#744,.T.);
#744 = EDGE_LOOP('',(#745,#746,#747,#770,#793,#814));
#745 = ORIENTED_EDGE('',*,*,#431,.T.);
#746 = ORIENTED_EDGE('',*,*,#593,.T.);
#747 = ORIENTED_EDGE('',*,*,#748,.T.);
#748 = EDGE_CURVE('',#594,#749,#751,.T.);
#749 = VERTEX_POINT('',#750);
#750 = CARTESIAN_POINT('',(-12.,1.469576158977E-15,-6.));
#751 = SURFACE_CURVE('',#752,(#756,#763),.PCURVE_S1.);
#752 = LINE('',#753,#754);
#753 = CARTESIAN_POINT('',(-6.,10.392304845413,-6.));
#754 = VECTOR('',#755,1.);
#755 = DIRECTION('',(-0.5,-0.866025403784,0.));
#756 = PCURVE('',#447,#757);
#757 = DEFINITIONAL_REPRESENTATION('',(#758),#762);
#758 = LINE('',#759,#760);
#759 = CARTESIAN_POINT('',(-6.,10.392304845413));
#760 = VECTOR('',#761,1.);
#761 = DIRECTION('',(-0.5,-0.866025403784));
#762 = ( GEOMETRIC_REPRESENTATION_CONTEXT(2) 
PARAMETRIC_REPRESENTATION_CONTEXT() REPRESENTATION_CONTEXT('2D SPACE',''
  ) );
#763 = PCURVE('',#632,#764);
#764 = DEFINITIONAL_REPRESENTATION('',(#765),#769);
#765 = LINE('',#766,#767);
#766 = CARTESIAN_POINT('',(0.,-4.));
#767 = VECTOR('',#768,1.);
#768 = DIRECTION('',(1.,-0.));
#769 = ( GEOMETRIC_REPRESENTATION_CONTEXT(2) 
PARAMETRIC_REPRESENTATION_CONTEXT() REPRESENTATION_CONTEXT('2D SPACE',''
  ) );
#770 = ORIENTED_EDGE('',*,*,#771,.T.);
#771 = EDGE_CURVE('',#749,#772,#774,.T.);
#772 = VERTEX_POINT('',#773);
#773 = CARTESIAN_POINT('',(-6.,-10.39230484541,-6.));
#774 = SURFACE_CURVE('',#775,(#779,#786),.PCURVE_S1.);
#775 = LINE('',#776,#777);
#776 = CARTESIAN_POINT('',(-12.,1.469576158977E-15,-6.));
#777 = VECTOR('',#778,1.);
#778 = DIRECTION('',(0.5,-0.866025403784,0.));
#779 = PCURVE('',#447,#780);
#780 = DEFINITIONAL_REPRESENTATION('',(#781),#785);
#781 = LINE('',#782,#783);
#782 = CARTESIAN_POINT('',(-12.,1.272203176821E-15));
#783 = VECTOR('',#784,1.);
#784 = DIRECTION('',(0.5,-0.866025403784));
#785 = ( GEOMETRIC_REPRESENTATION_CONTEXT(2) 
PARAMETRIC_REPRESENTATION_CONTEXT() REPRESENTATION_CONTEXT('2D SPACE',''
  ) );
#786 = PCURVE('',#709,#787);
#787 = DEFINITIONAL_REPRESENTATION('',(#788),#792);
#788 = LINE('',#789,#790);
#789 = CARTESIAN_POINT('',(0.,-4.));
#790 = VECTOR('',#791,1.);
#791 = DIRECTION('',(1.,0.));
#792 = ( GEOMETRIC_REPRESENTATION_CONTEXT(2) 
PARAMETRIC_REPRESENTATION_CONTEXT() REPRESENTATION_CONTEXT('2D SPACE',''
  ) );
#793 = ORIENTED_EDGE('',*,*,#794,.T.);
#794 = EDGE_CURVE('',#772,#519,#795,.T.);
#795 = SURFACE_CURVE('',#796,(#800,#807),.PCURVE_S1.);
#796 = LINE('',#797,#798);
#797 = CARTESIAN_POINT('',(-6.,-10.39230484541,-6.));
#798 = VECTOR('',#799,1.);
#799 = DIRECTION('',(1.,-2.960594732334E-16,0.));
#800 = PCURVE('',#447,#801);
#801 = DEFINITIONAL_REPRESENTATION('',(#802),#806);
#802 = LINE('',#803,#804);
#803 = CARTESIAN_POINT('',(-6.,-10.39230484541));
#804 = VECTOR('',#805,1.);
#805 = DIRECTION('',(1.,-2.960594732334E-16));
#806 = ( GEOMETRIC_REPRESENTATION_CONTEXT(2) 
PARAMETRIC_REPRESENTATION_CONTEXT() REPRESENTATION_CONTEXT('2D SPACE',''
  ) );
#807 = PCURVE('',#534,#808);
#808 = DEFINITIONAL_REPRESENTATION('',(#809),#813);
#809 = LINE('',#810,#811);
#810 = CARTESIAN_POINT('',(0.,-4.));
#811 = VECTOR('',#812,1.);
#812 = DIRECTION('',(1.,0.));
#813 = ( GEOMETRIC_REPRESENTATION_CONTEXT(2) 
PARAMETRIC_REPRESENTATION_CONTEXT() REPRESENTATION_CONTEXT('2D SPACE',''
  ) );
#814 = ORIENTED_EDGE('',*,*,#546,.T.);
#815 = FACE_BOUND('',#816,.T.);
#816 = EDGE_LOOP('',(#817,#935,#1096,#1212));
#817 = ORIENTED_EDGE('',*,*,#818,.F.);
#818 = EDGE_CURVE('',#819,#821,#823,.T.);
#819 = VERTEX_POINT('',#820);
#820 = CARTESIAN_POINT('',(5.543277195068,-2.296100594191,-6.));
#821 = VERTEX_POINT('',#822);
#822 = CARTESIAN_POINT('',(5.543277195068,2.29610059419,-6.));
#823 = SURFACE_CURVE('',#824,(#832,#843),.PCURVE_S1.);
#824 = ( BOUNDED_CURVE() B_SPLINE_CURVE(6,(#825,#826,#827,#828,#829,#830
,#831),.UNSPECIFIED.,.F.,.F.) B_SPLINE_CURVE_WITH_KNOTS((7,7),(
5.890486225481,6.675884388878),.PIECEWISE_BEZIER_KNOTS.) CURVE() 
GEOMETRIC_REPRESENTATION_ITEM() RATIONAL_B_SPLINE_CURVE((1.007744716361,
    1.002554895352,0.999483957836,0.998466654399,0.999483957836,
1.002554895352,1.007744716361)) REPRESENTATION_ITEM('') );
#825 = CARTESIAN_POINT('',(5.543277195068,-2.296100594191,-6.));
#826 = CARTESIAN_POINT('',(5.845391909743,-1.56673115263,-6.));
#827 = CARTESIAN_POINT('',(6.030696573177,-0.794320187759,-6.));
#828 = CARTESIAN_POINT('',(6.093149589838,-2.512973247474E-13,-6.));
#829 = CARTESIAN_POINT('',(6.030696573177,0.794320187759,-6.));
#830 = CARTESIAN_POINT('',(5.845391909743,1.56673115263,-6.));
#831 = CARTESIAN_POINT('',(5.543277195068,2.29610059419,-6.));
#832 = PCURVE('',#447,#833);
#833 = DEFINITIONAL_REPRESENTATION('',(#834),#842);
#834 = ( BOUNDED_CURVE() B_SPLINE_CURVE(6,(#835,#836,#837,#838,#839,#840
,#841),.UNSPECIFIED.,.F.,.F.) B_SPLINE_CURVE_WITH_KNOTS((7,7),(
5.890486225481,6.675884388878),.PIECEWISE_BEZIER_KNOTS.) CURVE() 
GEOMETRIC_REPRESENTATION_ITEM() RATIONAL_B_SPLINE_CURVE((1.007744716361,
    1.002554895352,0.999483957836,0.998466654399,0.999483957836,
1.002554895352,1.007744716361)) REPRESENTATION_ITEM('') );
#835 = CARTESIAN_POINT('',(5.543277195068,-2.296100594191));
#836 = CARTESIAN_POINT('',(5.845391909743,-1.56673115263));
#837 = CARTESIAN_POINT('',(6.030696573177,-0.794320187759));
#838 = CARTESIAN_POINT('',(6.093149589838,-2.514946977295E-13));
#839 = CARTESIAN_POINT('',(6.030696573177,0.794320187759));
#840 = CARTESIAN_POINT('',(5.845391909743,1.56673115263));
#841 = CARTESIAN_POINT('',(5.543277195068,2.29610059419));
#842 = ( GEOMETRIC_REPRESENTATION_CONTEXT(2) 
PARAMETRIC_REPRESENTATION_CONTEXT() REPRESENTATION_CONTEXT('2D SPACE',''
  ) );
#843 = PCURVE('',#844,#929);
#844 = ( BOUNDED_SURFACE() B_SPLINE_SURFACE(6,11,(
    (#845,#846,#847,#848,#849,#850,#851,#852,#853,#854,#855,#856)
    ,(#857,#858,#859,#860,#861,#862,#863,#864,#865,#866,#867,#868)
    ,(#869,#870,#871,#872,#873,#874,#875,#876,#877,#878,#879,#880)
    ,(#881,#882,#883,#884,#885,#886,#887,#888,#889,#890,#891,#892)
    ,(#893,#894,#895,#896,#897,#898,#899,#900,#901,#902,#903,#904)
    ,(#905,#906,#907,#908,#909,#910,#911,#912,#913,#914,#915,#916)
    ,(#917,#918,#919,#920,#921,#922,#923,#924,#925,#926,#927,#928
)),.UNSPECIFIED.,.F.,.F.,.F.) B_SPLINE_SURFACE_WITH_KNOTS((7,7),(12,12),
  (5.890486225481,6.675884388878),(0.,2.),.PIECEWISE_BEZIER_KNOTS.) 
GEOMETRIC_REPRESENTATION_ITEM() RATIONAL_B_SPLINE_SURFACE((
    (1.007744716361,1.007744716361,1.007744716361,1.007744716361
      ,1.007744716361,1.007744716361,1.007744716361,1.007744716361
      ,1.007744716361,1.007744716361,1.007744716361,1.007744716361)
    ,(1.002554895352,1.002554895352,1.002554895352,1.002554895352
      ,1.002554895352,1.002554895353,1.002554895352,1.002554895353
      ,1.002554895352,1.002554895352,1.002554895352,1.002554895352)
    ,(0.999483957836,0.999483957836,0.999483957836,0.999483957835
      ,0.999483957836,0.999483957835,0.999483957836,0.999483957835
      ,0.999483957836,0.999483957836,0.999483957836,0.999483957836)
    ,(0.998466654399,0.998466654399,0.998466654399,0.998466654399
      ,0.998466654399,0.998466654399,0.998466654399,0.998466654399
      ,0.998466654399,0.998466654399,0.998466654399,0.998466654399)
    ,(0.999483957836,0.999483957836,0.999483957836,0.999483957835
      ,0.999483957836,0.999483957835,0.999483957836,0.999483957835
      ,0.999483957836,0.999483957836,0.999483957836,0.999483957836)
    ,(1.002554895352,1.002554895352,1.002554895352,1.002554895352
      ,1.002554895353,1.002554895352,1.002554895353,1.002554895352
      ,1.002554895353,1.002554895352,1.002554895352,1.002554895352)
    ,(1.007744716361,1.007744716361,1.007744716361,1.007744716361
      ,1.007744716361,1.007744716361,1.007744716361,1.007744716361
      ,1.007744716361,1.007744716361,1.007744716361,1.007744716361
))) REPRESENTATION_ITEM('') SURFACE() );
#845 = CARTESIAN_POINT('',(5.543277195068,-2.296100594191,-6.));
#846 = CARTESIAN_POINT('',(6.854806787542,0.870211935415,-5.818181818182
    ));
#847 = CARTESIAN_POINT('',(6.177279757141,4.860327336466,-5.636363636364
    ));
#848 = CARTESIAN_POINT('',(2.931617908043,8.287919815117,-5.454545454545
    ));
#849 = CARTESIAN_POINT('',(-2.349001160816,9.299162562427,
    -5.272727272729));
#850 = CARTESIAN_POINT('',(-7.706083905783,6.625791874,-5.090909090907)
  );
#851 = CARTESIAN_POINT('',(-10.13416655099,0.763881821322,
    -4.909090909093));
#852 = CARTESIAN_POINT('',(-8.236495557076,-4.914506257398,
    -4.727272727271));
#853 = CARTESIAN_POINT('',(-3.787477400579,-7.933411205843,
    -4.545454545455));
#854 = CARTESIAN_POINT('',(0.931225987163,-7.804766823953,
    -4.363636363636));
#855 = CARTESIAN_POINT('',(4.231747602592,-5.462413123799,
    -4.181818181818));
#856 = CARTESIAN_POINT('',(5.543277195068,-2.296100594191,-4.));
#857 = CARTESIAN_POINT('',(5.845391909743,-1.56673115263,-6.));
#858 = CARTESIAN_POINT('',(6.740306651425,1.77214889846,-5.818181818182)
  );
#859 = CARTESIAN_POINT('',(5.537771013406,5.673117122775,-5.636363636364
    ));
#860 = CARTESIAN_POINT('',(1.841115803506,8.673654181486,-5.454545454543
    ));
#861 = CARTESIAN_POINT('',(-3.572559854792,8.990087334077,
    -5.272727272731));
#862 = CARTESIAN_POINT('',(-8.577887705044,5.611846166938,
    -5.090909090904));
#863 = CARTESIAN_POINT('',(-10.23467605789,-0.569544442218,
    -4.909090909096));
#864 = CARTESIAN_POINT('',(-7.589858097252,-5.99824209695,
    -4.727272727269));
#865 = CARTESIAN_POINT('',(-2.743620581364,-8.431757252663,
    -4.545454545457));
#866 = CARTESIAN_POINT('',(1.958156126064,-7.682238623699,
    -4.363636363635));
#867 = CARTESIAN_POINT('',(4.95047716806,-4.905611203722,-4.181818181818
    ));
#868 = CARTESIAN_POINT('',(5.845391909743,-1.56673115263,-4.));
#869 = CARTESIAN_POINT('',(6.030696573177,-0.794320187759,-6.));
#870 = CARTESIAN_POINT('',(6.484411203442,2.650405639571,-5.818181818182
    ));
#871 = CARTESIAN_POINT('',(4.774195781797,6.380062537526,-5.636363636363
    ));
#872 = CARTESIAN_POINT('',(0.696654841688,8.885154792623,-5.454545454547
    ));
#873 = CARTESIAN_POINT('',(-4.739769710866,8.490157922131,
    -5.272727272725));
#874 = CARTESIAN_POINT('',(-9.284481018949,4.46687674247,-5.090909090911
    ));
#875 = CARTESIAN_POINT('',(-10.12445948831,-1.910470018834,
    -4.909090909089));
#876 = CARTESIAN_POINT('',(-6.776507851223,-6.973316269677,
    -4.727272727274));
#877 = CARTESIAN_POINT('',(-1.627769907216,-8.762514980688,
    -4.545454545454));
#878 = CARTESIAN_POINT('',(2.959359608633,-7.39867110043,-4.363636363637
    ));
#879 = CARTESIAN_POINT('',(5.57698194291,-4.239046015091,-4.181818181818
    ));
#880 = CARTESIAN_POINT('',(6.030696573177,-0.794320187759,-4.));
#881 = CARTESIAN_POINT('',(6.093149589838,-1.083418436728E-14,-6.));
#882 = CARTESIAN_POINT('',(6.093149589838,3.480398907028,-5.818181818182
    ));
#883 = CARTESIAN_POINT('',(3.906821482678,6.960712099833,-5.636363636363
    ));
#884 = CARTESIAN_POINT('',(-0.470378778869,8.915213237473,
    -5.454545454547));
#885 = CARTESIAN_POINT('',(-5.817769228843,7.811805840846,
    -5.272727272725));
#886 = CARTESIAN_POINT('',(-9.804968336257,3.221694818443,
    -5.090909090912));
#887 = CARTESIAN_POINT('',(-9.804968336234,-3.221694818452,
    -4.909090909089));
#888 = CARTESIAN_POINT('',(-5.817769228858,-7.811805840827,
    -4.727272727274));
#889 = CARTESIAN_POINT('',(-0.470378778863,-8.915213237491,
    -4.545454545454));
#890 = CARTESIAN_POINT('',(3.906821482677,-6.960712099824,
    -4.363636363637));
#891 = CARTESIAN_POINT('',(6.093149589838,-3.480398907031,
    -4.181818181818));
#892 = CARTESIAN_POINT('',(6.093149589838,-2.527897159757E-13,-4.));
#893 = CARTESIAN_POINT('',(6.030696573177,0.794320187759,-6.));
#894 = CARTESIAN_POINT('',(5.576981942911,4.239046015089,-5.818181818182
    ));
#895 = CARTESIAN_POINT('',(2.959359608631,7.39867110044,-5.636363636364)
  );
#896 = CARTESIAN_POINT('',(-1.627769907216,8.76251498067,-5.454545454545
    ));
#897 = CARTESIAN_POINT('',(-6.776507851216,6.973316269696,
    -5.272727272729));
#898 = CARTESIAN_POINT('',(-10.12445948832,1.910470018823,
    -5.090909090907));
#899 = CARTESIAN_POINT('',(-9.28448101893,-4.466876742474,
    -4.909090909093));
#900 = CARTESIAN_POINT('',(-4.739769710879,-8.490157922116,
    -4.727272727271));
#901 = CARTESIAN_POINT('',(0.696654841693,-8.885154792639,
    -4.545454545456));
#902 = CARTESIAN_POINT('',(4.774195781797,-6.380062537517,
    -4.363636363636));
#903 = CARTESIAN_POINT('',(6.484411203442,-2.650405639574,
    -4.181818181818));
#904 = CARTESIAN_POINT('',(6.030696573177,0.794320187759,-4.));
#905 = CARTESIAN_POINT('',(5.845391909743,1.56673115263,-6.));
#906 = CARTESIAN_POINT('',(4.950477168061,4.90561120372,-5.818181818182)
  );
#907 = CARTESIAN_POINT('',(1.958156126061,7.682238623708,-5.636363636364
    ));
#908 = CARTESIAN_POINT('',(-2.743620581361,8.431757252644,
    -5.454545454545));
#909 = CARTESIAN_POINT('',(-7.589858097251,5.998242096974,
    -5.272727272728));
#910 = CARTESIAN_POINT('',(-10.2346760579,0.569544442205,-5.090909090908
    ));
#911 = CARTESIAN_POINT('',(-8.577887705031,-5.611846166944,
    -4.909090909092));
#912 = CARTESIAN_POINT('',(-3.572559854805,-8.990087334058,
    -4.727272727272));
#913 = CARTESIAN_POINT('',(1.841115803514,-8.673654181504,
    -4.545454545455));
#914 = CARTESIAN_POINT('',(5.537771013402,-5.673117122766,
    -4.363636363636));
#915 = CARTESIAN_POINT('',(6.740306651425,-1.772148898462,
    -4.181818181818));
#916 = CARTESIAN_POINT('',(5.845391909743,1.56673115263,-4.));
#917 = CARTESIAN_POINT('',(5.543277195068,2.296100594191,-6.));
#918 = CARTESIAN_POINT('',(4.231747602593,5.462413123796,-5.818181818182
    ));
#919 = CARTESIAN_POINT('',(0.93122598716,7.804766823962,-5.636363636364)
  );
#920 = CARTESIAN_POINT('',(-3.787477400575,7.933411205825,
    -5.454545454545));
#921 = CARTESIAN_POINT('',(-8.236495557075,4.914506257419,
    -5.272727272729));
#922 = CARTESIAN_POINT('',(-10.13416655101,-0.763881821334,
    -5.090909090907));
#923 = CARTESIAN_POINT('',(-7.706083905766,-6.625791874005,
    -4.909090909093));
#924 = CARTESIAN_POINT('',(-2.349001160833,-9.29916256241,
    -4.727272727271));
#925 = CARTESIAN_POINT('',(2.931617908054,-8.287919815134,
    -4.545454545455));
#926 = CARTESIAN_POINT('',(6.177279757137,-4.860327336457,
    -4.363636363636));
#927 = CARTESIAN_POINT('',(6.854806787543,-0.870211935418,
    -4.181818181818));
#928 = CARTESIAN_POINT('',(5.543277195068,2.29610059419,-4.));
#929 = DEFINITIONAL_REPRESENTATION('',(#930),#934);
#930 = LINE('',#931,#932);
#931 = CARTESIAN_POINT('',(0.,0.));
#932 = VECTOR('',#933,1.);
#933 = DIRECTION('',(1.,0.));
#934 = ( GEOMETRIC_REPRESENTATION_CONTEXT(2) 
PARAMETRIC_REPRESENTATION_CONTEXT() REPRESENTATION_CONTEXT('2D SPACE',''
  ) );
#935 = ORIENTED_EDGE('',*,*,#936,.F.);
#936 = EDGE_CURVE('',#937,#819,#939,.T.);
#937 = VERTEX_POINT('',#938);
#938 = CARTESIAN_POINT('',(-4.133652434855,-2.386565346,-6.));
#939 = SURFACE_CURVE('',#940,(#952,#967),.PCURVE_S1.);
#940 = B_SPLINE_CURVE_WITH_KNOTS('',6,(#941,#942,#943,#944,#945,#946,
    #947,#948,#949,#950,#951),.UNSPECIFIED.,.F.,.F.,(7,4,7),(0.,
    0.471825918402,1.),.UNSPECIFIED.);
#941 = CARTESIAN_POINT('',(-4.133652434855,-2.386565346,-6.));
#942 = CARTESIAN_POINT('',(-3.757161806254,-3.256105283988,-6.));
#943 = CARTESIAN_POINT('',(-3.172205956681,-4.035424063087,-6.));
#944 = CARTESIAN_POINT('',(-2.412956286605,-4.664964386211,-6.));
#945 = CARTESIAN_POINT('',(-1.534187473954,-5.1048738524,-6.));
#946 = CARTESIAN_POINT('',(0.457155104386,-5.604069327516,-6.));
#947 = CARTESIAN_POINT('',(2.481519742579,-5.200791101031,-6.));
#948 = CARTESIAN_POINT('',(3.484882478027,-4.740884712195,-6.));
#949 = CARTESIAN_POINT('',(4.355529417517,-4.06829304611,-6.));
#950 = CARTESIAN_POINT('',(5.049395722064,-3.234825384571,-6.));
#951 = CARTESIAN_POINT('',(5.543277195068,-2.296100594191,-6.));
#952 = PCURVE('',#447,#953);
#953 = DEFINITIONAL_REPRESENTATION('',(#954),#966);
#954 = B_SPLINE_CURVE_WITH_KNOTS('',6,(#955,#956,#957,#958,#959,#960,
    #961,#962,#963,#964,#965),.UNSPECIFIED.,.F.,.F.,(7,4,7),(0.,
    0.471825918402,1.),.UNSPECIFIED.);
#955 = CARTESIAN_POINT('',(-4.133652434855,-2.386565346));
#956 = CARTESIAN_POINT('',(-3.757161806254,-3.256105283988));
#957 = CARTESIAN_POINT('',(-3.172205956681,-4.035424063087));
#958 = CARTESIAN_POINT('',(-2.412956286605,-4.664964386211));
#959 = CARTESIAN_POINT('',(-1.534187473954,-5.1048738524));
#960 = CARTESIAN_POINT('',(0.457155104386,-5.604069327516));
#961 = CARTESIAN_POINT('',(2.481519742579,-5.200791101031));
#962 = CARTESIAN_POINT('',(3.484882478027,-4.740884712195));
#963 = CARTESIAN_POINT('',(4.355529417517,-4.06829304611));
#964 = CARTESIAN_POINT('',(5.049395722064,-3.234825384571));
#965 = CARTESIAN_POINT('',(5.543277195068,-2.296100594191));
#966 = ( GEOMETRIC_REPRESENTATION_CONTEXT(2) 
PARAMETRIC_REPRESENTATION_CONTEXT() REPRESENTATION_CONTEXT('2D SPACE',''
  ) );
#967 = PCURVE('',#968,#1090);
#968 = B_SPLINE_SURFACE_WITH_KNOTS('',6,10,(
    (#969,#970,#971,#972,#973,#974,#975,#976,#977,#978,#979)
    ,(#980,#981,#982,#983,#984,#985,#986,#987,#988,#989,#990)
    ,(#991,#992,#993,#994,#995,#996,#997,#998,#999,#1000,#1001)
    ,(#1002,#1003,#1004,#1005,#1006,#1007,#1008,#1009,#1010,#1011,#1012)
    ,(#1013,#1014,#1015,#1016,#1017,#1018,#1019,#1020,#1021,#1022,#1023)
    ,(#1024,#1025,#1026,#1027,#1028,#1029,#1030,#1031,#1032,#1033,#1034)
    ,(#1035,#1036,#1037,#1038,#1039,#1040,#1041,#1042,#1043,#1044,#1045)
    ,(#1046,#1047,#1048,#1049,#1050,#1051,#1052,#1053,#1054,#1055,#1056)
    ,(#1057,#1058,#1059,#1060,#1061,#1062,#1063,#1064,#1065,#1066,#1067)
    ,(#1068,#1069,#1070,#1071,#1072,#1073,#1074,#1075,#1076,#1077,#1078)
    ,(#1079,#1080,#1081,#1082,#1083,#1084,#1085,#1086,#1087,#1088,#1089
    )),.UNSPECIFIED.,.F.,.F.,.F.,(7,4,7),(11,11),(0.,0.471825918402,1.),
  (0.,2.),.UNSPECIFIED.);
#969 = CARTESIAN_POINT('',(-4.133652434855,-2.386565346,-6.));
#970 = CARTESIAN_POINT('',(-2.634129203194,-4.983815770366,-5.8));
#971 = CARTESIAN_POINT('',(0.679431022755,-6.536513566998,-5.6));
#972 = CARTESIAN_POINT('',(4.978173242419,-5.599250792393,-5.4));
#973 = CARTESIAN_POINT('',(8.186193364632,-1.58316021094,-5.2));
#974 = CARTESIAN_POINT('',(7.649845114203,4.416640135972,-5.));
#975 = CARTESIAN_POINT('',(2.722039721403,7.881031519497,-4.8));
#976 = CARTESIAN_POINT('',(-2.360006807176,7.110849888593,-4.6));
#977 = CARTESIAN_POINT('',(-5.321071289819,3.856661309315,-4.4));
#978 = CARTESIAN_POINT('',(-5.633175666517,0.210685078368,-4.2));
#979 = CARTESIAN_POINT('',(-4.133652434855,-2.386565346,-4.));
#980 = CARTESIAN_POINT('',(-3.757161806253,-3.256105283989,-6.));
#981 = CARTESIAN_POINT('',(-1.711290518355,-5.616799669763,-5.8));
#982 = CARTESIAN_POINT('',(1.983944993066,-6.551410640419,-5.6));
#983 = CARTESIAN_POINT('',(6.19576775352,-4.74506261547,-5.4));
#984 = CARTESIAN_POINT('',(8.684861942108,-4.855791226012E-03,-5.2));
#985 = CARTESIAN_POINT('',(6.953101727775,6.025833446504,-5.));
#986 = CARTESIAN_POINT('',(1.22985570058,8.597342931826,-4.8));
#987 = CARTESIAN_POINT('',(-3.816062374824,6.807409583105,-4.6));
#988 = CARTESIAN_POINT('',(-6.202827399027,2.895159990855,-4.4));
#989 = CARTESIAN_POINT('',(-5.803033094153,-0.895410898212,-4.2));
#990 = CARTESIAN_POINT('',(-3.757161806254,-3.256105283988,-4.));
#991 = CARTESIAN_POINT('',(-3.172205956681,-4.035424063087,-6.));
#992 = CARTESIAN_POINT('',(-0.636674238539,-6.028579848923,-5.8));
#993 = CARTESIAN_POINT('',(3.292080008266,-6.253583107458,-5.6));
#994 = CARTESIAN_POINT('',(7.208638151481,-3.598953434654,-5.4));
#995 = CARTESIAN_POINT('',(8.805189861312,1.693052466198,-5.2));
#996 = CARTESIAN_POINT('',(5.870567160966,7.468061124966,-5.));
#997 = CARTESIAN_POINT('',(-0.434103390495,8.955967250546,-4.8));
#998 = CARTESIAN_POINT('',(-5.199431211058,6.154904134568,-4.6));
#999 = CARTESIAN_POINT('',(-6.854120875509,1.722242574806,-4.4));
#1000 = CARTESIAN_POINT('',(-5.707737674825,-2.042268277249,-4.2));
#1001 = CARTESIAN_POINT('',(-3.172205956681,-4.035424063087,-4.));
#1002 = CARTESIAN_POINT('',(-2.412956286604,-4.664964386211,-6.));
#1003 = CARTESIAN_POINT('',(0.51812728239,-6.181069534896,-5.8));
#1004 = CARTESIAN_POINT('',(4.509778722655,-5.652551095133,-5.6));
#1005 = CARTESIAN_POINT('',(7.936043150115,-2.232319293254,-5.4));
#1006 = CARTESIAN_POINT('',(8.524084702109,3.392863620142,-5.2));
#1007 = CARTESIAN_POINT('',(4.465479899604,8.633104882497,-5.));
#1008 = CARTESIAN_POINT('',(-2.156570738218,8.917440563531,-4.8));
#1009 = CARTESIAN_POINT('',(-6.407728600504,5.187007276866,-4.6));
#1010 = CARTESIAN_POINT('',(-7.219265124584,0.414305528834,-4.4));
#1011 = CARTESIAN_POINT('',(-5.344039855601,-3.148859237524,-4.2));
#1012 = CARTESIAN_POINT('',(-2.412956286605,-4.664964386211,-4.));
#1013 = CARTESIAN_POINT('',(-1.534187473954,-5.1048738524,-6.));
#1014 = CARTESIAN_POINT('',(1.673299364486,-6.06883227188,-5.8));
#1015 = CARTESIAN_POINT('',(5.556188024651,-4.794799195891,-5.6));
#1016 = CARTESIAN_POINT('',(8.334060478373,-0.74199125078,-5.4));
#1017 = CARTESIAN_POINT('',(7.868196526882,4.979290119505,-5.2));
#1018 = CARTESIAN_POINT('',(2.839207392677,9.447212825445,-5.));
#1019 = CARTESIAN_POINT('',(-3.819652333226,8.491884521855,-4.8));
#1020 = CARTESIAN_POINT('',(-7.362339170672,3.975308416951,-4.6));
#1021 = CARTESIAN_POINT('',(-7.278913016293,-0.937416660436,-4.4));
#1022 = CARTESIAN_POINT('',(-4.741674312395,-4.140915432919,-4.2));
#1023 = CARTESIAN_POINT('',(-1.534187473954,-5.1048738524,-4.));
#1024 = CARTESIAN_POINT('',(0.457155104386,-5.604069327516,-6.));
#1025 = CARTESIAN_POINT('',(3.978295710291,-5.316830304018,-5.8));
#1026 = CARTESIAN_POINT('',(7.301777669031,-2.571670119781,-5.6));
#1027 = CARTESIAN_POINT('',(8.470883598645,2.477575696131,-5.4));
#1028 = CARTESIAN_POINT('',(5.81220033719,7.917586086976,-5.2));
#1029 = CARTESIAN_POINT('',(-0.846023171267,10.371037004302,-5.));
#1030 = CARTESIAN_POINT('',(-7.018580049437,6.870907967168,-4.8));
#1031 = CARTESIAN_POINT('',(-8.760435797093,1.071921133939,-4.6));
#1032 = CARTESIAN_POINT('',(-6.788442410611,-3.721087740242,-4.4));
#1033 = CARTESIAN_POINT('',(-3.063985501522,-5.891308351014,-4.2));
#1034 = CARTESIAN_POINT('',(0.457155104386,-5.604069327516,-4.));
#1035 = CARTESIAN_POINT('',(2.481519742579,-5.200791101031,-6.));
#1036 = CARTESIAN_POINT('',(5.749273165748,-3.641606262426,-5.8));
#1037 = CARTESIAN_POINT('',(7.931369944896,0.199662075431,-5.6));
#1038 = CARTESIAN_POINT('',(7.209791794989,5.462106838822,-5.4));
#1039 = CARTESIAN_POINT('',(2.67950543978,9.702922712131,-5.2));
#1040 = CARTESIAN_POINT('',(-4.592365221286,9.624719789876,-5.));
#1041 = CARTESIAN_POINT('',(-9.2279504738,4.021366510502,-4.8));
#1042 = CARTESIAN_POINT('',(-8.781532961175,-2.168037752939,-4.6));
#1043 = CARTESIAN_POINT('',(-5.144894269388,-6.039582527278,-4.4));
#1044 = CARTESIAN_POINT('',(-0.786233680593,-6.759975939636,-4.2));
#1045 = CARTESIAN_POINT('',(2.481519742579,-5.200791101031,-4.));
#1046 = CARTESIAN_POINT('',(3.484882478027,-4.740884712195,-6.));
#1047 = CARTESIAN_POINT('',(6.463668194696,-2.551268473877,-5.8));
#1048 = CARTESIAN_POINT('',(7.91653576949,1.719243678552,-5.6));
#1049 = CARTESIAN_POINT('',(6.184980532337,6.859022774362,-5.4));
#1050 = CARTESIAN_POINT('',(0.829137384992,10.244725789061,-5.2));
#1051 = CARTESIAN_POINT('',(-6.44921449454,8.773605019802,-5.));
#1052 = CARTESIAN_POINT('',(-10.02534121358,2.265923398231,-4.8));
#1053 = CARTESIAN_POINT('',(-8.392230048033,-3.856248491226,-4.6));
#1054 = CARTESIAN_POINT('',(-4.003393314729,-7.042739480006,-4.4));
#1055 = CARTESIAN_POINT('',(0.506096761356,-6.930500950514,-4.2));
#1056 = CARTESIAN_POINT('',(3.484882478027,-4.740884712195,-4.));
#1057 = CARTESIAN_POINT('',(4.355529417517,-4.068293046109,-6.));
#1058 = CARTESIAN_POINT('',(6.911713326778,-1.331633201997,-5.8));
#1059 = CARTESIAN_POINT('',(7.559813359983,3.191393871396,-5.6));
#1060 = CARTESIAN_POINT('',(4.875217972749,7.984547172018,-5.4));
#1061 = CARTESIAN_POINT('',(-1.089596287677,10.35397335084,-5.2));
#1062 = CARTESIAN_POINT('',(-8.060456450947,7.528889323027,-5.));
#1063 = CARTESIAN_POINT('',(-10.40414462253,0.381783829691,-4.8));
#1064 = CARTESIAN_POINT('',(-7.633916510789,-5.407777966121,-4.6));
#1065 = CARTESIAN_POINT('',(-2.669029471547,-7.759642682495,-4.4));
#1066 = CARTESIAN_POINT('',(1.799345508254,-6.804952890223,-4.2));
#1067 = CARTESIAN_POINT('',(4.355529417517,-4.06829304611,-4.));
#1068 = CARTESIAN_POINT('',(5.049395722064,-3.23482538457,-6.));
#1069 = CARTESIAN_POINT('',(7.081896454826,-6.219648347066E-02,-5.8));
#1070 = CARTESIAN_POINT('',(6.901594331322,4.531628818295,-5.6));
#1071 = CARTESIAN_POINT('',(3.374110228788,8.787342476919,-5.4));
#1072 = CARTESIAN_POINT('',(-2.959244664515,10.048580502755,-5.2));
#1073 = CARTESIAN_POINT('',(-9.344543549075,5.986452309032,-5.));
#1074 = CARTESIAN_POINT('',(-10.36552957514,-1.512248567803,-4.8));
#1075 = CARTESIAN_POINT('',(-6.572288741918,-6.738473739369,-4.6));
#1076 = CARTESIAN_POINT('',(-1.231674356846,-8.163984464673,-4.4));
#1077 = CARTESIAN_POINT('',(3.0168949893,-6.407454285673,-4.2));
#1078 = CARTESIAN_POINT('',(5.049395722064,-3.234825384571,-4.));
#1079 = CARTESIAN_POINT('',(5.543277195068,-2.296100594191,-6.));
#1080 = CARTESIAN_POINT('',(6.98595974679,1.186843188376,-5.8));
#1081 = CARTESIAN_POINT('',(5.998771598577,5.679550596115,-5.6));
#1082 = CARTESIAN_POINT('',(1.774513903085,9.249348604482,-5.4));
#1083 = CARTESIAN_POINT('',(-4.68552013731,9.375369589141,-5.2));
#1084 = CARTESIAN_POINT('',(-10.25853349689,4.249223704438,-5.));
#1085 = CARTESIAN_POINT('',(-9.94255047507,-3.316224350084,-4.8));
#1086 = CARTESIAN_POINT('',(-5.285506305618,-7.795047933998,-4.6));
#1087 = CARTESIAN_POINT('',(0.225723335543,-8.257820816737,-4.4));
#1088 = CARTESIAN_POINT('',(4.100594643344,-5.779044376759,-4.2));
#1089 = CARTESIAN_POINT('',(5.543277195068,-2.296100594191,-4.));
#1090 = DEFINITIONAL_REPRESENTATION('',(#1091),#1095);
#1091 = LINE('',#1092,#1093);
#1092 = CARTESIAN_POINT('',(0.,0.));
#1093 = VECTOR('',#1094,1.);
#1094 = DIRECTION('',(1.,0.));
#1095 = ( GEOMETRIC_REPRESENTATION_CONTEXT(2) 
PARAMETRIC_REPRESENTATION_CONTEXT() REPRESENTATION_CONTEXT('2D SPACE',''
  ) );
#1096 = ORIENTED_EDGE('',*,*,#1097,.F.);
#1097 = EDGE_CURVE('',#1098,#937,#1100,.T.);
#1098 = VERTEX_POINT('',#1099);
#1099 = CARTESIAN_POINT('',(-4.133652434855,2.386565346,-6.));
#1100 = SURFACE_CURVE('',#1101,(#1109,#1120),.PCURVE_S1.);
#1101 = ( BOUNDED_CURVE() B_SPLINE_CURVE(6,(#1102,#1103,#1104,#1105,
#1106,#1107,#1108),.UNSPECIFIED.,.F.,.F.) B_SPLINE_CURVE_WITH_KNOTS((7,7
),(2.617993877991,3.665191429188),.PIECEWISE_BEZIER_KNOTS.) CURVE() 
GEOMETRIC_REPRESENTATION_ITEM() RATIONAL_B_SPLINE_CURVE((1.013815801033,
    1.004520331021,0.999080478963,0.997285502839,0.999080478963,
1.004520331021,1.013815801033)) REPRESENTATION_ITEM('') );
#1102 = CARTESIAN_POINT('',(-4.133652434855,2.386565346,-6.));
#1103 = CARTESIAN_POINT('',(-4.554040953329,1.658431073086,-6.));
#1104 = CARTESIAN_POINT('',(-4.816376706691,0.849950910247,-6.));
#1105 = CARTESIAN_POINT('',(-4.90556017208,1.960990288738E-13,-6.));
#1106 = CARTESIAN_POINT('',(-4.816376706691,-0.849950910247,-6.));
#1107 = CARTESIAN_POINT('',(-4.554040953329,-1.658431073085,-6.));
#1108 = CARTESIAN_POINT('',(-4.133652434855,-2.386565346,-6.));
#1109 = PCURVE('',#447,#1110);
#1110 = DEFINITIONAL_REPRESENTATION('',(#1111),#1119);
#1111 = ( BOUNDED_CURVE() B_SPLINE_CURVE(6,(#1112,#1113,#1114,#1115,
#1116,#1117,#1118),.UNSPECIFIED.,.F.,.F.) B_SPLINE_CURVE_WITH_KNOTS((7,7
),(2.617993877991,3.665191429188),.PIECEWISE_BEZIER_KNOTS.) CURVE() 
GEOMETRIC_REPRESENTATION_ITEM() RATIONAL_B_SPLINE_CURVE((1.013815801033,
    1.004520331021,0.999080478963,0.997285502839,0.999080478963,
1.004520331021,1.013815801033)) REPRESENTATION_ITEM('') );
#1112 = CARTESIAN_POINT('',(-4.133652434855,2.386565346));
#1113 = CARTESIAN_POINT('',(-4.554040953329,1.658431073086));
#1114 = CARTESIAN_POINT('',(-4.816376706691,0.849950910247));
#1115 = CARTESIAN_POINT('',(-4.90556017208,1.959016558916E-13));
#1116 = CARTESIAN_POINT('',(-4.816376706691,-0.849950910247));
#1117 = CARTESIAN_POINT('',(-4.554040953329,-1.658431073085));
#1118 = CARTESIAN_POINT('',(-4.133652434855,-2.386565346));
#1119 = ( GEOMETRIC_REPRESENTATION_CONTEXT(2) 
PARAMETRIC_REPRESENTATION_CONTEXT() REPRESENTATION_CONTEXT('2D SPACE',''
  ) );
#1120 = PCURVE('',#1121,#1206);
#1121 = ( BOUNDED_SURFACE() B_SPLINE_SURFACE(6,11,(
    (#1122,#1123,#1124,#1125,#1126,#1127,#1128,#1129,#1130,#1131,#1132
      ,#1133)
    ,(#1134,#1135,#1136,#1137,#1138,#1139,#1140,#1141,#1142,#1143,#1144
      ,#1145)
    ,(#1146,#1147,#1148,#1149,#1150,#1151,#1152,#1153,#1154,#1155,#1156
      ,#1157)
    ,(#1158,#1159,#1160,#1161,#1162,#1163,#1164,#1165,#1166,#1167,#1168
      ,#1169)
    ,(#1170,#1171,#1172,#1173,#1174,#1175,#1176,#1177,#1178,#1179,#1180
      ,#1181)
    ,(#1182,#1183,#1184,#1185,#1186,#1187,#1188,#1189,#1190,#1191,#1192
      ,#1193)
    ,(#1194,#1195,#1196,#1197,#1198,#1199,#1200,#1201,#1202,#1203,#1204
,#1205
    )),.UNSPECIFIED.,.F.,.F.,.F.) B_SPLINE_SURFACE_WITH_KNOTS((7,7),(12,
    12),(2.617993877991,3.665191429188),(0.,2.),
.PIECEWISE_BEZIER_KNOTS.) GEOMETRIC_REPRESENTATION_ITEM() 
RATIONAL_B_SPLINE_SURFACE((
    (1.013815801033,1.013815801033,1.013815801033,1.013815801033
      ,1.013815801033,1.013815801033,1.013815801033,1.013815801033
      ,1.013815801033,1.013815801033,1.013815801033,1.013815801033)
    ,(1.004520331021,1.004520331021,1.004520331021,1.004520331021
      ,1.004520331021,1.004520331022,1.004520331021,1.004520331022
      ,1.004520331021,1.004520331021,1.004520331021,1.004520331021)
    ,(0.999080478963,0.999080478963,0.999080478963,0.999080478963
      ,0.999080478964,0.999080478963,0.999080478964,0.999080478963
      ,0.999080478963,0.999080478963,0.999080478963,0.999080478963)
    ,(0.997285502839,0.997285502839,0.997285502839,0.997285502839
      ,0.997285502839,0.997285502839,0.997285502839,0.997285502839
      ,0.997285502839,0.997285502839,0.997285502839,0.997285502839)
    ,(0.999080478963,0.999080478963,0.999080478963,0.999080478963
      ,0.999080478963,0.999080478963,0.999080478963,0.999080478964
      ,0.999080478963,0.999080478963,0.999080478963,0.999080478963)
    ,(1.004520331021,1.004520331021,1.004520331021,1.004520331021
      ,1.004520331021,1.004520331021,1.004520331021,1.004520331021
      ,1.004520331021,1.004520331021,1.004520331021,1.004520331021)
    ,(1.013815801033,1.013815801033,1.013815801033,1.013815801033
      ,1.013815801033,1.013815801033,1.013815801033,1.013815801033
      ,1.013815801033,1.013815801033,1.013815801033,1.013815801033
))) REPRESENTATION_ITEM('') SURFACE() );
#1122 = CARTESIAN_POINT('',(-4.133652434855,2.386565346,-6.));
#1123 = CARTESIAN_POINT('',(-5.496855372729,2.542859657625E-02,
    -5.818181818182));
#1124 = CARTESIAN_POINT('',(-5.376798309694,-3.191991181157,
    -5.636363636364));
#1125 = CARTESIAN_POINT('',(-3.172801897467,-6.23240608811,
    -5.454545454546));
#1126 = CARTESIAN_POINT('',(0.887102925853,-7.578310032667,
    -5.272727272727));
#1127 = CARTESIAN_POINT('',(5.389912974156,-6.026040184831,
    -5.09090909091));
#1128 = CARTESIAN_POINT('',(7.91366037136,-1.65478146738,-4.90909090909)
  );
#1129 = CARTESIAN_POINT('',(7.006560468969,3.020901346758,
    -4.727272727273));
#1130 = CARTESIAN_POINT('',(3.811021050276,5.863930088449,
    -4.545454545454));
#1131 = CARTESIAN_POINT('',(7.594629668709E-02,6.252439517793,
    -4.363636363636));
#1132 = CARTESIAN_POINT('',(-2.770449496981,4.747702095425,
    -4.181818181818));
#1133 = CARTESIAN_POINT('',(-4.133652434855,2.386565346,-4.));
#1134 = CARTESIAN_POINT('',(-4.554040953329,1.658431073085,-6.));
#1135 = CARTESIAN_POINT('',(-5.50133456709,-0.942831036573,
    -5.818181818182));
#1136 = CARTESIAN_POINT('',(-4.814535706713,-4.139103012532,
    -5.636363636363));
#1137 = CARTESIAN_POINT('',(-2.074976536725,-6.791288538705,
    -5.454545454547));
#1138 = CARTESIAN_POINT('',(2.222006465163,-7.422048698636,
    -5.272727272724));
#1139 = CARTESIAN_POINT('',(6.451387410544,-5.076618232603,
    -5.090909090913));
#1140 = CARTESIAN_POINT('',(8.205146682704,-0.260806663886,
    -4.909090909087));
#1141 = CARTESIAN_POINT('',(6.474434984219,4.255092390417,
    -4.727272727276));
#1142 = CARTESIAN_POINT('',(2.778101969957,6.535233514474,
    -4.545454545453));
#1143 = CARTESIAN_POINT('',(-1.025407910997,6.265817299884,
    -4.363636363637));
#1144 = CARTESIAN_POINT('',(-3.606747339566,4.259693182746,
    -4.181818181818));
#1145 = CARTESIAN_POINT('',(-4.554040953329,1.658431073086,-4.));
#1146 = CARTESIAN_POINT('',(-4.816376706691,0.849950910247,-6.));
#1147 = CARTESIAN_POINT('',(-5.301867531335,-1.901157031327,
    -5.818181818182));
#1148 = CARTESIAN_POINT('',(-4.05914662145,-4.957174397068,
    -5.636363636363));
#1149 = CARTESIAN_POINT('',(-0.871794157368,-7.112712990943,
    -5.454545454546));
#1150 = CARTESIAN_POINT('',(3.509008994183,-6.986439002206,
    -5.272727272726));
#1151 = CARTESIAN_POINT('',(7.30100878128,-3.914336467584,-5.09090909091
    ));
#1152 = CARTESIAN_POINT('',(8.199815680111,1.178890163686,-4.90909090909
    ));
#1153 = CARTESIAN_POINT('',(5.688391393118,5.363364374277,
    -4.727272727273));
#1154 = CARTESIAN_POINT('',(1.615423165799,6.981484021322,
    -4.545454545454));
#1155 = CARTESIAN_POINT('',(-2.117207235922,6.047121862295,
    -4.363636363636));
#1156 = CARTESIAN_POINT('',(-4.330885882046,3.601058851823,
    -4.181818181818));
#1157 = CARTESIAN_POINT('',(-4.816376706691,0.849950910247,-4.));
#1158 = CARTESIAN_POINT('',(-4.90556017208,1.56189728568E-14,-6.));
#1159 = CARTESIAN_POINT('',(-4.905560172081,-2.802049417881,
    -5.818181818182));
#1160 = CARTESIAN_POINT('',(-3.145359814702,-5.604029827728,
    -5.636363636364));
#1161 = CARTESIAN_POINT('',(0.378699286695,-7.177587606955,
    -5.454545454546));
#1162 = CARTESIAN_POINT('',(4.683853005512,-6.289240570886,
    -5.272727272727));
#1163 = CARTESIAN_POINT('',(7.893924389943,-2.593768223631,
    -5.09090909091));
#1164 = CARTESIAN_POINT('',(7.893924389942,2.59376822364,-4.90909090909)
  );
#1165 = CARTESIAN_POINT('',(4.683853005513,6.289240570866,
    -4.727272727273));
#1166 = CARTESIAN_POINT('',(0.378699286695,7.177587606972,
    -4.545454545454));
#1167 = CARTESIAN_POINT('',(-3.145359814703,5.604029827719,
    -4.363636363636));
#1168 = CARTESIAN_POINT('',(-4.90556017208,2.802049417883,
    -4.181818181818));
#1169 = CARTESIAN_POINT('',(-4.90556017208,1.973005445863E-13,-4.));
#1170 = CARTESIAN_POINT('',(-4.816376706691,-0.849950910247,-6.));
#1171 = CARTESIAN_POINT('',(-4.330885882047,-3.601058851821,
    -5.818181818182));
#1172 = CARTESIAN_POINT('',(-2.11720723592,-6.047121862303,
    -5.636363636364));
#1173 = CARTESIAN_POINT('',(1.615423165797,-6.981484021305,
    -5.454545454545));
#1174 = CARTESIAN_POINT('',(5.68839139312,-5.363364374297,
    -5.272727272727));
#1175 = CARTESIAN_POINT('',(8.199815680113,-1.178890163675,
    -5.090909090909));
#1176 = CARTESIAN_POINT('',(7.301008781276,3.914336467589,-4.90909090909
    ));
#1177 = CARTESIAN_POINT('',(3.509008994187,6.98643900219,-4.727272727273
    ));
#1178 = CARTESIAN_POINT('',(-0.87179415737,7.112712990958,
    -4.545454545454));
#1179 = CARTESIAN_POINT('',(-4.059146621449,4.95717439706,
    -4.363636363637));
#1180 = CARTESIAN_POINT('',(-5.301867531336,1.901157031329,
    -4.181818181818));
#1181 = CARTESIAN_POINT('',(-4.816376706691,-0.849950910247,-4.));
#1182 = CARTESIAN_POINT('',(-4.554040953329,-1.658431073085,-6.));
#1183 = CARTESIAN_POINT('',(-3.606747339567,-4.259693182743,
    -5.818181818182));
#1184 = CARTESIAN_POINT('',(-1.025407910995,-6.265817299893,
    -5.636363636364));
#1185 = CARTESIAN_POINT('',(2.778101969953,-6.535233514456,
    -5.454545454546));
#1186 = CARTESIAN_POINT('',(6.474434984222,-4.255092390438,
    -5.272727272727));
#1187 = CARTESIAN_POINT('',(8.205146682706,0.260806663897,-5.09090909091
    ));
#1188 = CARTESIAN_POINT('',(6.451387410536,5.07661823261,-4.90909090909)
  );
#1189 = CARTESIAN_POINT('',(2.222006465174,7.422048698618,
    -4.727272727273));
#1190 = CARTESIAN_POINT('',(-2.074976536734,6.791288538721,
    -4.545454545454));
#1191 = CARTESIAN_POINT('',(-4.814535706709,4.139103012524,
    -4.363636363637));
#1192 = CARTESIAN_POINT('',(-5.501334567091,0.942831036575,
    -4.181818181818));
#1193 = CARTESIAN_POINT('',(-4.554040953329,-1.658431073085,-4.));
#1194 = CARTESIAN_POINT('',(-4.133652434855,-2.386565346,-6.));
#1195 = CARTESIAN_POINT('',(-2.770449496982,-4.747702095424,
    -5.818181818182));
#1196 = CARTESIAN_POINT('',(7.594629669106E-02,-6.252439517799,
    -5.636363636364));
#1197 = CARTESIAN_POINT('',(3.81102105027,-5.863930088437,
    -5.454545454546));
#1198 = CARTESIAN_POINT('',(7.006560468971,-3.020901346774,
    -5.272727272727));
#1199 = CARTESIAN_POINT('',(7.913660371367,1.654781467391,-5.09090909091
    ));
#1200 = CARTESIAN_POINT('',(5.389912974143,6.026040184831,-4.90909090909
    ));
#1201 = CARTESIAN_POINT('',(0.887102925865,7.578310032658,
    -4.727272727273));
#1202 = CARTESIAN_POINT('',(-3.172801897474,6.232406088121,
    -4.545454545454));
#1203 = CARTESIAN_POINT('',(-5.376798309691,3.19199118115,
    -4.363636363636));
#1204 = CARTESIAN_POINT('',(-5.496855372729,-2.542859657427E-02,
    -4.181818181818));
#1205 = CARTESIAN_POINT('',(-4.133652434855,-2.386565346,-4.));
#1206 = DEFINITIONAL_REPRESENTATION('',(#1207),#1211);
#1207 = LINE('',#1208,#1209);
#1208 = CARTESIAN_POINT('',(0.,0.));
#1209 = VECTOR('',#1210,1.);
#1210 = DIRECTION('',(1.,0.));
#1211 = ( GEOMETRIC_REPRESENTATION_CONTEXT(2) 
PARAMETRIC_REPRESENTATION_CONTEXT() REPRESENTATION_CONTEXT('2D SPACE',''
  ) );
#1212 = ORIENTED_EDGE('',*,*,#1213,.F.);
#1213 = EDGE_CURVE('',#821,#1098,#1214,.T.);
#1214 = SURFACE_CURVE('',#1215,(#1227,#1242),.PCURVE_S1.);
#1215 = B_SPLINE_CURVE_WITH_KNOTS('',6,(#1216,#1217,#1218,#1219,#1220,
    #1221,#1222,#1223,#1224,#1225,#1226),.UNSPECIFIED.,.F.,.F.,(7,4,7),(
    0.,0.528174081598,1.),.UNSPECIFIED.);
#1216 = CARTESIAN_POINT('',(5.543277195068,2.29610059419,-6.));
#1217 = CARTESIAN_POINT('',(5.049395722064,3.23482538457,-6.));
#1218 = CARTESIAN_POINT('',(4.355529417517,4.068293046109,-6.));
#1219 = CARTESIAN_POINT('',(3.484882478027,4.740884712195,-6.));
#1220 = CARTESIAN_POINT('',(2.481519742579,5.20079110103,-6.));
#1221 = CARTESIAN_POINT('',(0.457155104386,5.604069327516,-6.));
#1222 = CARTESIAN_POINT('',(-1.534187473954,5.1048738524,-6.));
#1223 = CARTESIAN_POINT('',(-2.412956286604,4.664964386211,-6.));
#1224 = CARTESIAN_POINT('',(-3.172205956681,4.035424063087,-6.));
#1225 = CARTESIAN_POINT('',(-3.757161806253,3.256105283989,-6.));
#1226 = CARTESIAN_POINT('',(-4.133652434855,2.386565346,-6.));
#1227 = PCURVE('',#447,#1228);
#1228 = DEFINITIONAL_REPRESENTATION('',(#1229),#1241);
#1229 = B_SPLINE_CURVE_WITH_KNOTS('',6,(#1230,#1231,#1232,#1233,#1234,
    #1235,#1236,#1237,#1238,#1239,#1240),.UNSPECIFIED.,.F.,.F.,(7,4,7),(
    0.,0.528174081598,1.),.UNSPECIFIED.);
#1230 = CARTESIAN_POINT('',(5.543277195068,2.29610059419));
#1231 = CARTESIAN_POINT('',(5.049395722064,3.23482538457));
#1232 = CARTESIAN_POINT('',(4.355529417517,4.068293046109));
#1233 = CARTESIAN_POINT('',(3.484882478027,4.740884712195));
#1234 = CARTESIAN_POINT('',(2.481519742579,5.20079110103));
#1235 = CARTESIAN_POINT('',(0.457155104386,5.604069327516));
#1236 = CARTESIAN_POINT('',(-1.534187473954,5.1048738524));
#1237 = CARTESIAN_POINT('',(-2.412956286604,4.664964386211));
#1238 = CARTESIAN_POINT('',(-3.172205956681,4.035424063087));
#1239 = CARTESIAN_POINT('',(-3.757161806253,3.256105283989));
#1240 = CARTESIAN_POINT('',(-4.133652434855,2.386565346));
#1241 = ( GEOMETRIC_REPRESENTATION_CONTEXT(2) 
PARAMETRIC_REPRESENTATION_CONTEXT() REPRESENTATION_CONTEXT('2D SPACE',''
  ) );
#1242 = PCURVE('',#1243,#1365);
#1243 = B_SPLINE_SURFACE_WITH_KNOTS('',6,10,(
    (#1244,#1245,#1246,#1247,#1248,#1249,#1250,#1251,#1252,#1253,#1254)
    ,(#1255,#1256,#1257,#1258,#1259,#1260,#1261,#1262,#1263,#1264,#1265)
    ,(#1266,#1267,#1268,#1269,#1270,#1271,#1272,#1273,#1274,#1275,#1276)
    ,(#1277,#1278,#1279,#1280,#1281,#1282,#1283,#1284,#1285,#1286,#1287)
    ,(#1288,#1289,#1290,#1291,#1292,#1293,#1294,#1295,#1296,#1297,#1298)
    ,(#1299,#1300,#1301,#1302,#1303,#1304,#1305,#1306,#1307,#1308,#1309)
    ,(#1310,#1311,#1312,#1313,#1314,#1315,#1316,#1317,#1318,#1319,#1320)
    ,(#1321,#1322,#1323,#1324,#1325,#1326,#1327,#1328,#1329,#1330,#1331)
    ,(#1332,#1333,#1334,#1335,#1336,#1337,#1338,#1339,#1340,#1341,#1342)
    ,(#1343,#1344,#1345,#1346,#1347,#1348,#1349,#1350,#1351,#1352,#1353)
    ,(#1354,#1355,#1356,#1357,#1358,#1359,#1360,#1361,#1362,#1363,#1364
    )),.UNSPECIFIED.,.F.,.F.,.F.,(7,4,7),(11,11),(0.,0.528174081598,1.),
  (0.,2.),.UNSPECIFIED.);
#1244 = CARTESIAN_POINT('',(5.543277195068,2.296100594191,-6.));
#1245 = CARTESIAN_POINT('',(4.100594643346,5.779044376757,-5.8));
#1246 = CARTESIAN_POINT('',(0.225723335538,8.257820816749,-5.6));
#1247 = CARTESIAN_POINT('',(-5.285506305606,7.795047933968,-5.4));
#1248 = CARTESIAN_POINT('',(-9.94255047509,3.316224350135,-5.2));
#1249 = CARTESIAN_POINT('',(-10.25853349686,-4.249223704497,-5.));
#1250 = CARTESIAN_POINT('',(-4.685520137331,-9.375369589091,-4.8));
#1251 = CARTESIAN_POINT('',(1.774513903097,-9.249348604512,-4.6));
#1252 = CARTESIAN_POINT('',(5.998771598573,-5.679550596103,-4.4));
#1253 = CARTESIAN_POINT('',(6.985959746791,-1.186843188379,-4.2));
#1254 = CARTESIAN_POINT('',(5.543277195068,2.29610059419,-4.));
#1255 = CARTESIAN_POINT('',(5.049395722064,3.23482538457,-6.));
#1256 = CARTESIAN_POINT('',(3.016894989302,6.40745428567,-5.8));
#1257 = CARTESIAN_POINT('',(-1.231674356853,8.163984464684,-5.6));
#1258 = CARTESIAN_POINT('',(-6.5722887419,6.738473739341,-5.4));
#1259 = CARTESIAN_POINT('',(-10.36552957517,1.512248567849,-5.2));
#1260 = CARTESIAN_POINT('',(-9.344543549039,-5.986452309087,-5.));
#1261 = CARTESIAN_POINT('',(-2.959244664545,-10.0485805027,-4.8));
#1262 = CARTESIAN_POINT('',(3.374110228806,-8.787342476947,-4.6));
#1263 = CARTESIAN_POINT('',(6.901594331315,-4.531628818284,-4.4));
#1264 = CARTESIAN_POINT('',(7.081896454827,6.219648346809E-02,-4.2));
#1265 = CARTESIAN_POINT('',(5.049395722064,3.23482538457,-4.));
#1266 = CARTESIAN_POINT('',(4.355529417517,4.068293046109,-6.));
#1267 = CARTESIAN_POINT('',(1.799345508256,6.804952890222,-5.8));
#1268 = CARTESIAN_POINT('',(-2.669029471556,7.759642682504,-5.6));
#1269 = CARTESIAN_POINT('',(-7.633916510766,5.407777966098,-5.4));
#1270 = CARTESIAN_POINT('',(-10.40414462257,-0.381783829654,-5.2));
#1271 = CARTESIAN_POINT('',(-8.060456450902,-7.528889323071,-5.));
#1272 = CARTESIAN_POINT('',(-1.089596287715,-10.3539733508,-4.8));
#1273 = CARTESIAN_POINT('',(4.875217972772,-7.98454717204,-4.6));
#1274 = CARTESIAN_POINT('',(7.559813359974,-3.191393871387,-4.4));
#1275 = CARTESIAN_POINT('',(6.91171332678,1.331633201995,-4.2));
#1276 = CARTESIAN_POINT('',(4.355529417517,4.068293046109,-4.));
#1277 = CARTESIAN_POINT('',(3.484882478027,4.740884712195,-6.));
#1278 = CARTESIAN_POINT('',(0.506096761359,6.930500950513,-5.8));
#1279 = CARTESIAN_POINT('',(-4.003393314739,7.042739480014,-5.6));
#1280 = CARTESIAN_POINT('',(-8.392230048007,3.856248491207,-5.4));
#1281 = CARTESIAN_POINT('',(-10.02534121363,-2.265923398199,-5.2));
#1282 = CARTESIAN_POINT('',(-6.449214494488,-8.773605019839,-5.));
#1283 = CARTESIAN_POINT('',(0.829137384948,-10.24472578903,-4.8));
#1284 = CARTESIAN_POINT('',(6.184980532364,-6.859022774381,-4.6));
#1285 = CARTESIAN_POINT('',(7.916535769479,-1.719243678545,-4.4));
#1286 = CARTESIAN_POINT('',(6.463668194698,2.551268473875,-4.2));
#1287 = CARTESIAN_POINT('',(3.484882478027,4.740884712195,-4.));
#1288 = CARTESIAN_POINT('',(2.481519742579,5.200791101031,-6.));
#1289 = CARTESIAN_POINT('',(-0.786233680591,6.759975939635,-5.8));
#1290 = CARTESIAN_POINT('',(-5.144894269399,6.039582527283,-5.6));
#1291 = CARTESIAN_POINT('',(-8.781532961146,2.168037752925,-5.4));
#1292 = CARTESIAN_POINT('',(-9.227950473847,-4.021366510479,-5.2));
#1293 = CARTESIAN_POINT('',(-4.592365221229,-9.624719789903,-5.));
#1294 = CARTESIAN_POINT('',(2.679505439732,-9.702922712108,-4.8));
#1295 = CARTESIAN_POINT('',(7.209791795018,-5.462106838836,-4.6));
#1296 = CARTESIAN_POINT('',(7.931369944884,-0.199662075426,-4.4));
#1297 = CARTESIAN_POINT('',(5.749273165751,3.641606262425,-4.2));
#1298 = CARTESIAN_POINT('',(2.481519742579,5.20079110103,-4.));
#1299 = CARTESIAN_POINT('',(0.457155104386,5.604069327516,-6.));
#1300 = CARTESIAN_POINT('',(-3.06398550152,5.891308351014,-5.8));
#1301 = CARTESIAN_POINT('',(-6.788442410623,3.721087740243,-5.6));
#1302 = CARTESIAN_POINT('',(-8.760435797063,-1.071921133942,-5.4));
#1303 = CARTESIAN_POINT('',(-7.018580049488,-6.870907967163,-5.2));
#1304 = CARTESIAN_POINT('',(-0.846023171207,-10.3710370043,-5.));
#1305 = CARTESIAN_POINT('',(5.812200337139,-7.917586086971,-4.8));
#1306 = CARTESIAN_POINT('',(8.470883598675,-2.477575696134,-4.6));
#1307 = CARTESIAN_POINT('',(7.301777669019,2.571670119783,-4.4));
#1308 = CARTESIAN_POINT('',(3.978295710294,5.316830304018,-4.2));
#1309 = CARTESIAN_POINT('',(0.457155104386,5.604069327516,-4.));
#1310 = CARTESIAN_POINT('',(-1.534187473954,5.1048738524,-6.));
#1311 = CARTESIAN_POINT('',(-4.741674312393,4.140915432919,-5.8));
#1312 = CARTESIAN_POINT('',(-7.278913016304,0.937416660433,-5.6));
#1313 = CARTESIAN_POINT('',(-7.362339170644,-3.975308416943,-5.4));
#1314 = CARTESIAN_POINT('',(-3.819652333272,-8.491884521869,-5.2));
#1315 = CARTESIAN_POINT('',(2.839207392732,-9.447212825429,-5.));
#1316 = CARTESIAN_POINT('',(7.868196526835,-4.979290119519,-4.8));
#1317 = CARTESIAN_POINT('',(8.334060478401,0.741991250789,-4.6));
#1318 = CARTESIAN_POINT('',(5.556188024639,4.794799195887,-4.4));
#1319 = CARTESIAN_POINT('',(1.673299364488,6.068832271881,-4.2));
#1320 = CARTESIAN_POINT('',(-1.534187473954,5.1048738524,-4.));
#1321 = CARTESIAN_POINT('',(-2.412956286604,4.664964386211,-6.));
#1322 = CARTESIAN_POINT('',(-5.344039855599,3.148859237525,-5.8));
#1323 = CARTESIAN_POINT('',(-7.219265124594,-0.41430552884,-5.6));
#1324 = CARTESIAN_POINT('',(-6.407728600479,-5.187007276852,-5.4));
#1325 = CARTESIAN_POINT('',(-2.15657073826,-8.917440563554,-5.2));
#1326 = CARTESIAN_POINT('',(4.465479899654,-8.63310488247,-5.));
#1327 = CARTESIAN_POINT('',(8.524084702066,-3.392863620165,-4.8));
#1328 = CARTESIAN_POINT('',(7.93604315014,2.232319293268,-4.6));
#1329 = CARTESIAN_POINT('',(4.509778722645,5.652551095127,-4.4));
#1330 = CARTESIAN_POINT('',(0.518127282393,6.181069534897,-4.2));
#1331 = CARTESIAN_POINT('',(-2.412956286604,4.664964386211,-4.));
#1332 = CARTESIAN_POINT('',(-3.172205956681,4.035424063087,-6.));
#1333 = CARTESIAN_POINT('',(-5.707737674823,2.042268277251,-5.8));
#1334 = CARTESIAN_POINT('',(-6.854120875518,-1.722242574813,-5.6));
#1335 = CARTESIAN_POINT('',(-5.199431211036,-6.15490413455,-5.4));
#1336 = CARTESIAN_POINT('',(-0.434103390532,-8.955967250575,-5.2));
#1337 = CARTESIAN_POINT('',(5.87056716101,-7.468061124932,-5.));
#1338 = CARTESIAN_POINT('',(8.805189861275,-1.693052466228,-4.8));
#1339 = CARTESIAN_POINT('',(7.208638151503,3.598953434672,-4.6));
#1340 = CARTESIAN_POINT('',(3.292080008257,6.253583107451,-4.4));
#1341 = CARTESIAN_POINT('',(-0.636674238537,6.028579848925,-4.2));
#1342 = CARTESIAN_POINT('',(-3.172205956681,4.035424063087,-4.));
#1343 = CARTESIAN_POINT('',(-3.757161806253,3.256105283989,-6.));
#1344 = CARTESIAN_POINT('',(-5.803033094151,0.895410898214,-5.8));
#1345 = CARTESIAN_POINT('',(-6.202827399034,-2.895159990863,-5.6));
#1346 = CARTESIAN_POINT('',(-3.816062374807,-6.807409583085,-5.4));
#1347 = CARTESIAN_POINT('',(1.229855700551,-8.597342931861,-5.2));
#1348 = CARTESIAN_POINT('',(6.953101727809,-6.025833446463,-5.));
#1349 = CARTESIAN_POINT('',(8.684861942079,4.855791191471E-03,-4.8));
#1350 = CARTESIAN_POINT('',(6.195767753537,4.745062615491,-4.6));
#1351 = CARTESIAN_POINT('',(1.983944993059,6.551410640411,-4.4));
#1352 = CARTESIAN_POINT('',(-1.711290518354,5.616799669764,-4.2));
#1353 = CARTESIAN_POINT('',(-3.757161806253,3.256105283989,-4.));
#1354 = CARTESIAN_POINT('',(-4.133652434855,2.386565346,-6.));
#1355 = CARTESIAN_POINT('',(-5.633175666516,-0.210685078366,-5.8));
#1356 = CARTESIAN_POINT('',(-5.321071289824,-3.856661309324,-5.6));
#1357 = CARTESIAN_POINT('',(-2.360006807163,-7.110849888571,-5.4));
#1358 = CARTESIAN_POINT('',(2.722039721381,-7.881031519534,-5.2));
#1359 = CARTESIAN_POINT('',(7.649845114228,-4.416640135928,-5.));
#1360 = CARTESIAN_POINT('',(8.18619336461,1.583160210902,-4.8));
#1361 = CARTESIAN_POINT('',(4.978173242432,5.599250792416,-4.6));
#1362 = CARTESIAN_POINT('',(0.67943102275,6.536513566989,-4.4));
#1363 = CARTESIAN_POINT('',(-2.634129203193,4.983815770368,-4.2));
#1364 = CARTESIAN_POINT('',(-4.133652434855,2.386565346,-4.));
#1365 = DEFINITIONAL_REPRESENTATION('',(#1366),#1370);
#1366 = LINE('',#1367,#1368);
#1367 = CARTESIAN_POINT('',(0.,0.));
#1368 = VECTOR('',#1369,1.);
#1369 = DIRECTION('',(1.,0.));
#1370 = ( GEOMETRIC_REPRESENTATION_CONTEXT(2) 
PARAMETRIC_REPRESENTATION_CONTEXT() REPRESENTATION_CONTEXT('2D SPACE',''
  ) );
#1371 = ADVANCED_FACE('',(#1372),#534,.F.);
#1372 = FACE_BOUND('',#1373,.F.);
#1373 = EDGE_LOOP('',(#1374,#1395,#1396,#1397));
#1374 = ORIENTED_EDGE('',*,*,#1375,.T.);
#1375 = EDGE_CURVE('',#694,#772,#1376,.T.);
#1376 = SURFACE_CURVE('',#1377,(#1381,#1388),.PCURVE_S1.);
#1377 = LINE('',#1378,#1379);
#1378 = CARTESIAN_POINT('',(-6.,-10.39230484541,-10.));
#1379 = VECTOR('',#1380,1.);
#1380 = DIRECTION('',(0.,0.,1.));
#1381 = PCURVE('',#534,#1382);
#1382 = DEFINITIONAL_REPRESENTATION('',(#1383),#1387);
#1383 = LINE('',#1384,#1385);
#1384 = CARTESIAN_POINT('',(0.,0.));
#1385 = VECTOR('',#1386,1.);
#1386 = DIRECTION('',(0.,-1.));
#1387 = ( GEOMETRIC_REPRESENTATION_CONTEXT(2) 
PARAMETRIC_REPRESENTATION_CONTEXT() REPRESENTATION_CONTEXT('2D SPACE',''
  ) );
#1388 = PCURVE('',#709,#1389);
#1389 = DEFINITIONAL_REPRESENTATION('',(#1390),#1394);
#1390 = LINE('',#1391,#1392);
#1391 = CARTESIAN_POINT('',(12.,0.));
#1392 = VECTOR('',#1393,1.);
#1393 = DIRECTION('',(0.,-1.));
#1394 = ( GEOMETRIC_REPRESENTATION_CONTEXT(2) 
PARAMETRIC_REPRESENTATION_CONTEXT() REPRESENTATION_CONTEXT('2D SPACE',''
  ) );
#1395 = ORIENTED_EDGE('',*,*,#794,.T.);
#1396 = ORIENTED_EDGE('',*,*,#516,.F.);
#1397 = ORIENTED_EDGE('',*,*,#721,.F.);
#1398 = ADVANCED_FACE('',(#1399),#632,.F.);
#1399 = FACE_BOUND('',#1400,.F.);
#1400 = EDGE_LOOP('',(#1401,#1402,#1403,#1424));
#1401 = ORIENTED_EDGE('',*,*,#616,.T.);
#1402 = ORIENTED_EDGE('',*,*,#748,.T.);
#1403 = ORIENTED_EDGE('',*,*,#1404,.F.);
#1404 = EDGE_CURVE('',#671,#749,#1405,.T.);
#1405 = SURFACE_CURVE('',#1406,(#1410,#1417),.PCURVE_S1.);
#1406 = LINE('',#1407,#1408);
#1407 = CARTESIAN_POINT('',(-12.,1.469576158977E-15,-10.));
#1408 = VECTOR('',#1409,1.);
#1409 = DIRECTION('',(0.,0.,1.));
#1410 = PCURVE('',#632,#1411);
#1411 = DEFINITIONAL_REPRESENTATION('',(#1412),#1416);
#1412 = LINE('',#1413,#1414);
#1413 = CARTESIAN_POINT('',(12.,-0.));
#1414 = VECTOR('',#1415,1.);
#1415 = DIRECTION('',(0.,-1.));
#1416 = ( GEOMETRIC_REPRESENTATION_CONTEXT(2) 
PARAMETRIC_REPRESENTATION_CONTEXT() REPRESENTATION_CONTEXT('2D SPACE',''
  ) );
#1417 = PCURVE('',#709,#1418);
#1418 = DEFINITIONAL_REPRESENTATION('',(#1419),#1423);
#1419 = LINE('',#1420,#1421);
#1420 = CARTESIAN_POINT('',(0.,0.));
#1421 = VECTOR('',#1422,1.);
#1422 = DIRECTION('',(0.,-1.));
#1423 = ( GEOMETRIC_REPRESENTATION_CONTEXT(2) 
PARAMETRIC_REPRESENTATION_CONTEXT() REPRESENTATION_CONTEXT('2D SPACE',''
  ) );
#1424 = ORIENTED_EDGE('',*,*,#670,.F.);
#1425 = ADVANCED_FACE('',(#1426),#709,.F.);
#1426 = FACE_BOUND('',#1427,.F.);
#1427 = EDGE_LOOP('',(#1428,#1429,#1430,#1431));
#1428 = ORIENTED_EDGE('',*,*,#1404,.T.);
#1429 = ORIENTED_EDGE('',*,*,#771,.T.);
#1430 = ORIENTED_EDGE('',*,*,#1375,.F.);
#1431 = ORIENTED_EDGE('',*,*,#693,.F.);
#1432 = ADVANCED_FACE('',(#1433),#844,.T.);
#1433 = FACE_BOUND('',#1434,.T.);
#1434 = EDGE_LOOP('',(#1435,#1467,#1468,#1500));
#1435 = ORIENTED_EDGE('',*,*,#1436,.F.);
#1436 = EDGE_CURVE('',#819,#1437,#1439,.T.);
#1437 = VERTEX_POINT('',#1438);
#1438 = CARTESIAN_POINT('',(5.543277195068,-2.296100594191,-4.));
#1439 = SURFACE_CURVE('',#1440,(#1453,#1460),.PCURVE_S1.);
#1440 = ( BOUNDED_CURVE() B_SPLINE_CURVE(11,(#1441,#1442,#1443,#1444,
    #1445,#1446,#1447,#1448,#1449,#1450,#1451,#1452),.UNSPECIFIED.,.F.,
.F.) B_SPLINE_CURVE_WITH_KNOTS((12,12),(0.,2.),
.PIECEWISE_BEZIER_KNOTS.) CURVE() GEOMETRIC_REPRESENTATION_ITEM() 
RATIONAL_B_SPLINE_CURVE((1.007744716361,1.007744716361,1.007744716361,
    1.007744716361,1.007744716361,1.007744716361,1.007744716361,
    1.007744716361,1.007744716361,1.007744716361,1.007744716361,
1.007744716361)) REPRESENTATION_ITEM('') );
#1441 = CARTESIAN_POINT('',(5.543277195068,-2.296100594191,-6.));
#1442 = CARTESIAN_POINT('',(6.854806787542,0.870211935415,
    -5.818181818182));
#1443 = CARTESIAN_POINT('',(6.177279757141,4.860327336466,
    -5.636363636364));
#1444 = CARTESIAN_POINT('',(2.931617908043,8.287919815117,
    -5.454545454545));
#1445 = CARTESIAN_POINT('',(-2.349001160816,9.299162562427,
    -5.272727272729));
#1446 = CARTESIAN_POINT('',(-7.706083905783,6.625791874,-5.090909090907)
  );
#1447 = CARTESIAN_POINT('',(-10.13416655099,0.763881821322,
    -4.909090909093));
#1448 = CARTESIAN_POINT('',(-8.236495557076,-4.914506257398,
    -4.727272727271));
#1449 = CARTESIAN_POINT('',(-3.787477400579,-7.933411205843,
    -4.545454545455));
#1450 = CARTESIAN_POINT('',(0.931225987163,-7.804766823953,
    -4.363636363636));
#1451 = CARTESIAN_POINT('',(4.231747602592,-5.462413123799,
    -4.181818181818));
#1452 = CARTESIAN_POINT('',(5.543277195068,-2.296100594191,-4.));
#1453 = PCURVE('',#844,#1454);
#1454 = DEFINITIONAL_REPRESENTATION('',(#1455),#1459);
#1455 = LINE('',#1456,#1457);
#1456 = CARTESIAN_POINT('',(5.890486225481,0.));
#1457 = VECTOR('',#1458,1.);
#1458 = DIRECTION('',(0.,1.));
#1459 = ( GEOMETRIC_REPRESENTATION_CONTEXT(2) 
PARAMETRIC_REPRESENTATION_CONTEXT() REPRESENTATION_CONTEXT('2D SPACE',''
  ) );
#1460 = PCURVE('',#968,#1461);
#1461 = DEFINITIONAL_REPRESENTATION('',(#1462),#1466);
#1462 = LINE('',#1463,#1464);
#1463 = CARTESIAN_POINT('',(1.,0.));
#1464 = VECTOR('',#1465,1.);
#1465 = DIRECTION('',(0.,1.));
#1466 = ( GEOMETRIC_REPRESENTATION_CONTEXT(2) 
PARAMETRIC_REPRESENTATION_CONTEXT() REPRESENTATION_CONTEXT('2D SPACE',''
  ) );
#1467 = ORIENTED_EDGE('',*,*,#818,.T.);
#1468 = ORIENTED_EDGE('',*,*,#1469,.T.);
#1469 = EDGE_CURVE('',#821,#1470,#1472,.T.);
#1470 = VERTEX_POINT('',#1471);
#1471 = CARTESIAN_POINT('',(5.543277195068,2.29610059419,-4.));
#1472 = SURFACE_CURVE('',#1473,(#1486,#1493),.PCURVE_S1.);
#1473 = ( BOUNDED_CURVE() B_SPLINE_CURVE(11,(#1474,#1475,#1476,#1477,
    #1478,#1479,#1480,#1481,#1482,#1483,#1484,#1485),.UNSPECIFIED.,.F.,
.F.) B_SPLINE_CURVE_WITH_KNOTS((12,12),(0.,2.),
.PIECEWISE_BEZIER_KNOTS.) CURVE() GEOMETRIC_REPRESENTATION_ITEM() 
RATIONAL_B_SPLINE_CURVE((1.007744716361,1.007744716361,1.007744716361,
    1.007744716361,1.007744716361,1.007744716361,1.007744716361,
    1.007744716361,1.007744716361,1.007744716361,1.007744716361,
1.007744716361)) REPRESENTATION_ITEM('') );
#1474 = CARTESIAN_POINT('',(5.543277195068,2.296100594191,-6.));
#1475 = CARTESIAN_POINT('',(4.231747602593,5.462413123796,
    -5.818181818182));
#1476 = CARTESIAN_POINT('',(0.93122598716,7.804766823962,-5.636363636364
    ));
#1477 = CARTESIAN_POINT('',(-3.787477400575,7.933411205825,
    -5.454545454545));
#1478 = CARTESIAN_POINT('',(-8.236495557075,4.914506257419,
    -5.272727272729));
#1479 = CARTESIAN_POINT('',(-10.13416655101,-0.763881821334,
    -5.090909090907));
#1480 = CARTESIAN_POINT('',(-7.706083905766,-6.625791874005,
    -4.909090909093));
#1481 = CARTESIAN_POINT('',(-2.349001160833,-9.29916256241,
    -4.727272727271));
#1482 = CARTESIAN_POINT('',(2.931617908054,-8.287919815134,
    -4.545454545455));
#1483 = CARTESIAN_POINT('',(6.177279757137,-4.860327336457,
    -4.363636363636));
#1484 = CARTESIAN_POINT('',(6.854806787543,-0.870211935418,
    -4.181818181818));
#1485 = CARTESIAN_POINT('',(5.543277195068,2.29610059419,-4.));
#1486 = PCURVE('',#844,#1487);
#1487 = DEFINITIONAL_REPRESENTATION('',(#1488),#1492);
#1488 = LINE('',#1489,#1490);
#1489 = CARTESIAN_POINT('',(6.675884388878,0.));
#1490 = VECTOR('',#1491,1.);
#1491 = DIRECTION('',(0.,1.));
#1492 = ( GEOMETRIC_REPRESENTATION_CONTEXT(2) 
PARAMETRIC_REPRESENTATION_CONTEXT() REPRESENTATION_CONTEXT('2D SPACE',''
  ) );
#1493 = PCURVE('',#1243,#1494);
#1494 = DEFINITIONAL_REPRESENTATION('',(#1495),#1499);
#1495 = LINE('',#1496,#1497);
#1496 = CARTESIAN_POINT('',(0.,0.));
#1497 = VECTOR('',#1498,1.);
#1498 = DIRECTION('',(0.,1.));
#1499 = ( GEOMETRIC_REPRESENTATION_CONTEXT(2) 
PARAMETRIC_REPRESENTATION_CONTEXT() REPRESENTATION_CONTEXT('2D SPACE',''
  ) );
#1500 = ORIENTED_EDGE('',*,*,#1501,.F.);
#1501 = EDGE_CURVE('',#1437,#1470,#1502,.T.);
#1502 = SURFACE_CURVE('',#1503,(#1511,#1518),.PCURVE_S1.);
#1503 = ( BOUNDED_CURVE() B_SPLINE_CURVE(6,(#1504,#1505,#1506,#1507,
#1508,#1509,#1510),.UNSPECIFIED.,.F.,.F.) B_SPLINE_CURVE_WITH_KNOTS((7,7
),(5.890486225481,6.675884388878),.PIECEWISE_BEZIER_KNOTS.) CURVE() 
GEOMETRIC_REPRESENTATION_ITEM() RATIONAL_B_SPLINE_CURVE((1.007744716361,
    1.002554895352,0.999483957836,0.998466654399,0.999483957836,
1.002554895352,1.007744716361)) REPRESENTATION_ITEM('') );
#1504 = CARTESIAN_POINT('',(5.543277195068,-2.296100594191,-4.));
#1505 = CARTESIAN_POINT('',(5.845391909743,-1.56673115263,-4.));
#1506 = CARTESIAN_POINT('',(6.030696573177,-0.794320187759,-4.));
#1507 = CARTESIAN_POINT('',(6.093149589838,-2.527897159757E-13,-4.));
#1508 = CARTESIAN_POINT('',(6.030696573177,0.794320187759,-4.));
#1509 = CARTESIAN_POINT('',(5.845391909743,1.56673115263,-4.));
#1510 = CARTESIAN_POINT('',(5.543277195068,2.29610059419,-4.));
#1511 = PCURVE('',#844,#1512);
#1512 = DEFINITIONAL_REPRESENTATION('',(#1513),#1517);
#1513 = LINE('',#1514,#1515);
#1514 = CARTESIAN_POINT('',(0.,2.));
#1515 = VECTOR('',#1516,1.);
#1516 = DIRECTION('',(1.,0.));
#1517 = ( GEOMETRIC_REPRESENTATION_CONTEXT(2) 
PARAMETRIC_REPRESENTATION_CONTEXT() REPRESENTATION_CONTEXT('2D SPACE',''
  ) );
#1518 = PCURVE('',#1519,#1604);
#1519 = ( BOUNDED_SURFACE() B_SPLINE_SURFACE(6,11,(
    (#1520,#1521,#1522,#1523,#1524,#1525,#1526,#1527,#1528,#1529,#1530
      ,#1531)
    ,(#1532,#1533,#1534,#1535,#1536,#1537,#1538,#1539,#1540,#1541,#1542
      ,#1543)
    ,(#1544,#1545,#1546,#1547,#1548,#1549,#1550,#1551,#1552,#1553,#1554
      ,#1555)
    ,(#1556,#1557,#1558,#1559,#1560,#1561,#1562,#1563,#1564,#1565,#1566
      ,#1567)
    ,(#1568,#1569,#1570,#1571,#1572,#1573,#1574,#1575,#1576,#1577,#1578
      ,#1579)
    ,(#1580,#1581,#1582,#1583,#1584,#1585,#1586,#1587,#1588,#1589,#1590
      ,#1591)
    ,(#1592,#1593,#1594,#1595,#1596,#1597,#1598,#1599,#1600,#1601,#1602
,#1603
    )),.UNSPECIFIED.,.F.,.F.,.F.) B_SPLINE_SURFACE_WITH_KNOTS((7,7),(12,
    12),(5.890486225481,6.675884388878),(0.,2.),
.PIECEWISE_BEZIER_KNOTS.) GEOMETRIC_REPRESENTATION_ITEM() 
RATIONAL_B_SPLINE_SURFACE((
    (1.007744716361,1.007744716361,1.007744716361,1.007744716361
      ,1.007744716361,1.007744716361,1.007744716361,1.007744716361
      ,1.007744716361,1.007744716361,1.007744716361,1.007744716361)
    ,(1.002554895352,1.002554895352,1.002554895352,1.002554895352
      ,1.002554895352,1.002554895353,1.002554895352,1.002554895353
      ,1.002554895352,1.002554895352,1.002554895352,1.002554895352)
    ,(0.999483957836,0.999483957836,0.999483957836,0.999483957835
      ,0.999483957836,0.999483957835,0.999483957836,0.999483957835
      ,0.999483957836,0.999483957836,0.999483957836,0.999483957836)
    ,(0.998466654399,0.998466654399,0.998466654399,0.998466654399
      ,0.998466654399,0.998466654399,0.998466654399,0.998466654399
      ,0.998466654399,0.998466654399,0.998466654399,0.998466654399)
    ,(0.999483957836,0.999483957836,0.999483957836,0.999483957835
      ,0.999483957836,0.999483957835,0.999483957836,0.999483957835
      ,0.999483957836,0.999483957836,0.999483957836,0.999483957836)
    ,(1.002554895352,1.002554895352,1.002554895352,1.002554895352
      ,1.002554895353,1.002554895352,1.002554895353,1.002554895352
      ,1.002554895353,1.002554895352,1.002554895352,1.002554895352)
    ,(1.007744716361,1.007744716361,1.007744716361,1.007744716361
      ,1.007744716361,1.007744716361,1.007744716361,1.007744716361
      ,1.007744716361,1.007744716361,1.007744716361,1.007744716361
))) REPRESENTATION_ITEM('') SURFACE() );
#1520 = CARTESIAN_POINT('',(5.543277195068,-2.296100594191,-4.));
#1521 = CARTESIAN_POINT('',(6.854806787542,0.870211935415,
    -3.818181818182));
#1522 = CARTESIAN_POINT('',(6.177279757141,4.860327336466,
    -3.636363636364));
#1523 = CARTESIAN_POINT('',(2.931617908043,8.287919815117,
    -3.454545454545));
#1524 = CARTESIAN_POINT('',(-2.349001160816,9.299162562427,
    -3.272727272729));
#1525 = CARTESIAN_POINT('',(-7.706083905783,6.625791874,-3.090909090907)
  );
#1526 = CARTESIAN_POINT('',(-10.13416655099,0.763881821322,
    -2.909090909093));
#1527 = CARTESIAN_POINT('',(-8.236495557076,-4.914506257398,
    -2.727272727271));
#1528 = CARTESIAN_POINT('',(-3.787477400579,-7.933411205843,
    -2.545454545455));
#1529 = CARTESIAN_POINT('',(0.931225987163,-7.804766823953,
    -2.363636363636));
#1530 = CARTESIAN_POINT('',(4.231747602592,-5.462413123799,
    -2.181818181818));
#1531 = CARTESIAN_POINT('',(5.543277195068,-2.296100594191,-2.));
#1532 = CARTESIAN_POINT('',(5.845391909743,-1.56673115263,-4.));
#1533 = CARTESIAN_POINT('',(6.740306651425,1.77214889846,-3.818181818182
    ));
#1534 = CARTESIAN_POINT('',(5.537771013406,5.673117122775,
    -3.636363636364));
#1535 = CARTESIAN_POINT('',(1.841115803506,8.673654181486,
    -3.454545454543));
#1536 = CARTESIAN_POINT('',(-3.572559854792,8.990087334077,
    -3.272727272731));
#1537 = CARTESIAN_POINT('',(-8.577887705044,5.611846166938,
    -3.090909090904));
#1538 = CARTESIAN_POINT('',(-10.23467605789,-0.569544442218,
    -2.909090909096));
#1539 = CARTESIAN_POINT('',(-7.589858097252,-5.99824209695,
    -2.727272727269));
#1540 = CARTESIAN_POINT('',(-2.743620581364,-8.431757252663,
    -2.545454545457));
#1541 = CARTESIAN_POINT('',(1.958156126064,-7.682238623699,
    -2.363636363635));
#1542 = CARTESIAN_POINT('',(4.95047716806,-4.905611203722,
    -2.181818181818));
#1543 = CARTESIAN_POINT('',(5.845391909743,-1.56673115263,-2.));
#1544 = CARTESIAN_POINT('',(6.030696573177,-0.794320187759,-4.));
#1545 = CARTESIAN_POINT('',(6.484411203442,2.650405639571,
    -3.818181818182));
#1546 = CARTESIAN_POINT('',(4.774195781797,6.380062537526,
    -3.636363636363));
#1547 = CARTESIAN_POINT('',(0.696654841688,8.885154792623,
    -3.454545454547));
#1548 = CARTESIAN_POINT('',(-4.739769710866,8.490157922131,
    -3.272727272725));
#1549 = CARTESIAN_POINT('',(-9.284481018949,4.46687674247,
    -3.090909090911));
#1550 = CARTESIAN_POINT('',(-10.12445948831,-1.910470018834,
    -2.909090909089));
#1551 = CARTESIAN_POINT('',(-6.776507851223,-6.973316269677,
    -2.727272727274));
#1552 = CARTESIAN_POINT('',(-1.627769907216,-8.762514980688,
    -2.545454545454));
#1553 = CARTESIAN_POINT('',(2.959359608633,-7.39867110043,
    -2.363636363637));
#1554 = CARTESIAN_POINT('',(5.57698194291,-4.239046015091,
    -2.181818181818));
#1555 = CARTESIAN_POINT('',(6.030696573177,-0.794320187759,-2.));
#1556 = CARTESIAN_POINT('',(6.093149589838,-1.232657559566E-14,-4.));
#1557 = CARTESIAN_POINT('',(6.093149589838,3.480398907028,
    -3.818181818182));
#1558 = CARTESIAN_POINT('',(3.906821482678,6.960712099833,
    -3.636363636363));
#1559 = CARTESIAN_POINT('',(-0.470378778869,8.915213237473,
    -3.454545454547));
#1560 = CARTESIAN_POINT('',(-5.817769228843,7.811805840846,
    -3.272727272725));
#1561 = CARTESIAN_POINT('',(-9.804968336257,3.221694818443,
    -3.090909090912));
#1562 = CARTESIAN_POINT('',(-9.804968336234,-3.221694818452,
    -2.909090909089));
#1563 = CARTESIAN_POINT('',(-5.817769228858,-7.811805840827,
    -2.727272727274));
#1564 = CARTESIAN_POINT('',(-0.470378778863,-8.915213237491,
    -2.545454545454));
#1565 = CARTESIAN_POINT('',(3.906821482677,-6.960712099824,
    -2.363636363637));
#1566 = CARTESIAN_POINT('',(6.093149589838,-3.480398907031,
    -2.181818181818));
#1567 = CARTESIAN_POINT('',(6.093149589838,-2.542821072041E-13,-2.));
#1568 = CARTESIAN_POINT('',(6.030696573177,0.794320187759,-4.));
#1569 = CARTESIAN_POINT('',(5.576981942911,4.239046015089,
    -3.818181818182));
#1570 = CARTESIAN_POINT('',(2.959359608631,7.39867110044,-3.636363636364
    ));
#1571 = CARTESIAN_POINT('',(-1.627769907216,8.76251498067,
    -3.454545454545));
#1572 = CARTESIAN_POINT('',(-6.776507851216,6.973316269696,
    -3.272727272729));
#1573 = CARTESIAN_POINT('',(-10.12445948832,1.910470018823,
    -3.090909090907));
#1574 = CARTESIAN_POINT('',(-9.28448101893,-4.466876742474,
    -2.909090909093));
#1575 = CARTESIAN_POINT('',(-4.739769710879,-8.490157922116,
    -2.727272727271));
#1576 = CARTESIAN_POINT('',(0.696654841693,-8.885154792639,
    -2.545454545456));
#1577 = CARTESIAN_POINT('',(4.774195781797,-6.380062537517,
    -2.363636363636));
#1578 = CARTESIAN_POINT('',(6.484411203442,-2.650405639574,
    -2.181818181818));
#1579 = CARTESIAN_POINT('',(6.030696573177,0.794320187759,-2.));
#1580 = CARTESIAN_POINT('',(5.845391909743,1.56673115263,-4.));
#1581 = CARTESIAN_POINT('',(4.950477168061,4.90561120372,-3.818181818182
    ));
#1582 = CARTESIAN_POINT('',(1.958156126061,7.682238623708,
    -3.636363636364));
#1583 = CARTESIAN_POINT('',(-2.743620581361,8.431757252644,
    -3.454545454545));
#1584 = CARTESIAN_POINT('',(-7.589858097251,5.998242096974,
    -3.272727272728));
#1585 = CARTESIAN_POINT('',(-10.2346760579,0.569544442205,
    -3.090909090908));
#1586 = CARTESIAN_POINT('',(-8.577887705031,-5.611846166944,
    -2.909090909092));
#1587 = CARTESIAN_POINT('',(-3.572559854805,-8.990087334058,
    -2.727272727272));
#1588 = CARTESIAN_POINT('',(1.841115803514,-8.673654181504,
    -2.545454545455));
#1589 = CARTESIAN_POINT('',(5.537771013402,-5.673117122766,
    -2.363636363636));
#1590 = CARTESIAN_POINT('',(6.740306651425,-1.772148898462,
    -2.181818181818));
#1591 = CARTESIAN_POINT('',(5.845391909743,1.56673115263,-2.));
#1592 = CARTESIAN_POINT('',(5.543277195068,2.296100594191,-4.));
#1593 = CARTESIAN_POINT('',(4.231747602593,5.462413123796,
    -3.818181818182));
#1594 = CARTESIAN_POINT('',(0.93122598716,7.804766823962,-3.636363636364
    ));
#1595 = CARTESIAN_POINT('',(-3.787477400575,7.933411205825,
    -3.454545454545));
#1596 = CARTESIAN_POINT('',(-8.236495557075,4.914506257419,
    -3.272727272729));
#1597 = CARTESIAN_POINT('',(-10.13416655101,-0.763881821334,
    -3.090909090907));
#1598 = CARTESIAN_POINT('',(-7.706083905766,-6.625791874005,
    -2.909090909093));
#1599 = CARTESIAN_POINT('',(-2.349001160833,-9.29916256241,
    -2.727272727271));
#1600 = CARTESIAN_POINT('',(2.931617908054,-8.287919815134,
    -2.545454545455));
#1601 = CARTESIAN_POINT('',(6.177279757137,-4.860327336457,
    -2.363636363636));
#1602 = CARTESIAN_POINT('',(6.854806787543,-0.870211935418,
    -2.181818181818));
#1603 = CARTESIAN_POINT('',(5.543277195068,2.29610059419,-2.));
#1604 = DEFINITIONAL_REPRESENTATION('',(#1605),#1609);
#1605 = LINE('',#1606,#1607);
#1606 = CARTESIAN_POINT('',(0.,0.));
#1607 = VECTOR('',#1608,1.);
#1608 = DIRECTION('',(1.,0.));
#1609 = ( GEOMETRIC_REPRESENTATION_CONTEXT(2) 
PARAMETRIC_REPRESENTATION_CONTEXT() REPRESENTATION_CONTEXT('2D SPACE',''
  ) );
#1610 = ADVANCED_FACE('',(#1611),#1243,.T.);
#1611 = FACE_BOUND('',#1612,.T.);
#1612 = EDGE_LOOP('',(#1613,#1614,#1615,#1646));
#1613 = ORIENTED_EDGE('',*,*,#1469,.F.);
#1614 = ORIENTED_EDGE('',*,*,#1213,.T.);
#1615 = ORIENTED_EDGE('',*,*,#1616,.T.);
#1616 = EDGE_CURVE('',#1098,#1617,#1619,.T.);
#1617 = VERTEX_POINT('',#1618);
#1618 = CARTESIAN_POINT('',(-4.133652434855,2.386565346,-4.));
#1619 = SURFACE_CURVE('',#1620,(#1632,#1639),.PCURVE_S1.);
#1620 = B_SPLINE_CURVE_WITH_KNOTS('',10,(#1621,#1622,#1623,#1624,#1625,
    #1626,#1627,#1628,#1629,#1630,#1631),.UNSPECIFIED.,.F.,.F.,(11,11),(
    0.,2.),.PIECEWISE_BEZIER_KNOTS.);
#1621 = CARTESIAN_POINT('',(-4.133652434855,2.386565346,-6.));
#1622 = CARTESIAN_POINT('',(-5.633175666516,-0.210685078366,-5.8));
#1623 = CARTESIAN_POINT('',(-5.321071289824,-3.856661309324,-5.6));
#1624 = CARTESIAN_POINT('',(-2.360006807163,-7.110849888571,-5.4));
#1625 = CARTESIAN_POINT('',(2.722039721381,-7.881031519534,-5.2));
#1626 = CARTESIAN_POINT('',(7.649845114228,-4.416640135928,-5.));
#1627 = CARTESIAN_POINT('',(8.18619336461,1.583160210902,-4.8));
#1628 = CARTESIAN_POINT('',(4.978173242432,5.599250792416,-4.6));
#1629 = CARTESIAN_POINT('',(0.67943102275,6.536513566989,-4.4));
#1630 = CARTESIAN_POINT('',(-2.634129203193,4.983815770368,-4.2));
#1631 = CARTESIAN_POINT('',(-4.133652434855,2.386565346,-4.));
#1632 = PCURVE('',#1243,#1633);
#1633 = DEFINITIONAL_REPRESENTATION('',(#1634),#1638);
#1634 = LINE('',#1635,#1636);
#1635 = CARTESIAN_POINT('',(1.,0.));
#1636 = VECTOR('',#1637,1.);
#1637 = DIRECTION('',(0.,1.));
#1638 = ( GEOMETRIC_REPRESENTATION_CONTEXT(2) 
PARAMETRIC_REPRESENTATION_CONTEXT() REPRESENTATION_CONTEXT('2D SPACE',''
  ) );
#1639 = PCURVE('',#1121,#1640);
#1640 = DEFINITIONAL_REPRESENTATION('',(#1641),#1645);
#1641 = LINE('',#1642,#1643);
#1642 = CARTESIAN_POINT('',(2.617993877991,0.));
#1643 = VECTOR('',#1644,1.);
#1644 = DIRECTION('',(0.,1.));
#1645 = ( GEOMETRIC_REPRESENTATION_CONTEXT(2) 
PARAMETRIC_REPRESENTATION_CONTEXT() REPRESENTATION_CONTEXT('2D SPACE',''
  ) );
#1646 = ORIENTED_EDGE('',*,*,#1647,.F.);
#1647 = EDGE_CURVE('',#1470,#1617,#1648,.T.);
#1648 = SURFACE_CURVE('',#1649,(#1661,#1668),.PCURVE_S1.);
#1649 = B_SPLINE_CURVE_WITH_KNOTS('',6,(#1650,#1651,#1652,#1653,#1654,
    #1655,#1656,#1657,#1658,#1659,#1660),.UNSPECIFIED.,.F.,.F.,(7,4,7),(
    0.,0.528174081598,1.),.UNSPECIFIED.);
#1650 = CARTESIAN_POINT('',(5.543277195068,2.29610059419,-4.));
#1651 = CARTESIAN_POINT('',(5.049395722064,3.23482538457,-4.));
#1652 = CARTESIAN_POINT('',(4.355529417517,4.068293046109,-4.));
#1653 = CARTESIAN_POINT('',(3.484882478027,4.740884712195,-4.));
#1654 = CARTESIAN_POINT('',(2.481519742579,5.20079110103,-4.));
#1655 = CARTESIAN_POINT('',(0.457155104386,5.604069327516,-4.));
#1656 = CARTESIAN_POINT('',(-1.534187473954,5.1048738524,-4.));
#1657 = CARTESIAN_POINT('',(-2.412956286604,4.664964386211,-4.));
#1658 = CARTESIAN_POINT('',(-3.172205956681,4.035424063087,-4.));
#1659 = CARTESIAN_POINT('',(-3.757161806253,3.256105283989,-4.));
#1660 = CARTESIAN_POINT('',(-4.133652434855,2.386565346,-4.));
#1661 = PCURVE('',#1243,#1662);
#1662 = DEFINITIONAL_REPRESENTATION('',(#1663),#1667);
#1663 = LINE('',#1664,#1665);
#1664 = CARTESIAN_POINT('',(0.,2.));
#1665 = VECTOR('',#1666,1.);
#1666 = DIRECTION('',(1.,0.));
#1667 = ( GEOMETRIC_REPRESENTATION_CONTEXT(2) 
PARAMETRIC_REPRESENTATION_CONTEXT() REPRESENTATION_CONTEXT('2D SPACE',''
  ) );
#1668 = PCURVE('',#1669,#1791);
#1669 = B_SPLINE_SURFACE_WITH_KNOTS('',6,10,(
    (#1670,#1671,#1672,#1673,#1674,#1675,#1676,#1677,#1678,#1679,#1680)
    ,(#1681,#1682,#1683,#1684,#1685,#1686,#1687,#1688,#1689,#1690,#1691)
    ,(#1692,#1693,#1694,#1695,#1696,#1697,#1698,#1699,#1700,#1701,#1702)
    ,(#1703,#1704,#1705,#1706,#1707,#1708,#1709,#1710,#1711,#1712,#1713)
    ,(#1714,#1715,#1716,#1717,#1718,#1719,#1720,#1721,#1722,#1723,#1724)
    ,(#1725,#1726,#1727,#1728,#1729,#1730,#1731,#1732,#1733,#1734,#1735)
    ,(#1736,#1737,#1738,#1739,#1740,#1741,#1742,#1743,#1744,#1745,#1746)
    ,(#1747,#1748,#1749,#1750,#1751,#1752,#1753,#1754,#1755,#1756,#1757)
    ,(#1758,#1759,#1760,#1761,#1762,#1763,#1764,#1765,#1766,#1767,#1768)
    ,(#1769,#1770,#1771,#1772,#1773,#1774,#1775,#1776,#1777,#1778,#1779)
    ,(#1780,#1781,#1782,#1783,#1784,#1785,#1786,#1787,#1788,#1789,#1790
    )),.UNSPECIFIED.,.F.,.F.,.F.,(7,4,7),(11,11),(0.,0.528174081598,1.),
  (0.,2.),.UNSPECIFIED.);
#1670 = CARTESIAN_POINT('',(5.543277195068,2.296100594191,-4.));
#1671 = CARTESIAN_POINT('',(4.100594643346,5.779044376757,-3.8));
#1672 = CARTESIAN_POINT('',(0.225723335538,8.257820816749,-3.6));
#1673 = CARTESIAN_POINT('',(-5.285506305606,7.795047933968,-3.4));
#1674 = CARTESIAN_POINT('',(-9.94255047509,3.316224350135,-3.2));
#1675 = CARTESIAN_POINT('',(-10.25853349686,-4.249223704497,-3.));
#1676 = CARTESIAN_POINT('',(-4.685520137331,-9.375369589091,-2.8));
#1677 = CARTESIAN_POINT('',(1.774513903097,-9.249348604512,-2.6));
#1678 = CARTESIAN_POINT('',(5.998771598573,-5.679550596103,-2.4));
#1679 = CARTESIAN_POINT('',(6.985959746791,-1.186843188379,-2.2));
#1680 = CARTESIAN_POINT('',(5.543277195068,2.29610059419,-2.));
#1681 = CARTESIAN_POINT('',(5.049395722064,3.23482538457,-4.));
#1682 = CARTESIAN_POINT('',(3.016894989302,6.40745428567,-3.8));
#1683 = CARTESIAN_POINT('',(-1.231674356853,8.163984464684,-3.6));
#1684 = CARTESIAN_POINT('',(-6.5722887419,6.738473739341,-3.4));
#1685 = CARTESIAN_POINT('',(-10.36552957517,1.512248567849,-3.2));
#1686 = CARTESIAN_POINT('',(-9.344543549039,-5.986452309087,-3.));
#1687 = CARTESIAN_POINT('',(-2.959244664545,-10.0485805027,-2.8));
#1688 = CARTESIAN_POINT('',(3.374110228806,-8.787342476947,-2.6));
#1689 = CARTESIAN_POINT('',(6.901594331315,-4.531628818284,-2.4));
#1690 = CARTESIAN_POINT('',(7.081896454827,6.219648346809E-02,-2.2));
#1691 = CARTESIAN_POINT('',(5.049395722064,3.23482538457,-2.));
#1692 = CARTESIAN_POINT('',(4.355529417517,4.068293046109,-4.));
#1693 = CARTESIAN_POINT('',(1.799345508256,6.804952890222,-3.8));
#1694 = CARTESIAN_POINT('',(-2.669029471556,7.759642682504,-3.6));
#1695 = CARTESIAN_POINT('',(-7.633916510766,5.407777966098,-3.4));
#1696 = CARTESIAN_POINT('',(-10.40414462257,-0.381783829654,-3.2));
#1697 = CARTESIAN_POINT('',(-8.060456450902,-7.528889323071,-3.));
#1698 = CARTESIAN_POINT('',(-1.089596287715,-10.3539733508,-2.8));
#1699 = CARTESIAN_POINT('',(4.875217972772,-7.98454717204,-2.6));
#1700 = CARTESIAN_POINT('',(7.559813359974,-3.191393871387,-2.4));
#1701 = CARTESIAN_POINT('',(6.91171332678,1.331633201995,-2.2));
#1702 = CARTESIAN_POINT('',(4.355529417517,4.068293046109,-2.));
#1703 = CARTESIAN_POINT('',(3.484882478027,4.740884712195,-4.));
#1704 = CARTESIAN_POINT('',(0.506096761359,6.930500950513,-3.8));
#1705 = CARTESIAN_POINT('',(-4.003393314739,7.042739480014,-3.6));
#1706 = CARTESIAN_POINT('',(-8.392230048007,3.856248491207,-3.4));
#1707 = CARTESIAN_POINT('',(-10.02534121363,-2.265923398199,-3.2));
#1708 = CARTESIAN_POINT('',(-6.449214494488,-8.773605019839,-3.));
#1709 = CARTESIAN_POINT('',(0.829137384948,-10.24472578903,-2.8));
#1710 = CARTESIAN_POINT('',(6.184980532364,-6.859022774381,-2.6));
#1711 = CARTESIAN_POINT('',(7.916535769479,-1.719243678545,-2.4));
#1712 = CARTESIAN_POINT('',(6.463668194698,2.551268473875,-2.2));
#1713 = CARTESIAN_POINT('',(3.484882478027,4.740884712195,-2.));
#1714 = CARTESIAN_POINT('',(2.481519742579,5.200791101031,-4.));
#1715 = CARTESIAN_POINT('',(-0.786233680591,6.759975939635,-3.8));
#1716 = CARTESIAN_POINT('',(-5.144894269399,6.039582527283,-3.6));
#1717 = CARTESIAN_POINT('',(-8.781532961146,2.168037752925,-3.4));
#1718 = CARTESIAN_POINT('',(-9.227950473847,-4.021366510479,-3.2));
#1719 = CARTESIAN_POINT('',(-4.592365221229,-9.624719789903,-3.));
#1720 = CARTESIAN_POINT('',(2.679505439732,-9.702922712108,-2.8));
#1721 = CARTESIAN_POINT('',(7.209791795018,-5.462106838836,-2.6));
#1722 = CARTESIAN_POINT('',(7.931369944884,-0.199662075426,-2.4));
#1723 = CARTESIAN_POINT('',(5.749273165751,3.641606262425,-2.2));
#1724 = CARTESIAN_POINT('',(2.481519742579,5.20079110103,-2.));
#1725 = CARTESIAN_POINT('',(0.457155104386,5.604069327516,-4.));
#1726 = CARTESIAN_POINT('',(-3.06398550152,5.891308351014,-3.8));
#1727 = CARTESIAN_POINT('',(-6.788442410623,3.721087740243,-3.6));
#1728 = CARTESIAN_POINT('',(-8.760435797063,-1.071921133942,-3.4));
#1729 = CARTESIAN_POINT('',(-7.018580049488,-6.870907967163,-3.2));
#1730 = CARTESIAN_POINT('',(-0.846023171207,-10.3710370043,-3.));
#1731 = CARTESIAN_POINT('',(5.812200337139,-7.917586086971,-2.8));
#1732 = CARTESIAN_POINT('',(8.470883598675,-2.477575696134,-2.6));
#1733 = CARTESIAN_POINT('',(7.301777669019,2.571670119783,-2.4));
#1734 = CARTESIAN_POINT('',(3.978295710294,5.316830304018,-2.2));
#1735 = CARTESIAN_POINT('',(0.457155104386,5.604069327516,-2.));
#1736 = CARTESIAN_POINT('',(-1.534187473954,5.1048738524,-4.));
#1737 = CARTESIAN_POINT('',(-4.741674312393,4.140915432919,-3.8));
#1738 = CARTESIAN_POINT('',(-7.278913016304,0.937416660433,-3.6));
#1739 = CARTESIAN_POINT('',(-7.362339170644,-3.975308416943,-3.4));
#1740 = CARTESIAN_POINT('',(-3.819652333272,-8.491884521869,-3.2));
#1741 = CARTESIAN_POINT('',(2.839207392732,-9.447212825429,-3.));
#1742 = CARTESIAN_POINT('',(7.868196526835,-4.979290119519,-2.8));
#1743 = CARTESIAN_POINT('',(8.334060478401,0.741991250789,-2.6));
#1744 = CARTESIAN_POINT('',(5.556188024639,4.794799195887,-2.4));
#1745 = CARTESIAN_POINT('',(1.673299364488,6.068832271881,-2.2));
#1746 = CARTESIAN_POINT('',(-1.534187473954,5.1048738524,-2.));
#1747 = CARTESIAN_POINT('',(-2.412956286604,4.664964386211,-4.));
#1748 = CARTESIAN_POINT('',(-5.344039855599,3.148859237525,-3.8));
#1749 = CARTESIAN_POINT('',(-7.219265124594,-0.41430552884,-3.6));
#1750 = CARTESIAN_POINT('',(-6.407728600479,-5.187007276852,-3.4));
#1751 = CARTESIAN_POINT('',(-2.15657073826,-8.917440563554,-3.2));
#1752 = CARTESIAN_POINT('',(4.465479899654,-8.63310488247,-3.));
#1753 = CARTESIAN_POINT('',(8.524084702066,-3.392863620165,-2.8));
#1754 = CARTESIAN_POINT('',(7.93604315014,2.232319293268,-2.6));
#1755 = CARTESIAN_POINT('',(4.509778722645,5.652551095127,-2.4));
#1756 = CARTESIAN_POINT('',(0.518127282393,6.181069534897,-2.2));
#1757 = CARTESIAN_POINT('',(-2.412956286604,4.664964386211,-2.));
#1758 = CARTESIAN_POINT('',(-3.172205956681,4.035424063087,-4.));
#1759 = CARTESIAN_POINT('',(-5.707737674823,2.042268277251,-3.8));
#1760 = CARTESIAN_POINT('',(-6.854120875518,-1.722242574813,-3.6));
#1761 = CARTESIAN_POINT('',(-5.199431211036,-6.15490413455,-3.4));
#1762 = CARTESIAN_POINT('',(-0.434103390532,-8.955967250575,-3.2));
#1763 = CARTESIAN_POINT('',(5.87056716101,-7.468061124932,-3.));
#1764 = CARTESIAN_POINT('',(8.805189861275,-1.693052466228,-2.8));
#1765 = CARTESIAN_POINT('',(7.208638151503,3.598953434672,-2.6));
#1766 = CARTESIAN_POINT('',(3.292080008257,6.253583107451,-2.4));
#1767 = CARTESIAN_POINT('',(-0.636674238537,6.028579848925,-2.2));
#1768 = CARTESIAN_POINT('',(-3.172205956681,4.035424063087,-2.));
#1769 = CARTESIAN_POINT('',(-3.757161806253,3.256105283989,-4.));
#1770 = CARTESIAN_POINT('',(-5.803033094151,0.895410898214,-3.8));
#1771 = CARTESIAN_POINT('',(-6.202827399034,-2.895159990863,-3.6));
#1772 = CARTESIAN_POINT('',(-3.816062374807,-6.807409583085,-3.4));
#1773 = CARTESIAN_POINT('',(1.229855700551,-8.597342931861,-3.2));
#1774 = CARTESIAN_POINT('',(6.953101727809,-6.025833446463,-3.));
#1775 = CARTESIAN_POINT('',(8.684861942079,4.855791191469E-03,-2.8));
#1776 = CARTESIAN_POINT('',(6.195767753537,4.745062615491,-2.6));
#1777 = CARTESIAN_POINT('',(1.983944993059,6.551410640411,-2.4));
#1778 = CARTESIAN_POINT('',(-1.711290518354,5.616799669764,-2.2));
#1779 = CARTESIAN_POINT('',(-3.757161806253,3.256105283989,-2.));
#1780 = CARTESIAN_POINT('',(-4.133652434855,2.386565346,-4.));
#1781 = CARTESIAN_POINT('',(-5.633175666516,-0.210685078366,-3.8));
#1782 = CARTESIAN_POINT('',(-5.321071289824,-3.856661309324,-3.6));
#1783 = CARTESIAN_POINT('',(-2.360006807163,-7.110849888571,-3.4));
#1784 = CARTESIAN_POINT('',(2.722039721381,-7.881031519534,-3.2));
#1785 = CARTESIAN_POINT('',(7.649845114228,-4.416640135928,-3.));
#1786 = CARTESIAN_POINT('',(8.18619336461,1.583160210902,-2.8));
#1787 = CARTESIAN_POINT('',(4.978173242432,5.599250792416,-2.6));
#1788 = CARTESIAN_POINT('',(0.67943102275,6.536513566989,-2.4));
#1789 = CARTESIAN_POINT('',(-2.634129203193,4.983815770368,-2.2));
#1790 = CARTESIAN_POINT('',(-4.133652434855,2.386565346,-2.));
#1791 = DEFINITIONAL_REPRESENTATION('',(#1792),#1796);
#1792 = LINE('',#1793,#1794);
#1793 = CARTESIAN_POINT('',(0.,0.));
#1794 = VECTOR('',#1795,1.);
#1795 = DIRECTION('',(1.,0.));
#1796 = ( GEOMETRIC_REPRESENTATION_CONTEXT(2) 
PARAMETRIC_REPRESENTATION_CONTEXT() REPRESENTATION_CONTEXT('2D SPACE',''
  ) );
#1797 = ADVANCED_FACE('',(#1798),#1121,.T.);
#1798 = FACE_BOUND('',#1799,.T.);
#1799 = EDGE_LOOP('',(#1800,#1801,#1802,#1834));
#1800 = ORIENTED_EDGE('',*,*,#1616,.F.);
#1801 = ORIENTED_EDGE('',*,*,#1097,.T.);
#1802 = ORIENTED_EDGE('',*,*,#1803,.T.);
#1803 = EDGE_CURVE('',#937,#1804,#1806,.T.);
#1804 = VERTEX_POINT('',#1805);
#1805 = CARTESIAN_POINT('',(-4.133652434855,-2.386565346,-4.));
#1806 = SURFACE_CURVE('',#1807,(#1820,#1827),.PCURVE_S1.);
#1807 = ( BOUNDED_CURVE() B_SPLINE_CURVE(11,(#1808,#1809,#1810,#1811,
    #1812,#1813,#1814,#1815,#1816,#1817,#1818,#1819),.UNSPECIFIED.,.F.,
.F.) B_SPLINE_CURVE_WITH_KNOTS((12,12),(0.,2.),
.PIECEWISE_BEZIER_KNOTS.) CURVE() GEOMETRIC_REPRESENTATION_ITEM() 
RATIONAL_B_SPLINE_CURVE((1.013815801033,1.013815801033,1.013815801033,
    1.013815801033,1.013815801033,1.013815801033,1.013815801033,
    1.013815801033,1.013815801033,1.013815801033,1.013815801033,
1.013815801033)) REPRESENTATION_ITEM('') );
#1808 = CARTESIAN_POINT('',(-4.133652434855,-2.386565346,-6.));
#1809 = CARTESIAN_POINT('',(-2.770449496982,-4.747702095424,
    -5.818181818182));
#1810 = CARTESIAN_POINT('',(7.594629669106E-02,-6.252439517799,
    -5.636363636364));
#1811 = CARTESIAN_POINT('',(3.81102105027,-5.863930088437,
    -5.454545454546));
#1812 = CARTESIAN_POINT('',(7.006560468971,-3.020901346774,
    -5.272727272727));
#1813 = CARTESIAN_POINT('',(7.913660371367,1.654781467391,-5.09090909091
    ));
#1814 = CARTESIAN_POINT('',(5.389912974143,6.026040184831,-4.90909090909
    ));
#1815 = CARTESIAN_POINT('',(0.887102925865,7.578310032658,
    -4.727272727273));
#1816 = CARTESIAN_POINT('',(-3.172801897474,6.232406088121,
    -4.545454545454));
#1817 = CARTESIAN_POINT('',(-5.376798309691,3.19199118115,
    -4.363636363636));
#1818 = CARTESIAN_POINT('',(-5.496855372729,-2.542859657427E-02,
    -4.181818181818));
#1819 = CARTESIAN_POINT('',(-4.133652434855,-2.386565346,-4.));
#1820 = PCURVE('',#1121,#1821);
#1821 = DEFINITIONAL_REPRESENTATION('',(#1822),#1826);
#1822 = LINE('',#1823,#1824);
#1823 = CARTESIAN_POINT('',(3.665191429188,0.));
#1824 = VECTOR('',#1825,1.);
#1825 = DIRECTION('',(0.,1.));
#1826 = ( GEOMETRIC_REPRESENTATION_CONTEXT(2) 
PARAMETRIC_REPRESENTATION_CONTEXT() REPRESENTATION_CONTEXT('2D SPACE',''
  ) );
#1827 = PCURVE('',#968,#1828);
#1828 = DEFINITIONAL_REPRESENTATION('',(#1829),#1833);
#1829 = LINE('',#1830,#1831);
#1830 = CARTESIAN_POINT('',(0.,0.));
#1831 = VECTOR('',#1832,1.);
#1832 = DIRECTION('',(0.,1.));
#1833 = ( GEOMETRIC_REPRESENTATION_CONTEXT(2) 
PARAMETRIC_REPRESENTATION_CONTEXT() REPRESENTATION_CONTEXT('2D SPACE',''
  ) );
#1834 = ORIENTED_EDGE('',*,*,#1835,.F.);
#1835 = EDGE_CURVE('',#1617,#1804,#1836,.T.);
#1836 = SURFACE_CURVE('',#1837,(#1845,#1852),.PCURVE_S1.);
#1837 = ( BOUNDED_CURVE() B_SPLINE_CURVE(6,(#1838,#1839,#1840,#1841,
#1842,#1843,#1844),.UNSPECIFIED.,.F.,.F.) B_SPLINE_CURVE_WITH_KNOTS((7,7
),(2.617993877991,3.665191429188),.PIECEWISE_BEZIER_KNOTS.) CURVE() 
GEOMETRIC_REPRESENTATION_ITEM() RATIONAL_B_SPLINE_CURVE((1.013815801033,
    1.004520331021,0.999080478963,0.997285502839,0.999080478963,
1.004520331021,1.013815801033)) REPRESENTATION_ITEM('') );
#1838 = CARTESIAN_POINT('',(-4.133652434855,2.386565346,-4.));
#1839 = CARTESIAN_POINT('',(-4.554040953329,1.658431073086,-4.));
#1840 = CARTESIAN_POINT('',(-4.816376706691,0.849950910247,-4.));
#1841 = CARTESIAN_POINT('',(-4.90556017208,1.973005445863E-13,-4.));
#1842 = CARTESIAN_POINT('',(-4.816376706691,-0.849950910247,-4.));
#1843 = CARTESIAN_POINT('',(-4.554040953329,-1.658431073085,-4.));
#1844 = CARTESIAN_POINT('',(-4.133652434855,-2.386565346,-4.));
#1845 = PCURVE('',#1121,#1846);
#1846 = DEFINITIONAL_REPRESENTATION('',(#1847),#1851);
#1847 = LINE('',#1848,#1849);
#1848 = CARTESIAN_POINT('',(0.,2.));
#1849 = VECTOR('',#1850,1.);
#1850 = DIRECTION('',(1.,0.));
#1851 = ( GEOMETRIC_REPRESENTATION_CONTEXT(2) 
PARAMETRIC_REPRESENTATION_CONTEXT() REPRESENTATION_CONTEXT('2D SPACE',''
  ) );
#1852 = PCURVE('',#1853,#1938);
#1853 = ( BOUNDED_SURFACE() B_SPLINE_SURFACE(6,11,(
    (#1854,#1855,#1856,#1857,#1858,#1859,#1860,#1861,#1862,#1863,#1864
      ,#1865)
    ,(#1866,#1867,#1868,#1869,#1870,#1871,#1872,#1873,#1874,#1875,#1876
      ,#1877)
    ,(#1878,#1879,#1880,#1881,#1882,#1883,#1884,#1885,#1886,#1887,#1888
      ,#1889)
    ,(#1890,#1891,#1892,#1893,#1894,#1895,#1896,#1897,#1898,#1899,#1900
      ,#1901)
    ,(#1902,#1903,#1904,#1905,#1906,#1907,#1908,#1909,#1910,#1911,#1912
      ,#1913)
    ,(#1914,#1915,#1916,#1917,#1918,#1919,#1920,#1921,#1922,#1923,#1924
      ,#1925)
    ,(#1926,#1927,#1928,#1929,#1930,#1931,#1932,#1933,#1934,#1935,#1936
,#1937
    )),.UNSPECIFIED.,.F.,.F.,.F.) B_SPLINE_SURFACE_WITH_KNOTS((7,7),(12,
    12),(2.617993877991,3.665191429188),(0.,2.),
.PIECEWISE_BEZIER_KNOTS.) GEOMETRIC_REPRESENTATION_ITEM() 
RATIONAL_B_SPLINE_SURFACE((
    (1.013815801033,1.013815801033,1.013815801033,1.013815801033
      ,1.013815801033,1.013815801033,1.013815801033,1.013815801033
      ,1.013815801033,1.013815801033,1.013815801033,1.013815801033)
    ,(1.004520331021,1.004520331021,1.004520331021,1.004520331021
      ,1.004520331021,1.004520331022,1.004520331021,1.004520331022
      ,1.004520331021,1.004520331021,1.004520331021,1.004520331021)
    ,(0.999080478963,0.999080478963,0.999080478963,0.999080478963
      ,0.999080478964,0.999080478963,0.999080478964,0.999080478963
      ,0.999080478963,0.999080478963,0.999080478963,0.999080478963)
    ,(0.997285502839,0.997285502839,0.997285502839,0.997285502839
      ,0.997285502839,0.997285502839,0.997285502839,0.997285502839
      ,0.997285502839,0.997285502839,0.997285502839,0.997285502839)
    ,(0.999080478963,0.999080478963,0.999080478963,0.999080478963
      ,0.999080478963,0.999080478963,0.999080478963,0.999080478964
      ,0.999080478963,0.999080478963,0.999080478963,0.999080478963)
    ,(1.004520331021,1.004520331021,1.004520331021,1.004520331021
      ,1.004520331021,1.004520331021,1.004520331021,1.004520331021
      ,1.004520331021,1.004520331021,1.004520331021,1.004520331021)
    ,(1.013815801033,1.013815801033,1.013815801033,1.013815801033
      ,1.013815801033,1.013815801033,1.013815801033,1.013815801033
      ,1.013815801033,1.013815801033,1.013815801033,1.013815801033
))) REPRESENTATION_ITEM('') SURFACE() );
#1854 = CARTESIAN_POINT('',(-4.133652434855,2.386565346,-4.));
#1855 = CARTESIAN_POINT('',(-5.496855372729,2.542859657625E-02,
    -3.818181818182));
#1856 = CARTESIAN_POINT('',(-5.376798309694,-3.191991181157,
    -3.636363636364));
#1857 = CARTESIAN_POINT('',(-3.172801897467,-6.23240608811,
    -3.454545454546));
#1858 = CARTESIAN_POINT('',(0.887102925853,-7.578310032667,
    -3.272727272727));
#1859 = CARTESIAN_POINT('',(5.389912974156,-6.026040184831,
    -3.09090909091));
#1860 = CARTESIAN_POINT('',(7.91366037136,-1.65478146738,-2.90909090909)
  );
#1861 = CARTESIAN_POINT('',(7.006560468969,3.020901346758,
    -2.727272727273));
#1862 = CARTESIAN_POINT('',(3.811021050276,5.863930088449,
    -2.545454545454));
#1863 = CARTESIAN_POINT('',(7.594629668709E-02,6.252439517793,
    -2.363636363636));
#1864 = CARTESIAN_POINT('',(-2.770449496981,4.747702095425,
    -2.181818181818));
#1865 = CARTESIAN_POINT('',(-4.133652434855,2.386565346,-2.));
#1866 = CARTESIAN_POINT('',(-4.554040953329,1.658431073085,-4.));
#1867 = CARTESIAN_POINT('',(-5.50133456709,-0.942831036573,
    -3.818181818182));
#1868 = CARTESIAN_POINT('',(-4.814535706713,-4.139103012532,
    -3.636363636363));
#1869 = CARTESIAN_POINT('',(-2.074976536725,-6.791288538705,
    -3.454545454547));
#1870 = CARTESIAN_POINT('',(2.222006465163,-7.422048698636,
    -3.272727272724));
#1871 = CARTESIAN_POINT('',(6.451387410544,-5.076618232603,
    -3.090909090913));
#1872 = CARTESIAN_POINT('',(8.205146682704,-0.260806663886,
    -2.909090909087));
#1873 = CARTESIAN_POINT('',(6.474434984219,4.255092390417,
    -2.727272727276));
#1874 = CARTESIAN_POINT('',(2.778101969957,6.535233514474,
    -2.545454545453));
#1875 = CARTESIAN_POINT('',(-1.025407910997,6.265817299884,
    -2.363636363637));
#1876 = CARTESIAN_POINT('',(-3.606747339566,4.259693182746,
    -2.181818181818));
#1877 = CARTESIAN_POINT('',(-4.554040953329,1.658431073086,-2.));
#1878 = CARTESIAN_POINT('',(-4.816376706691,0.849950910247,-4.));
#1879 = CARTESIAN_POINT('',(-5.301867531335,-1.901157031327,
    -3.818181818182));
#1880 = CARTESIAN_POINT('',(-4.05914662145,-4.957174397068,
    -3.636363636363));
#1881 = CARTESIAN_POINT('',(-0.871794157368,-7.112712990943,
    -3.454545454546));
#1882 = CARTESIAN_POINT('',(3.509008994183,-6.986439002206,
    -3.272727272726));
#1883 = CARTESIAN_POINT('',(7.30100878128,-3.914336467584,-3.09090909091
    ));
#1884 = CARTESIAN_POINT('',(8.199815680111,1.178890163686,-2.90909090909
    ));
#1885 = CARTESIAN_POINT('',(5.688391393118,5.363364374277,
    -2.727272727273));
#1886 = CARTESIAN_POINT('',(1.615423165799,6.981484021322,
    -2.545454545454));
#1887 = CARTESIAN_POINT('',(-2.117207235922,6.047121862295,
    -2.363636363636));
#1888 = CARTESIAN_POINT('',(-4.330885882046,3.601058851823,
    -2.181818181818));
#1889 = CARTESIAN_POINT('',(-4.816376706691,0.849950910247,-2.));
#1890 = CARTESIAN_POINT('',(-4.90556017208,1.682048856935E-14,-4.));
#1891 = CARTESIAN_POINT('',(-4.905560172081,-2.802049417881,
    -3.818181818182));
#1892 = CARTESIAN_POINT('',(-3.145359814702,-5.604029827728,
    -3.636363636364));
#1893 = CARTESIAN_POINT('',(0.378699286695,-7.177587606955,
    -3.454545454546));
#1894 = CARTESIAN_POINT('',(4.683853005512,-6.289240570886,
    -3.272727272727));
#1895 = CARTESIAN_POINT('',(7.893924389943,-2.593768223631,
    -3.09090909091));
#1896 = CARTESIAN_POINT('',(7.893924389942,2.59376822364,-2.90909090909)
  );
#1897 = CARTESIAN_POINT('',(4.683853005513,6.289240570866,
    -2.727272727273));
#1898 = CARTESIAN_POINT('',(0.378699286695,7.177587606972,
    -2.545454545454));
#1899 = CARTESIAN_POINT('',(-3.145359814703,5.604029827719,
    -2.363636363636));
#1900 = CARTESIAN_POINT('',(-4.90556017208,2.802049417883,
    -2.181818181818));
#1901 = CARTESIAN_POINT('',(-4.90556017208,1.985020602989E-13,-2.));
#1902 = CARTESIAN_POINT('',(-4.816376706691,-0.849950910247,-4.));
#1903 = CARTESIAN_POINT('',(-4.330885882047,-3.601058851821,
    -3.818181818182));
#1904 = CARTESIAN_POINT('',(-2.11720723592,-6.047121862303,
    -3.636363636364));
#1905 = CARTESIAN_POINT('',(1.615423165797,-6.981484021305,
    -3.454545454545));
#1906 = CARTESIAN_POINT('',(5.68839139312,-5.363364374297,
    -3.272727272727));
#1907 = CARTESIAN_POINT('',(8.199815680113,-1.178890163675,
    -3.090909090909));
#1908 = CARTESIAN_POINT('',(7.301008781276,3.914336467589,-2.90909090909
    ));
#1909 = CARTESIAN_POINT('',(3.509008994187,6.98643900219,-2.727272727273
    ));
#1910 = CARTESIAN_POINT('',(-0.87179415737,7.112712990958,
    -2.545454545454));
#1911 = CARTESIAN_POINT('',(-4.059146621449,4.95717439706,
    -2.363636363637));
#1912 = CARTESIAN_POINT('',(-5.301867531336,1.901157031329,
    -2.181818181818));
#1913 = CARTESIAN_POINT('',(-4.816376706691,-0.849950910247,-2.));
#1914 = CARTESIAN_POINT('',(-4.554040953329,-1.658431073085,-4.));
#1915 = CARTESIAN_POINT('',(-3.606747339567,-4.259693182743,
    -3.818181818182));
#1916 = CARTESIAN_POINT('',(-1.025407910995,-6.265817299893,
    -3.636363636364));
#1917 = CARTESIAN_POINT('',(2.778101969953,-6.535233514456,
    -3.454545454546));
#1918 = CARTESIAN_POINT('',(6.474434984222,-4.255092390438,
    -3.272727272727));
#1919 = CARTESIAN_POINT('',(8.205146682706,0.260806663897,-3.09090909091
    ));
#1920 = CARTESIAN_POINT('',(6.451387410536,5.07661823261,-2.90909090909)
  );
#1921 = CARTESIAN_POINT('',(2.222006465174,7.422048698618,
    -2.727272727273));
#1922 = CARTESIAN_POINT('',(-2.074976536734,6.791288538721,
    -2.545454545454));
#1923 = CARTESIAN_POINT('',(-4.814535706709,4.139103012524,
    -2.363636363637));
#1924 = CARTESIAN_POINT('',(-5.501334567091,0.942831036575,
    -2.181818181818));
#1925 = CARTESIAN_POINT('',(-4.554040953329,-1.658431073085,-2.));
#1926 = CARTESIAN_POINT('',(-4.133652434855,-2.386565346,-4.));
#1927 = CARTESIAN_POINT('',(-2.770449496982,-4.747702095424,
    -3.818181818182));
#1928 = CARTESIAN_POINT('',(7.594629669105E-02,-6.252439517799,
    -3.636363636364));
#1929 = CARTESIAN_POINT('',(3.81102105027,-5.863930088437,
    -3.454545454546));
#1930 = CARTESIAN_POINT('',(7.006560468971,-3.020901346774,
    -3.272727272727));
#1931 = CARTESIAN_POINT('',(7.913660371367,1.654781467391,-3.09090909091
    ));
#1932 = CARTESIAN_POINT('',(5.389912974143,6.026040184831,-2.90909090909
    ));
#1933 = CARTESIAN_POINT('',(0.887102925865,7.578310032658,
    -2.727272727273));
#1934 = CARTESIAN_POINT('',(-3.172801897474,6.232406088121,
    -2.545454545454));
#1935 = CARTESIAN_POINT('',(-5.376798309691,3.19199118115,
    -2.363636363636));
#1936 = CARTESIAN_POINT('',(-5.496855372729,-2.542859657427E-02,
    -2.181818181818));
#1937 = CARTESIAN_POINT('',(-4.133652434855,-2.386565346,-2.));
#1938 = DEFINITIONAL_REPRESENTATION('',(#1939),#1943);
#1939 = LINE('',#1940,#1941);
#1940 = CARTESIAN_POINT('',(0.,0.));
#1941 = VECTOR('',#1942,1.);
#1942 = DIRECTION('',(1.,0.));
#1943 = ( GEOMETRIC_REPRESENTATION_CONTEXT(2) 
PARAMETRIC_REPRESENTATION_CONTEXT() REPRESENTATION_CONTEXT('2D SPACE',''
  ) );
#1944 = ADVANCED_FACE('',(#1945),#968,.T.);
#1945 = FACE_BOUND('',#1946,.T.);
#1946 = EDGE_LOOP('',(#1947,#1948,#1949,#1950));
#1947 = ORIENTED_EDGE('',*,*,#1803,.F.);
#1948 = ORIENTED_EDGE('',*,*,#936,.T.);
#1949 = ORIENTED_EDGE('',*,*,#1436,.T.);
#1950 = ORIENTED_EDGE('',*,*,#1951,.F.);
#1951 = EDGE_CURVE('',#1804,#1437,#1952,.T.);
#1952 = SURFACE_CURVE('',#1953,(#1965,#1972),.PCURVE_S1.);
#1953 = B_SPLINE_CURVE_WITH_KNOTS('',6,(#1954,#1955,#1956,#1957,#1958,
    #1959,#1960,#1961,#1962,#1963,#1964),.UNSPECIFIED.,.F.,.F.,(7,4,7),(
    0.,0.471825918402,1.),.UNSPECIFIED.);
#1954 = CARTESIAN_POINT('',(-4.133652434855,-2.386565346,-4.));
#1955 = CARTESIAN_POINT('',(-3.757161806254,-3.256105283988,-4.));
#1956 = CARTESIAN_POINT('',(-3.172205956681,-4.035424063087,-4.));
#1957 = CARTESIAN_POINT('',(-2.412956286605,-4.664964386211,-4.));
#1958 = CARTESIAN_POINT('',(-1.534187473954,-5.1048738524,-4.));
#1959 = CARTESIAN_POINT('',(0.457155104386,-5.604069327516,-4.));
#1960 = CARTESIAN_POINT('',(2.481519742579,-5.200791101031,-4.));
#1961 = CARTESIAN_POINT('',(3.484882478027,-4.740884712195,-4.));
#1962 = CARTESIAN_POINT('',(4.355529417517,-4.06829304611,-4.));
#1963 = CARTESIAN_POINT('',(5.049395722064,-3.234825384571,-4.));
#1964 = CARTESIAN_POINT('',(5.543277195068,-2.296100594191,-4.));
#1965 = PCURVE('',#968,#1966);
#1966 = DEFINITIONAL_REPRESENTATION('',(#1967),#1971);
#1967 = LINE('',#1968,#1969);
#1968 = CARTESIAN_POINT('',(0.,2.));
#1969 = VECTOR('',#1970,1.);
#1970 = DIRECTION('',(1.,0.));
#1971 = ( GEOMETRIC_REPRESENTATION_CONTEXT(2) 
PARAMETRIC_REPRESENTATION_CONTEXT() REPRESENTATION_CONTEXT('2D SPACE',''
  ) );
#1972 = PCURVE('',#1973,#2095);
#1973 = B_SPLINE_SURFACE_WITH_KNOTS('',6,10,(
    (#1974,#1975,#1976,#1977,#1978,#1979,#1980,#1981,#1982,#1983,#1984)
    ,(#1985,#1986,#1987,#1988,#1989,#1990,#1991,#1992,#1993,#1994,#1995)
    ,(#1996,#1997,#1998,#1999,#2000,#2001,#2002,#2003,#2004,#2005,#2006)
    ,(#2007,#2008,#2009,#2010,#2011,#2012,#2013,#2014,#2015,#2016,#2017)
    ,(#2018,#2019,#2020,#2021,#2022,#2023,#2024,#2025,#2026,#2027,#2028)
    ,(#2029,#2030,#2031,#2032,#2033,#2034,#2035,#2036,#2037,#2038,#2039)
    ,(#2040,#2041,#2042,#2043,#2044,#2045,#2046,#2047,#2048,#2049,#2050)
    ,(#2051,#2052,#2053,#2054,#2055,#2056,#2057,#2058,#2059,#2060,#2061)
    ,(#2062,#2063,#2064,#2065,#2066,#2067,#2068,#2069,#2070,#2071,#2072)
    ,(#2073,#2074,#2075,#2076,#2077,#2078,#2079,#2080,#2081,#2082,#2083)
    ,(#2084,#2085,#2086,#2087,#2088,#2089,#2090,#2091,#2092,#2093,#2094
    )),.UNSPECIFIED.,.F.,.F.,.F.,(7,4,7),(11,11),(0.,0.471825918402,1.),
  (0.,2.),.UNSPECIFIED.);
#1974 = CARTESIAN_POINT('',(-4.133652434855,-2.386565346,-4.));
#1975 = CARTESIAN_POINT('',(-2.634129203194,-4.983815770366,-3.8));
#1976 = CARTESIAN_POINT('',(0.679431022755,-6.536513566998,-3.6));
#1977 = CARTESIAN_POINT('',(4.978173242419,-5.599250792393,-3.4));
#1978 = CARTESIAN_POINT('',(8.186193364632,-1.58316021094,-3.2));
#1979 = CARTESIAN_POINT('',(7.649845114203,4.416640135972,-3.));
#1980 = CARTESIAN_POINT('',(2.722039721403,7.881031519497,-2.8));
#1981 = CARTESIAN_POINT('',(-2.360006807176,7.110849888593,-2.6));
#1982 = CARTESIAN_POINT('',(-5.321071289819,3.856661309315,-2.4));
#1983 = CARTESIAN_POINT('',(-5.633175666517,0.210685078368,-2.2));
#1984 = CARTESIAN_POINT('',(-4.133652434855,-2.386565346,-2.));
#1985 = CARTESIAN_POINT('',(-3.757161806253,-3.256105283989,-4.));
#1986 = CARTESIAN_POINT('',(-1.711290518355,-5.616799669763,-3.8));
#1987 = CARTESIAN_POINT('',(1.983944993066,-6.551410640419,-3.6));
#1988 = CARTESIAN_POINT('',(6.19576775352,-4.74506261547,-3.4));
#1989 = CARTESIAN_POINT('',(8.684861942108,-4.855791226014E-03,-3.2));
#1990 = CARTESIAN_POINT('',(6.953101727775,6.025833446504,-3.));
#1991 = CARTESIAN_POINT('',(1.22985570058,8.597342931826,-2.8));
#1992 = CARTESIAN_POINT('',(-3.816062374824,6.807409583105,-2.6));
#1993 = CARTESIAN_POINT('',(-6.202827399027,2.895159990855,-2.4));
#1994 = CARTESIAN_POINT('',(-5.803033094153,-0.895410898212,-2.2));
#1995 = CARTESIAN_POINT('',(-3.757161806254,-3.256105283988,-2.));
#1996 = CARTESIAN_POINT('',(-3.172205956681,-4.035424063087,-4.));
#1997 = CARTESIAN_POINT('',(-0.636674238539,-6.028579848923,-3.8));
#1998 = CARTESIAN_POINT('',(3.292080008266,-6.253583107458,-3.6));
#1999 = CARTESIAN_POINT('',(7.208638151481,-3.598953434654,-3.4));
#2000 = CARTESIAN_POINT('',(8.805189861312,1.693052466198,-3.2));
#2001 = CARTESIAN_POINT('',(5.870567160966,7.468061124966,-3.));
#2002 = CARTESIAN_POINT('',(-0.434103390495,8.955967250546,-2.8));
#2003 = CARTESIAN_POINT('',(-5.199431211058,6.154904134568,-2.6));
#2004 = CARTESIAN_POINT('',(-6.854120875509,1.722242574806,-2.4));
#2005 = CARTESIAN_POINT('',(-5.707737674825,-2.042268277249,-2.2));
#2006 = CARTESIAN_POINT('',(-3.172205956681,-4.035424063087,-2.));
#2007 = CARTESIAN_POINT('',(-2.412956286604,-4.664964386211,-4.));
#2008 = CARTESIAN_POINT('',(0.51812728239,-6.181069534896,-3.8));
#2009 = CARTESIAN_POINT('',(4.509778722655,-5.652551095133,-3.6));
#2010 = CARTESIAN_POINT('',(7.936043150115,-2.232319293254,-3.4));
#2011 = CARTESIAN_POINT('',(8.524084702109,3.392863620142,-3.2));
#2012 = CARTESIAN_POINT('',(4.465479899604,8.633104882497,-3.));
#2013 = CARTESIAN_POINT('',(-2.156570738218,8.917440563531,-2.8));
#2014 = CARTESIAN_POINT('',(-6.407728600504,5.187007276866,-2.6));
#2015 = CARTESIAN_POINT('',(-7.219265124584,0.414305528834,-2.4));
#2016 = CARTESIAN_POINT('',(-5.344039855601,-3.148859237524,-2.2));
#2017 = CARTESIAN_POINT('',(-2.412956286605,-4.664964386211,-2.));
#2018 = CARTESIAN_POINT('',(-1.534187473954,-5.1048738524,-4.));
#2019 = CARTESIAN_POINT('',(1.673299364486,-6.06883227188,-3.8));
#2020 = CARTESIAN_POINT('',(5.556188024651,-4.794799195891,-3.6));
#2021 = CARTESIAN_POINT('',(8.334060478373,-0.74199125078,-3.4));
#2022 = CARTESIAN_POINT('',(7.868196526882,4.979290119505,-3.2));
#2023 = CARTESIAN_POINT('',(2.839207392677,9.447212825445,-3.));
#2024 = CARTESIAN_POINT('',(-3.819652333226,8.491884521855,-2.8));
#2025 = CARTESIAN_POINT('',(-7.362339170672,3.975308416951,-2.6));
#2026 = CARTESIAN_POINT('',(-7.278913016293,-0.937416660436,-2.4));
#2027 = CARTESIAN_POINT('',(-4.741674312395,-4.140915432919,-2.2));
#2028 = CARTESIAN_POINT('',(-1.534187473954,-5.1048738524,-2.));
#2029 = CARTESIAN_POINT('',(0.457155104386,-5.604069327516,-4.));
#2030 = CARTESIAN_POINT('',(3.978295710291,-5.316830304018,-3.8));
#2031 = CARTESIAN_POINT('',(7.301777669031,-2.571670119781,-3.6));
#2032 = CARTESIAN_POINT('',(8.470883598645,2.477575696131,-3.4));
#2033 = CARTESIAN_POINT('',(5.81220033719,7.917586086976,-3.2));
#2034 = CARTESIAN_POINT('',(-0.846023171267,10.371037004302,-3.));
#2035 = CARTESIAN_POINT('',(-7.018580049437,6.870907967168,-2.8));
#2036 = CARTESIAN_POINT('',(-8.760435797093,1.071921133939,-2.6));
#2037 = CARTESIAN_POINT('',(-6.788442410611,-3.721087740242,-2.4));
#2038 = CARTESIAN_POINT('',(-3.063985501522,-5.891308351014,-2.2));
#2039 = CARTESIAN_POINT('',(0.457155104386,-5.604069327516,-2.));
#2040 = CARTESIAN_POINT('',(2.481519742579,-5.200791101031,-4.));
#2041 = CARTESIAN_POINT('',(5.749273165748,-3.641606262426,-3.8));
#2042 = CARTESIAN_POINT('',(7.931369944896,0.199662075431,-3.6));
#2043 = CARTESIAN_POINT('',(7.209791794989,5.462106838822,-3.4));
#2044 = CARTESIAN_POINT('',(2.67950543978,9.702922712131,-3.2));
#2045 = CARTESIAN_POINT('',(-4.592365221286,9.624719789876,-3.));
#2046 = CARTESIAN_POINT('',(-9.2279504738,4.021366510502,-2.8));
#2047 = CARTESIAN_POINT('',(-8.781532961175,-2.168037752939,-2.6));
#2048 = CARTESIAN_POINT('',(-5.144894269388,-6.039582527278,-2.4));
#2049 = CARTESIAN_POINT('',(-0.786233680593,-6.759975939636,-2.2));
#2050 = CARTESIAN_POINT('',(2.481519742579,-5.200791101031,-2.));
#2051 = CARTESIAN_POINT('',(3.484882478027,-4.740884712195,-4.));
#2052 = CARTESIAN_POINT('',(6.463668194696,-2.551268473877,-3.8));
#2053 = CARTESIAN_POINT('',(7.91653576949,1.719243678552,-3.6));
#2054 = CARTESIAN_POINT('',(6.184980532337,6.859022774362,-3.4));
#2055 = CARTESIAN_POINT('',(0.829137384992,10.244725789061,-3.2));
#2056 = CARTESIAN_POINT('',(-6.44921449454,8.773605019802,-3.));
#2057 = CARTESIAN_POINT('',(-10.02534121358,2.265923398231,-2.8));
#2058 = CARTESIAN_POINT('',(-8.392230048033,-3.856248491226,-2.6));
#2059 = CARTESIAN_POINT('',(-4.003393314729,-7.042739480006,-2.4));
#2060 = CARTESIAN_POINT('',(0.506096761356,-6.930500950514,-2.2));
#2061 = CARTESIAN_POINT('',(3.484882478027,-4.740884712195,-2.));
#2062 = CARTESIAN_POINT('',(4.355529417517,-4.068293046109,-4.));
#2063 = CARTESIAN_POINT('',(6.911713326778,-1.331633201997,-3.8));
#2064 = CARTESIAN_POINT('',(7.559813359983,3.191393871396,-3.6));
#2065 = CARTESIAN_POINT('',(4.875217972749,7.984547172018,-3.4));
#2066 = CARTESIAN_POINT('',(-1.089596287677,10.35397335084,-3.2));
#2067 = CARTESIAN_POINT('',(-8.060456450947,7.528889323027,-3.));
#2068 = CARTESIAN_POINT('',(-10.40414462253,0.381783829691,-2.8));
#2069 = CARTESIAN_POINT('',(-7.633916510789,-5.407777966121,-2.6));
#2070 = CARTESIAN_POINT('',(-2.669029471547,-7.759642682495,-2.4));
#2071 = CARTESIAN_POINT('',(1.799345508254,-6.804952890223,-2.2));
#2072 = CARTESIAN_POINT('',(4.355529417517,-4.06829304611,-2.));
#2073 = CARTESIAN_POINT('',(5.049395722064,-3.23482538457,-4.));
#2074 = CARTESIAN_POINT('',(7.081896454826,-6.219648347067E-02,-3.8));
#2075 = CARTESIAN_POINT('',(6.901594331322,4.531628818295,-3.6));
#2076 = CARTESIAN_POINT('',(3.374110228788,8.787342476919,-3.4));
#2077 = CARTESIAN_POINT('',(-2.959244664515,10.048580502755,-3.2));
#2078 = CARTESIAN_POINT('',(-9.344543549075,5.986452309032,-3.));
#2079 = CARTESIAN_POINT('',(-10.36552957514,-1.512248567803,-2.8));
#2080 = CARTESIAN_POINT('',(-6.572288741918,-6.738473739369,-2.6));
#2081 = CARTESIAN_POINT('',(-1.231674356846,-8.163984464673,-2.4));
#2082 = CARTESIAN_POINT('',(3.0168949893,-6.407454285673,-2.2));
#2083 = CARTESIAN_POINT('',(5.049395722064,-3.234825384571,-2.));
#2084 = CARTESIAN_POINT('',(5.543277195068,-2.296100594191,-4.));
#2085 = CARTESIAN_POINT('',(6.98595974679,1.186843188376,-3.8));
#2086 = CARTESIAN_POINT('',(5.998771598577,5.679550596115,-3.6));
#2087 = CARTESIAN_POINT('',(1.774513903085,9.249348604482,-3.4));
#2088 = CARTESIAN_POINT('',(-4.68552013731,9.375369589141,-3.2));
#2089 = CARTESIAN_POINT('',(-10.25853349689,4.249223704438,-3.));
#2090 = CARTESIAN_POINT('',(-9.94255047507,-3.316224350084,-2.8));
#2091 = CARTESIAN_POINT('',(-5.285506305618,-7.795047933998,-2.6));
#2092 = CARTESIAN_POINT('',(0.225723335543,-8.257820816737,-2.4));
#2093 = CARTESIAN_POINT('',(4.100594643344,-5.779044376759,-2.2));
#2094 = CARTESIAN_POINT('',(5.543277195068,-2.296100594191,-2.));
#2095 = DEFINITIONAL_REPRESENTATION('',(#2096),#2100);
#2096 = LINE('',#2097,#2098);
#2097 = CARTESIAN_POINT('',(0.,0.));
#2098 = VECTOR('',#2099,1.);
#2099 = DIRECTION('',(1.,0.));
#2100 = ( GEOMETRIC_REPRESENTATION_CONTEXT(2) 
PARAMETRIC_REPRESENTATION_CONTEXT() REPRESENTATION_CONTEXT('2D SPACE',''
  ) );
#2101 = ADVANCED_FACE('',(#2102),#1519,.T.);
#2102 = FACE_BOUND('',#2103,.T.);
#2103 = EDGE_LOOP('',(#2104,#2136,#2137,#2169));
#2104 = ORIENTED_EDGE('',*,*,#2105,.F.);
#2105 = EDGE_CURVE('',#1437,#2106,#2108,.T.);
#2106 = VERTEX_POINT('',#2107);
#2107 = CARTESIAN_POINT('',(5.543277195068,-2.296100594191,-2.));
#2108 = SURFACE_CURVE('',#2109,(#2122,#2129),.PCURVE_S1.);
#2109 = ( BOUNDED_CURVE() B_SPLINE_CURVE(11,(#2110,#2111,#2112,#2113,
    #2114,#2115,#2116,#2117,#2118,#2119,#2120,#2121),.UNSPECIFIED.,.F.,
.F.) B_SPLINE_CURVE_WITH_KNOTS((12,12),(0.,2.),
.PIECEWISE_BEZIER_KNOTS.) CURVE() GEOMETRIC_REPRESENTATION_ITEM() 
RATIONAL_B_SPLINE_CURVE((1.007744716361,1.007744716361,1.007744716361,
    1.007744716361,1.007744716361,1.007744716361,1.007744716361,
    1.007744716361,1.007744716361,1.007744716361,1.007744716361,
1.007744716361)) REPRESENTATION_ITEM('') );
#2110 = CARTESIAN_POINT('',(5.543277195068,-2.296100594191,-4.));
#2111 = CARTESIAN_POINT('',(6.854806787542,0.870211935415,
    -3.818181818182));
#2112 = CARTESIAN_POINT('',(6.177279757141,4.860327336466,
    -3.636363636364));
#2113 = CARTESIAN_POINT('',(2.931617908043,8.287919815117,
    -3.454545454545));
#2114 = CARTESIAN_POINT('',(-2.349001160816,9.299162562427,
    -3.272727272729));
#2115 = CARTESIAN_POINT('',(-7.706083905783,6.625791874,-3.090909090907)
  );
#2116 = CARTESIAN_POINT('',(-10.13416655099,0.763881821322,
    -2.909090909093));
#2117 = CARTESIAN_POINT('',(-8.236495557076,-4.914506257398,
    -2.727272727271));
#2118 = CARTESIAN_POINT('',(-3.787477400579,-7.933411205843,
    -2.545454545455));
#2119 = CARTESIAN_POINT('',(0.931225987163,-7.804766823953,
    -2.363636363636));
#2120 = CARTESIAN_POINT('',(4.231747602592,-5.462413123799,
    -2.181818181818));
#2121 = CARTESIAN_POINT('',(5.543277195068,-2.296100594191,-2.));
#2122 = PCURVE('',#1519,#2123);
#2123 = DEFINITIONAL_REPRESENTATION('',(#2124),#2128);
#2124 = LINE('',#2125,#2126);
#2125 = CARTESIAN_POINT('',(5.890486225481,0.));
#2126 = VECTOR('',#2127,1.);
#2127 = DIRECTION('',(0.,1.));
#2128 = ( GEOMETRIC_REPRESENTATION_CONTEXT(2) 
PARAMETRIC_REPRESENTATION_CONTEXT() REPRESENTATION_CONTEXT('2D SPACE',''
  ) );
#2129 = PCURVE('',#1973,#2130);
#2130 = DEFINITIONAL_REPRESENTATION('',(#2131),#2135);
#2131 = LINE('',#2132,#2133);
#2132 = CARTESIAN_POINT('',(1.,0.));
#2133 = VECTOR('',#2134,1.);
#2134 = DIRECTION('',(0.,1.));
#2135 = ( GEOMETRIC_REPRESENTATION_CONTEXT(2) 
PARAMETRIC_REPRESENTATION_CONTEXT() REPRESENTATION_CONTEXT('2D SPACE',''
  ) );
#2136 = ORIENTED_EDGE('',*,*,#1501,.T.);
#2137 = ORIENTED_EDGE('',*,*,#2138,.T.);
#2138 = EDGE_CURVE('',#1470,#2139,#2141,.T.);
#2139 = VERTEX_POINT('',#2140);
#2140 = CARTESIAN_POINT('',(5.543277195068,2.29610059419,-2.));
#2141 = SURFACE_CURVE('',#2142,(#2155,#2162),.PCURVE_S1.);
#2142 = ( BOUNDED_CURVE() B_SPLINE_CURVE(11,(#2143,#2144,#2145,#2146,
    #2147,#2148,#2149,#2150,#2151,#2152,#2153,#2154),.UNSPECIFIED.,.F.,
.F.) B_SPLINE_CURVE_WITH_KNOTS((12,12),(0.,2.),
.PIECEWISE_BEZIER_KNOTS.) CURVE() GEOMETRIC_REPRESENTATION_ITEM() 
RATIONAL_B_SPLINE_CURVE((1.007744716361,1.007744716361,1.007744716361,
    1.007744716361,1.007744716361,1.007744716361,1.007744716361,
    1.007744716361,1.007744716361,1.007744716361,1.007744716361,
1.007744716361)) REPRESENTATION_ITEM('') );
#2143 = CARTESIAN_POINT('',(5.543277195068,2.296100594191,-4.));
#2144 = CARTESIAN_POINT('',(4.231747602593,5.462413123796,
    -3.818181818182));
#2145 = CARTESIAN_POINT('',(0.93122598716,7.804766823962,-3.636363636364
    ));
#2146 = CARTESIAN_POINT('',(-3.787477400575,7.933411205825,
    -3.454545454545));
#2147 = CARTESIAN_POINT('',(-8.236495557075,4.914506257419,
    -3.272727272729));
#2148 = CARTESIAN_POINT('',(-10.13416655101,-0.763881821334,
    -3.090909090907));
#2149 = CARTESIAN_POINT('',(-7.706083905766,-6.625791874005,
    -2.909090909093));
#2150 = CARTESIAN_POINT('',(-2.349001160833,-9.29916256241,
    -2.727272727271));
#2151 = CARTESIAN_POINT('',(2.931617908054,-8.287919815134,
    -2.545454545455));
#2152 = CARTESIAN_POINT('',(6.177279757137,-4.860327336457,
    -2.363636363636));
#2153 = CARTESIAN_POINT('',(6.854806787543,-0.870211935418,
    -2.181818181818));
#2154 = CARTESIAN_POINT('',(5.543277195068,2.29610059419,-2.));
#2155 = PCURVE('',#1519,#2156);
#2156 = DEFINITIONAL_REPRESENTATION('',(#2157),#2161);
#2157 = LINE('',#2158,#2159);
#2158 = CARTESIAN_POINT('',(6.675884388878,0.));
#2159 = VECTOR('',#2160,1.);
#2160 = DIRECTION('',(0.,1.));
#2161 = ( GEOMETRIC_REPRESENTATION_CONTEXT(2) 
PARAMETRIC_REPRESENTATION_CONTEXT() REPRESENTATION_CONTEXT('2D SPACE',''
  ) );
#2162 = PCURVE('',#1669,#2163);
#2163 = DEFINITIONAL_REPRESENTATION('',(#2164),#2168);
#2164 = LINE('',#2165,#2166);
#2165 = CARTESIAN_POINT('',(0.,0.));
#2166 = VECTOR('',#2167,1.);
#2167 = DIRECTION('',(0.,1.));
#2168 = ( GEOMETRIC_REPRESENTATION_CONTEXT(2) 
PARAMETRIC_REPRESENTATION_CONTEXT() REPRESENTATION_CONTEXT('2D SPACE',''
  ) );
#2169 = ORIENTED_EDGE('',*,*,#2170,.F.);
#2170 = EDGE_CURVE('',#2106,#2139,#2171,.T.);
#2171 = SURFACE_CURVE('',#2172,(#2180,#2187),.PCURVE_S1.);
#2172 = ( BOUNDED_CURVE() B_SPLINE_CURVE(6,(#2173,#2174,#2175,#2176,
#2177,#2178,#2179),.UNSPECIFIED.,.F.,.F.) B_SPLINE_CURVE_WITH_KNOTS((7,7
),(5.890486225481,6.675884388878),.PIECEWISE_BEZIER_KNOTS.) CURVE() 
GEOMETRIC_REPRESENTATION_ITEM() RATIONAL_B_SPLINE_CURVE((1.007744716361,
    1.002554895352,0.999483957836,0.998466654399,0.999483957836,
1.002554895352,1.007744716361)) REPRESENTATION_ITEM('') );
#2173 = CARTESIAN_POINT('',(5.543277195068,-2.296100594191,-2.));
#2174 = CARTESIAN_POINT('',(5.845391909743,-1.56673115263,-2.));
#2175 = CARTESIAN_POINT('',(6.030696573177,-0.794320187759,-2.));
#2176 = CARTESIAN_POINT('',(6.093149589838,-2.542821072041E-13,-2.));
#2177 = CARTESIAN_POINT('',(6.030696573177,0.794320187759,-2.));
#2178 = CARTESIAN_POINT('',(5.845391909743,1.56673115263,-2.));
#2179 = CARTESIAN_POINT('',(5.543277195068,2.29610059419,-2.));
#2180 = PCURVE('',#1519,#2181);
#2181 = DEFINITIONAL_REPRESENTATION('',(#2182),#2186);
#2182 = LINE('',#2183,#2184);
#2183 = CARTESIAN_POINT('',(0.,2.));
#2184 = VECTOR('',#2185,1.);
#2185 = DIRECTION('',(1.,0.));
#2186 = ( GEOMETRIC_REPRESENTATION_CONTEXT(2) 
PARAMETRIC_REPRESENTATION_CONTEXT() REPRESENTATION_CONTEXT('2D SPACE',''
  ) );
#2187 = PCURVE('',#2188,#2273);
#2188 = ( BOUNDED_SURFACE() B_SPLINE_SURFACE(6,11,(
    (#2189,#2190,#2191,#2192,#2193,#2194,#2195,#2196,#2197,#2198,#2199
      ,#2200)
    ,(#2201,#2202,#2203,#2204,#2205,#2206,#2207,#2208,#2209,#2210,#2211
      ,#2212)
    ,(#2213,#2214,#2215,#2216,#2217,#2218,#2219,#2220,#2221,#2222,#2223
      ,#2224)
    ,(#2225,#2226,#2227,#2228,#2229,#2230,#2231,#2232,#2233,#2234,#2235
      ,#2236)
    ,(#2237,#2238,#2239,#2240,#2241,#2242,#2243,#2244,#2245,#2246,#2247
      ,#2248)
    ,(#2249,#2250,#2251,#2252,#2253,#2254,#2255,#2256,#2257,#2258,#2259
      ,#2260)
    ,(#2261,#2262,#2263,#2264,#2265,#2266,#2267,#2268,#2269,#2270,#2271
,#2272
    )),.UNSPECIFIED.,.F.,.F.,.F.) B_SPLINE_SURFACE_WITH_KNOTS((7,7),(12,
    12),(5.890486225481,6.675884388878),(0.,2.),
.PIECEWISE_BEZIER_KNOTS.) GEOMETRIC_REPRESENTATION_ITEM() 
RATIONAL_B_SPLINE_SURFACE((
    (1.007744716361,1.007744716361,1.007744716361,1.007744716361
      ,1.007744716361,1.007744716361,1.007744716361,1.007744716361
      ,1.007744716361,1.007744716361,1.007744716361,1.007744716361)
    ,(1.002554895352,1.002554895352,1.002554895352,1.002554895352
      ,1.002554895352,1.002554895353,1.002554895352,1.002554895353
      ,1.002554895352,1.002554895352,1.002554895352,1.002554895352)
    ,(0.999483957836,0.999483957836,0.999483957836,0.999483957835
      ,0.999483957836,0.999483957835,0.999483957836,0.999483957835
      ,0.999483957836,0.999483957836,0.999483957836,0.999483957836)
    ,(0.998466654399,0.998466654399,0.998466654399,0.998466654399
      ,0.998466654399,0.998466654399,0.998466654399,0.998466654399
      ,0.998466654399,0.998466654399,0.998466654399,0.998466654399)
    ,(0.999483957836,0.999483957836,0.999483957836,0.999483957835
      ,0.999483957836,0.999483957835,0.999483957836,0.999483957835
      ,0.999483957836,0.999483957836,0.999483957836,0.999483957836)
    ,(1.002554895352,1.002554895352,1.002554895352,1.002554895352
      ,1.002554895353,1.002554895352,1.002554895353,1.002554895352
      ,1.002554895353,1.002554895352,1.002554895352,1.002554895352)
    ,(1.007744716361,1.007744716361,1.007744716361,1.007744716361
      ,1.007744716361,1.007744716361,1.007744716361,1.007744716361
      ,1.007744716361,1.007744716361,1.007744716361,1.007744716361
))) REPRESENTATION_ITEM('') SURFACE() );
#2189 = CARTESIAN_POINT('',(5.543277195068,-2.296100594191,-2.));
#2190 = CARTESIAN_POINT('',(6.854806787542,0.870211935415,
    -1.818181818182));
#2191 = CARTESIAN_POINT('',(6.177279757141,4.860327336466,
    -1.636363636364));
#2192 = CARTESIAN_POINT('',(2.931617908043,8.287919815117,
    -1.454545454545));
#2193 = CARTESIAN_POINT('',(-2.349001160816,9.299162562427,
    -1.272727272729));
#2194 = CARTESIAN_POINT('',(-7.706083905783,6.625791874,-1.090909090907)
  );
#2195 = CARTESIAN_POINT('',(-10.13416655099,0.763881821322,
    -0.909090909093));
#2196 = CARTESIAN_POINT('',(-8.236495557076,-4.914506257398,
    -0.727272727271));
#2197 = CARTESIAN_POINT('',(-3.787477400579,-7.933411205843,
    -0.545454545455));
#2198 = CARTESIAN_POINT('',(0.931225987163,-7.804766823953,
    -0.363636363636));
#2199 = CARTESIAN_POINT('',(4.231747602592,-5.462413123799,
    -0.181818181818));
#2200 = CARTESIAN_POINT('',(5.543277195068,-2.296100594191,0.));
#2201 = CARTESIAN_POINT('',(5.845391909743,-1.56673115263,-2.));
#2202 = CARTESIAN_POINT('',(6.740306651425,1.77214889846,-1.818181818182
    ));
#2203 = CARTESIAN_POINT('',(5.537771013406,5.673117122775,
    -1.636363636364));
#2204 = CARTESIAN_POINT('',(1.841115803506,8.673654181486,
    -1.454545454543));
#2205 = CARTESIAN_POINT('',(-3.572559854792,8.990087334077,
    -1.272727272731));
#2206 = CARTESIAN_POINT('',(-8.577887705044,5.611846166938,
    -1.090909090904));
#2207 = CARTESIAN_POINT('',(-10.23467605789,-0.569544442218,
    -0.909090909096));
#2208 = CARTESIAN_POINT('',(-7.589858097252,-5.99824209695,
    -0.727272727269));
#2209 = CARTESIAN_POINT('',(-2.743620581364,-8.431757252663,
    -0.545454545457));
#2210 = CARTESIAN_POINT('',(1.958156126064,-7.682238623699,
    -0.363636363635));
#2211 = CARTESIAN_POINT('',(4.95047716806,-4.905611203722,
    -0.181818181818));
#2212 = CARTESIAN_POINT('',(5.845391909743,-1.56673115263,0.));
#2213 = CARTESIAN_POINT('',(6.030696573177,-0.794320187759,-2.));
#2214 = CARTESIAN_POINT('',(6.484411203442,2.650405639571,
    -1.818181818182));
#2215 = CARTESIAN_POINT('',(4.774195781797,6.380062537526,
    -1.636363636363));
#2216 = CARTESIAN_POINT('',(0.696654841688,8.885154792623,
    -1.454545454547));
#2217 = CARTESIAN_POINT('',(-4.739769710866,8.490157922131,
    -1.272727272725));
#2218 = CARTESIAN_POINT('',(-9.284481018949,4.46687674247,
    -1.090909090911));
#2219 = CARTESIAN_POINT('',(-10.12445948831,-1.910470018834,
    -0.909090909089));
#2220 = CARTESIAN_POINT('',(-6.776507851223,-6.973316269677,
    -0.727272727274));
#2221 = CARTESIAN_POINT('',(-1.627769907216,-8.762514980688,
    -0.545454545454));
#2222 = CARTESIAN_POINT('',(2.959359608633,-7.39867110043,
    -0.363636363637));
#2223 = CARTESIAN_POINT('',(5.57698194291,-4.239046015091,
    -0.181818181818));
#2224 = CARTESIAN_POINT('',(6.030696573177,-0.794320187759,0.));
#2225 = CARTESIAN_POINT('',(6.093149589838,-1.381896682405E-14,-2.));
#2226 = CARTESIAN_POINT('',(6.093149589838,3.480398907028,
    -1.818181818182));
#2227 = CARTESIAN_POINT('',(3.906821482678,6.960712099833,
    -1.636363636363));
#2228 = CARTESIAN_POINT('',(-0.470378778869,8.915213237473,
    -1.454545454547));
#2229 = CARTESIAN_POINT('',(-5.817769228843,7.811805840846,
    -1.272727272725));
#2230 = CARTESIAN_POINT('',(-9.804968336257,3.221694818443,
    -1.090909090912));
#2231 = CARTESIAN_POINT('',(-9.804968336234,-3.221694818452,
    -0.909090909089));
#2232 = CARTESIAN_POINT('',(-5.817769228858,-7.811805840827,
    -0.727272727274));
#2233 = CARTESIAN_POINT('',(-0.470378778863,-8.915213237491,
    -0.545454545454));
#2234 = CARTESIAN_POINT('',(3.906821482677,-6.960712099824,
    -0.363636363637));
#2235 = CARTESIAN_POINT('',(6.093149589838,-3.480398907031,
    -0.181818181818));
#2236 = CARTESIAN_POINT('',(6.093149589838,-2.557744984325E-13,0.));
#2237 = CARTESIAN_POINT('',(6.030696573177,0.794320187759,-2.));
#2238 = CARTESIAN_POINT('',(5.576981942911,4.239046015089,
    -1.818181818182));
#2239 = CARTESIAN_POINT('',(2.959359608631,7.39867110044,-1.636363636364
    ));
#2240 = CARTESIAN_POINT('',(-1.627769907216,8.76251498067,
    -1.454545454545));
#2241 = CARTESIAN_POINT('',(-6.776507851216,6.973316269696,
    -1.272727272729));
#2242 = CARTESIAN_POINT('',(-10.12445948832,1.910470018823,
    -1.090909090907));
#2243 = CARTESIAN_POINT('',(-9.28448101893,-4.466876742474,
    -0.909090909093));
#2244 = CARTESIAN_POINT('',(-4.739769710879,-8.490157922116,
    -0.727272727271));
#2245 = CARTESIAN_POINT('',(0.696654841693,-8.885154792639,
    -0.545454545456));
#2246 = CARTESIAN_POINT('',(4.774195781797,-6.380062537517,
    -0.363636363636));
#2247 = CARTESIAN_POINT('',(6.484411203442,-2.650405639574,
    -0.181818181818));
#2248 = CARTESIAN_POINT('',(6.030696573177,0.794320187759,0.));
#2249 = CARTESIAN_POINT('',(5.845391909743,1.56673115263,-2.));
#2250 = CARTESIAN_POINT('',(4.950477168061,4.90561120372,-1.818181818182
    ));
#2251 = CARTESIAN_POINT('',(1.958156126061,7.682238623708,
    -1.636363636364));
#2252 = CARTESIAN_POINT('',(-2.743620581361,8.431757252644,
    -1.454545454545));
#2253 = CARTESIAN_POINT('',(-7.589858097251,5.998242096974,
    -1.272727272728));
#2254 = CARTESIAN_POINT('',(-10.2346760579,0.569544442205,
    -1.090909090908));
#2255 = CARTESIAN_POINT('',(-8.577887705031,-5.611846166944,
    -0.909090909092));
#2256 = CARTESIAN_POINT('',(-3.572559854805,-8.990087334058,
    -0.727272727272));
#2257 = CARTESIAN_POINT('',(1.841115803514,-8.673654181504,
    -0.545454545455));
#2258 = CARTESIAN_POINT('',(5.537771013402,-5.673117122766,
    -0.363636363636));
#2259 = CARTESIAN_POINT('',(6.740306651425,-1.772148898462,
    -0.181818181818));
#2260 = CARTESIAN_POINT('',(5.845391909743,1.56673115263,
    -8.881784197001E-16));
#2261 = CARTESIAN_POINT('',(5.543277195068,2.296100594191,-2.));
#2262 = CARTESIAN_POINT('',(4.231747602593,5.462413123796,
    -1.818181818182));
#2263 = CARTESIAN_POINT('',(0.93122598716,7.804766823962,-1.636363636364
    ));
#2264 = CARTESIAN_POINT('',(-3.787477400575,7.933411205825,
    -1.454545454545));
#2265 = CARTESIAN_POINT('',(-8.236495557075,4.914506257419,
    -1.272727272729));
#2266 = CARTESIAN_POINT('',(-10.13416655101,-0.763881821334,
    -1.090909090907));
#2267 = CARTESIAN_POINT('',(-7.706083905766,-6.625791874005,
    -0.909090909093));
#2268 = CARTESIAN_POINT('',(-2.349001160833,-9.29916256241,
    -0.727272727271));
#2269 = CARTESIAN_POINT('',(2.931617908054,-8.287919815134,
    -0.545454545455));
#2270 = CARTESIAN_POINT('',(6.177279757137,-4.860327336457,
    -0.363636363636));
#2271 = CARTESIAN_POINT('',(6.854806787543,-0.870211935418,
    -0.181818181818));
#2272 = CARTESIAN_POINT('',(5.543277195068,2.29610059419,0.));
#2273 = DEFINITIONAL_REPRESENTATION('',(#2274),#2278);
#2274 = LINE('',#2275,#2276);
#2275 = CARTESIAN_POINT('',(0.,0.));
#2276 = VECTOR('',#2277,1.);
#2277 = DIRECTION('',(1.,0.));
#2278 = ( GEOMETRIC_REPRESENTATION_CONTEXT(2) 
PARAMETRIC_REPRESENTATION_CONTEXT() REPRESENTATION_CONTEXT('2D SPACE',''
  ) );
#2279 = ADVANCED_FACE('',(#2280),#1669,.T.);
#2280 = FACE_BOUND('',#2281,.T.);
#2281 = EDGE_LOOP('',(#2282,#2283,#2284,#2315));
#2282 = ORIENTED_EDGE('',*,*,#2138,.F.);
#2283 = ORIENTED_EDGE('',*,*,#1647,.T.);
#2284 = ORIENTED_EDGE('',*,*,#2285,.T.);
#2285 = EDGE_CURVE('',#1617,#2286,#2288,.T.);
#2286 = VERTEX_POINT('',#2287);
#2287 = CARTESIAN_POINT('',(-4.133652434855,2.386565346,-2.));
#2288 = SURFACE_CURVE('',#2289,(#2301,#2308),.PCURVE_S1.);
#2289 = B_SPLINE_CURVE_WITH_KNOTS('',10,(#2290,#2291,#2292,#2293,#2294,
    #2295,#2296,#2297,#2298,#2299,#2300),.UNSPECIFIED.,.F.,.F.,(11,11),(
    0.,2.),.PIECEWISE_BEZIER_KNOTS.);
#2290 = CARTESIAN_POINT('',(-4.133652434855,2.386565346,-4.));
#2291 = CARTESIAN_POINT('',(-5.633175666516,-0.210685078366,-3.8));
#2292 = CARTESIAN_POINT('',(-5.321071289824,-3.856661309324,-3.6));
#2293 = CARTESIAN_POINT('',(-2.360006807163,-7.110849888571,-3.4));
#2294 = CARTESIAN_POINT('',(2.722039721381,-7.881031519534,-3.2));
#2295 = CARTESIAN_POINT('',(7.649845114228,-4.416640135928,-3.));
#2296 = CARTESIAN_POINT('',(8.18619336461,1.583160210902,-2.8));
#2297 = CARTESIAN_POINT('',(4.978173242432,5.599250792416,-2.6));
#2298 = CARTESIAN_POINT('',(0.67943102275,6.536513566989,-2.4));
#2299 = CARTESIAN_POINT('',(-2.634129203193,4.983815770368,-2.2));
#2300 = CARTESIAN_POINT('',(-4.133652434855,2.386565346,-2.));
#2301 = PCURVE('',#1669,#2302);
#2302 = DEFINITIONAL_REPRESENTATION('',(#2303),#2307);
#2303 = LINE('',#2304,#2305);
#2304 = CARTESIAN_POINT('',(1.,0.));
#2305 = VECTOR('',#2306,1.);
#2306 = DIRECTION('',(0.,1.));
#2307 = ( GEOMETRIC_REPRESENTATION_CONTEXT(2) 
PARAMETRIC_REPRESENTATION_CONTEXT() REPRESENTATION_CONTEXT('2D SPACE',''
  ) );
#2308 = PCURVE('',#1853,#2309);
#2309 = DEFINITIONAL_REPRESENTATION('',(#2310),#2314);
#2310 = LINE('',#2311,#2312);
#2311 = CARTESIAN_POINT('',(2.617993877991,0.));
#2312 = VECTOR('',#2313,1.);
#2313 = DIRECTION('',(0.,1.));
#2314 = ( GEOMETRIC_REPRESENTATION_CONTEXT(2) 
PARAMETRIC_REPRESENTATION_CONTEXT() REPRESENTATION_CONTEXT('2D SPACE',''
  ) );
#2315 = ORIENTED_EDGE('',*,*,#2316,.F.);
#2316 = EDGE_CURVE('',#2139,#2286,#2317,.T.);
#2317 = SURFACE_CURVE('',#2318,(#2330,#2337),.PCURVE_S1.);
#2318 = B_SPLINE_CURVE_WITH_KNOTS('',6,(#2319,#2320,#2321,#2322,#2323,
    #2324,#2325,#2326,#2327,#2328,#2329),.UNSPECIFIED.,.F.,.F.,(7,4,7),(
    0.,0.528174081598,1.),.UNSPECIFIED.);
#2319 = CARTESIAN_POINT('',(5.543277195068,2.29610059419,-2.));
#2320 = CARTESIAN_POINT('',(5.049395722064,3.23482538457,-2.));
#2321 = CARTESIAN_POINT('',(4.355529417517,4.068293046109,-2.));
#2322 = CARTESIAN_POINT('',(3.484882478027,4.740884712195,-2.));
#2323 = CARTESIAN_POINT('',(2.481519742579,5.20079110103,-2.));
#2324 = CARTESIAN_POINT('',(0.457155104386,5.604069327516,-2.));
#2325 = CARTESIAN_POINT('',(-1.534187473954,5.1048738524,-2.));
#2326 = CARTESIAN_POINT('',(-2.412956286604,4.664964386211,-2.));
#2327 = CARTESIAN_POINT('',(-3.172205956681,4.035424063087,-2.));
#2328 = CARTESIAN_POINT('',(-3.757161806253,3.256105283989,-2.));
#2329 = CARTESIAN_POINT('',(-4.133652434855,2.386565346,-2.));
#2330 = PCURVE('',#1669,#2331);
#2331 = DEFINITIONAL_REPRESENTATION('',(#2332),#2336);
#2332 = LINE('',#2333,#2334);
#2333 = CARTESIAN_POINT('',(0.,2.));
#2334 = VECTOR('',#2335,1.);
#2335 = DIRECTION('',(1.,0.));
#2336 = ( GEOMETRIC_REPRESENTATION_CONTEXT(2) 
PARAMETRIC_REPRESENTATION_CONTEXT() REPRESENTATION_CONTEXT('2D SPACE',''
  ) );
#2337 = PCURVE('',#2338,#2460);
#2338 = B_SPLINE_SURFACE_WITH_KNOTS('',6,10,(
    (#2339,#2340,#2341,#2342,#2343,#2344,#2345,#2346,#2347,#2348,#2349)
    ,(#2350,#2351,#2352,#2353,#2354,#2355,#2356,#2357,#2358,#2359,#2360)
    ,(#2361,#2362,#2363,#2364,#2365,#2366,#2367,#2368,#2369,#2370,#2371)
    ,(#2372,#2373,#2374,#2375,#2376,#2377,#2378,#2379,#2380,#2381,#2382)
    ,(#2383,#2384,#2385,#2386,#2387,#2388,#2389,#2390,#2391,#2392,#2393)
    ,(#2394,#2395,#2396,#2397,#2398,#2399,#2400,#2401,#2402,#2403,#2404)
    ,(#2405,#2406,#2407,#2408,#2409,#2410,#2411,#2412,#2413,#2414,#2415)
    ,(#2416,#2417,#2418,#2419,#2420,#2421,#2422,#2423,#2424,#2425,#2426)
    ,(#2427,#2428,#2429,#2430,#2431,#2432,#2433,#2434,#2435,#2436,#2437)
    ,(#2438,#2439,#2440,#2441,#2442,#2443,#2444,#2445,#2446,#2447,#2448)
    ,(#2449,#2450,#2451,#2452,#2453,#2454,#2455,#2456,#2457,#2458,#2459
    )),.UNSPECIFIED.,.F.,.F.,.F.,(7,4,7),(11,11),(0.,0.528174081598,1.),
  (0.,2.),.UNSPECIFIED.);
#2339 = CARTESIAN_POINT('',(5.543277195068,2.296100594191,-2.));
#2340 = CARTESIAN_POINT('',(4.100594643346,5.779044376757,-1.8));
#2341 = CARTESIAN_POINT('',(0.225723335538,8.257820816749,-1.6));
#2342 = CARTESIAN_POINT('',(-5.285506305606,7.795047933968,-1.4));
#2343 = CARTESIAN_POINT('',(-9.94255047509,3.316224350135,-1.2));
#2344 = CARTESIAN_POINT('',(-10.25853349686,-4.249223704497,-1.));
#2345 = CARTESIAN_POINT('',(-4.685520137331,-9.375369589091,-0.8));
#2346 = CARTESIAN_POINT('',(1.774513903097,-9.249348604512,-0.6));
#2347 = CARTESIAN_POINT('',(5.998771598573,-5.679550596103,-0.4));
#2348 = CARTESIAN_POINT('',(6.985959746791,-1.186843188379,-0.2));
#2349 = CARTESIAN_POINT('',(5.543277195068,2.29610059419,0.));
#2350 = CARTESIAN_POINT('',(5.049395722064,3.23482538457,-2.));
#2351 = CARTESIAN_POINT('',(3.016894989302,6.40745428567,-1.8));
#2352 = CARTESIAN_POINT('',(-1.231674356853,8.163984464684,-1.6));
#2353 = CARTESIAN_POINT('',(-6.5722887419,6.738473739341,-1.4));
#2354 = CARTESIAN_POINT('',(-10.36552957517,1.512248567849,-1.2));
#2355 = CARTESIAN_POINT('',(-9.344543549039,-5.986452309087,-1.));
#2356 = CARTESIAN_POINT('',(-2.959244664545,-10.0485805027,-0.8));
#2357 = CARTESIAN_POINT('',(3.374110228806,-8.787342476947,-0.6));
#2358 = CARTESIAN_POINT('',(6.901594331315,-4.531628818284,-0.4));
#2359 = CARTESIAN_POINT('',(7.081896454827,6.219648346809E-02,-0.2));
#2360 = CARTESIAN_POINT('',(5.049395722064,3.23482538457,0.));
#2361 = CARTESIAN_POINT('',(4.355529417517,4.068293046109,-2.));
#2362 = CARTESIAN_POINT('',(1.799345508256,6.804952890222,-1.8));
#2363 = CARTESIAN_POINT('',(-2.669029471556,7.759642682504,-1.6));
#2364 = CARTESIAN_POINT('',(-7.633916510766,5.407777966098,-1.4));
#2365 = CARTESIAN_POINT('',(-10.40414462257,-0.381783829654,-1.2));
#2366 = CARTESIAN_POINT('',(-8.060456450902,-7.528889323071,-1.));
#2367 = CARTESIAN_POINT('',(-1.089596287715,-10.3539733508,-0.8));
#2368 = CARTESIAN_POINT('',(4.875217972772,-7.98454717204,-0.6));
#2369 = CARTESIAN_POINT('',(7.559813359974,-3.191393871387,-0.4));
#2370 = CARTESIAN_POINT('',(6.91171332678,1.331633201995,-0.2));
#2371 = CARTESIAN_POINT('',(4.355529417517,4.068293046109,0.));
#2372 = CARTESIAN_POINT('',(3.484882478027,4.740884712195,-2.));
#2373 = CARTESIAN_POINT('',(0.506096761359,6.930500950513,-1.8));
#2374 = CARTESIAN_POINT('',(-4.003393314739,7.042739480014,-1.6));
#2375 = CARTESIAN_POINT('',(-8.392230048007,3.856248491207,-1.4));
#2376 = CARTESIAN_POINT('',(-10.02534121363,-2.265923398199,-1.2));
#2377 = CARTESIAN_POINT('',(-6.449214494488,-8.773605019839,-1.));
#2378 = CARTESIAN_POINT('',(0.829137384948,-10.24472578903,-0.8));
#2379 = CARTESIAN_POINT('',(6.184980532364,-6.859022774381,-0.6));
#2380 = CARTESIAN_POINT('',(7.916535769479,-1.719243678545,-0.4));
#2381 = CARTESIAN_POINT('',(6.463668194698,2.551268473875,-0.2));
#2382 = CARTESIAN_POINT('',(3.484882478027,4.740884712195,0.));
#2383 = CARTESIAN_POINT('',(2.481519742579,5.200791101031,-2.));
#2384 = CARTESIAN_POINT('',(-0.786233680591,6.759975939635,-1.8));
#2385 = CARTESIAN_POINT('',(-5.144894269399,6.039582527283,-1.6));
#2386 = CARTESIAN_POINT('',(-8.781532961146,2.168037752925,-1.4));
#2387 = CARTESIAN_POINT('',(-9.227950473847,-4.021366510479,-1.2));
#2388 = CARTESIAN_POINT('',(-4.592365221229,-9.624719789903,-1.));
#2389 = CARTESIAN_POINT('',(2.679505439732,-9.702922712108,-0.8));
#2390 = CARTESIAN_POINT('',(7.209791795018,-5.462106838836,-0.6));
#2391 = CARTESIAN_POINT('',(7.931369944884,-0.199662075426,-0.4));
#2392 = CARTESIAN_POINT('',(5.749273165751,3.641606262425,-0.2));
#2393 = CARTESIAN_POINT('',(2.481519742579,5.20079110103,0.));
#2394 = CARTESIAN_POINT('',(0.457155104386,5.604069327516,-2.));
#2395 = CARTESIAN_POINT('',(-3.06398550152,5.891308351014,-1.8));
#2396 = CARTESIAN_POINT('',(-6.788442410623,3.721087740243,-1.6));
#2397 = CARTESIAN_POINT('',(-8.760435797063,-1.071921133942,-1.4));
#2398 = CARTESIAN_POINT('',(-7.018580049488,-6.870907967163,-1.2));
#2399 = CARTESIAN_POINT('',(-0.846023171207,-10.3710370043,-1.));
#2400 = CARTESIAN_POINT('',(5.812200337139,-7.917586086971,-0.8));
#2401 = CARTESIAN_POINT('',(8.470883598675,-2.477575696134,-0.6));
#2402 = CARTESIAN_POINT('',(7.301777669019,2.571670119783,-0.4));
#2403 = CARTESIAN_POINT('',(3.978295710294,5.316830304018,-0.2));
#2404 = CARTESIAN_POINT('',(0.457155104386,5.604069327516,0.));
#2405 = CARTESIAN_POINT('',(-1.534187473954,5.1048738524,-2.));
#2406 = CARTESIAN_POINT('',(-4.741674312393,4.140915432919,-1.8));
#2407 = CARTESIAN_POINT('',(-7.278913016304,0.937416660433,-1.6));
#2408 = CARTESIAN_POINT('',(-7.362339170644,-3.975308416943,-1.4));
#2409 = CARTESIAN_POINT('',(-3.819652333272,-8.491884521869,-1.2));
#2410 = CARTESIAN_POINT('',(2.839207392732,-9.447212825429,-1.));
#2411 = CARTESIAN_POINT('',(7.868196526835,-4.979290119519,-0.8));
#2412 = CARTESIAN_POINT('',(8.334060478401,0.741991250789,-0.6));
#2413 = CARTESIAN_POINT('',(5.556188024639,4.794799195887,-0.4));
#2414 = CARTESIAN_POINT('',(1.673299364488,6.068832271881,-0.2));
#2415 = CARTESIAN_POINT('',(-1.534187473954,5.1048738524,
    -4.440892098501E-16));
#2416 = CARTESIAN_POINT('',(-2.412956286604,4.664964386211,-2.));
#2417 = CARTESIAN_POINT('',(-5.344039855599,3.148859237525,-1.8));
#2418 = CARTESIAN_POINT('',(-7.219265124594,-0.41430552884,-1.6));
#2419 = CARTESIAN_POINT('',(-6.407728600479,-5.187007276852,-1.4));
#2420 = CARTESIAN_POINT('',(-2.15657073826,-8.917440563554,-1.2));
#2421 = CARTESIAN_POINT('',(4.465479899654,-8.63310488247,-1.));
#2422 = CARTESIAN_POINT('',(8.524084702066,-3.392863620165,-0.8));
#2423 = CARTESIAN_POINT('',(7.93604315014,2.232319293268,-0.6));
#2424 = CARTESIAN_POINT('',(4.509778722645,5.652551095127,-0.4));
#2425 = CARTESIAN_POINT('',(0.518127282393,6.181069534897,-0.2));
#2426 = CARTESIAN_POINT('',(-2.412956286604,4.664964386211,
    -2.22044604925E-16));
#2427 = CARTESIAN_POINT('',(-3.172205956681,4.035424063087,-2.));
#2428 = CARTESIAN_POINT('',(-5.707737674823,2.042268277251,-1.8));
#2429 = CARTESIAN_POINT('',(-6.854120875518,-1.722242574813,-1.6));
#2430 = CARTESIAN_POINT('',(-5.199431211036,-6.15490413455,-1.4));
#2431 = CARTESIAN_POINT('',(-0.434103390532,-8.955967250575,-1.2));
#2432 = CARTESIAN_POINT('',(5.87056716101,-7.468061124932,-1.));
#2433 = CARTESIAN_POINT('',(8.805189861275,-1.693052466228,-0.8));
#2434 = CARTESIAN_POINT('',(7.208638151503,3.598953434672,-0.6));
#2435 = CARTESIAN_POINT('',(3.292080008257,6.253583107451,-0.4));
#2436 = CARTESIAN_POINT('',(-0.636674238537,6.028579848925,-0.2));
#2437 = CARTESIAN_POINT('',(-3.172205956681,4.035424063087,
    -2.22044604925E-16));
#2438 = CARTESIAN_POINT('',(-3.757161806253,3.256105283989,-2.));
#2439 = CARTESIAN_POINT('',(-5.803033094151,0.895410898214,-1.8));
#2440 = CARTESIAN_POINT('',(-6.202827399034,-2.895159990863,-1.6));
#2441 = CARTESIAN_POINT('',(-3.816062374807,-6.807409583085,-1.4));
#2442 = CARTESIAN_POINT('',(1.229855700551,-8.597342931861,-1.2));
#2443 = CARTESIAN_POINT('',(6.953101727809,-6.025833446463,-1.));
#2444 = CARTESIAN_POINT('',(8.684861942079,4.855791191467E-03,-0.8));
#2445 = CARTESIAN_POINT('',(6.195767753537,4.745062615491,-0.6));
#2446 = CARTESIAN_POINT('',(1.983944993059,6.551410640411,-0.4));
#2447 = CARTESIAN_POINT('',(-1.711290518354,5.616799669764,-0.2));
#2448 = CARTESIAN_POINT('',(-3.757161806253,3.256105283989,0.));
#2449 = CARTESIAN_POINT('',(-4.133652434855,2.386565346,-2.));
#2450 = CARTESIAN_POINT('',(-5.633175666516,-0.210685078366,-1.8));
#2451 = CARTESIAN_POINT('',(-5.321071289824,-3.856661309324,-1.6));
#2452 = CARTESIAN_POINT('',(-2.360006807163,-7.110849888571,-1.4));
#2453 = CARTESIAN_POINT('',(2.722039721381,-7.881031519534,-1.2));
#2454 = CARTESIAN_POINT('',(7.649845114228,-4.416640135928,-1.));
#2455 = CARTESIAN_POINT('',(8.18619336461,1.583160210902,-0.8));
#2456 = CARTESIAN_POINT('',(4.978173242432,5.599250792416,-0.6));
#2457 = CARTESIAN_POINT('',(0.67943102275,6.536513566989,-0.4));
#2458 = CARTESIAN_POINT('',(-2.634129203193,4.983815770368,-0.2));
#2459 = CARTESIAN_POINT('',(-4.133652434855,2.386565346,0.));
#2460 = DEFINITIONAL_REPRESENTATION('',(#2461),#2465);
#2461 = LINE('',#2462,#2463);
#2462 = CARTESIAN_POINT('',(0.,0.));
#2463 = VECTOR('',#2464,1.);
#2464 = DIRECTION('',(1.,0.));
#2465 = ( GEOMETRIC_REPRESENTATION_CONTEXT(2) 
PARAMETRIC_REPRESENTATION_CONTEXT() REPRESENTATION_CONTEXT('2D SPACE',''
  ) );
#2466 = ADVANCED_FACE('',(#2467),#1853,.T.);
#2467 = FACE_BOUND('',#2468,.T.);
#2468 = EDGE_LOOP('',(#2469,#2470,#2471,#2503));
#2469 = ORIENTED_EDGE('',*,*,#2285,.F.);
#2470 = ORIENTED_EDGE('',*,*,#1835,.T.);
#2471 = ORIENTED_EDGE('',*,*,#2472,.T.);
#2472 = EDGE_CURVE('',#1804,#2473,#2475,.T.);
#2473 = VERTEX_POINT('',#2474);
#2474 = CARTESIAN_POINT('',(-4.133652434855,-2.386565346,-2.));
#2475 = SURFACE_CURVE('',#2476,(#2489,#2496),.PCURVE_S1.);
#2476 = ( BOUNDED_CURVE() B_SPLINE_CURVE(11,(#2477,#2478,#2479,#2480,
    #2481,#2482,#2483,#2484,#2485,#2486,#2487,#2488),.UNSPECIFIED.,.F.,
.F.) B_SPLINE_CURVE_WITH_KNOTS((12,12),(0.,2.),
.PIECEWISE_BEZIER_KNOTS.) CURVE() GEOMETRIC_REPRESENTATION_ITEM() 
RATIONAL_B_SPLINE_CURVE((1.013815801033,1.013815801033,1.013815801033,
    1.013815801033,1.013815801033,1.013815801033,1.013815801033,
    1.013815801033,1.013815801033,1.013815801033,1.013815801033,
1.013815801033)) REPRESENTATION_ITEM('') );
#2477 = CARTESIAN_POINT('',(-4.133652434855,-2.386565346,-4.));
#2478 = CARTESIAN_POINT('',(-2.770449496982,-4.747702095424,
    -3.818181818182));
#2479 = CARTESIAN_POINT('',(7.594629669105E-02,-6.252439517799,
    -3.636363636364));
#2480 = CARTESIAN_POINT('',(3.81102105027,-5.863930088437,
    -3.454545454546));
#2481 = CARTESIAN_POINT('',(7.006560468971,-3.020901346774,
    -3.272727272727));
#2482 = CARTESIAN_POINT('',(7.913660371367,1.654781467391,-3.09090909091
    ));
#2483 = CARTESIAN_POINT('',(5.389912974143,6.026040184831,-2.90909090909
    ));
#2484 = CARTESIAN_POINT('',(0.887102925865,7.578310032658,
    -2.727272727273));
#2485 = CARTESIAN_POINT('',(-3.172801897474,6.232406088121,
    -2.545454545454));
#2486 = CARTESIAN_POINT('',(-5.376798309691,3.19199118115,
    -2.363636363636));
#2487 = CARTESIAN_POINT('',(-5.496855372729,-2.542859657427E-02,
    -2.181818181818));
#2488 = CARTESIAN_POINT('',(-4.133652434855,-2.386565346,-2.));
#2489 = PCURVE('',#1853,#2490);
#2490 = DEFINITIONAL_REPRESENTATION('',(#2491),#2495);
#2491 = LINE('',#2492,#2493);
#2492 = CARTESIAN_POINT('',(3.665191429188,0.));
#2493 = VECTOR('',#2494,1.);
#2494 = DIRECTION('',(0.,1.));
#2495 = ( GEOMETRIC_REPRESENTATION_CONTEXT(2) 
PARAMETRIC_REPRESENTATION_CONTEXT() REPRESENTATION_CONTEXT('2D SPACE',''
  ) );
#2496 = PCURVE('',#1973,#2497);
#2497 = DEFINITIONAL_REPRESENTATION('',(#2498),#2502);
#2498 = LINE('',#2499,#2500);
#2499 = CARTESIAN_POINT('',(0.,0.));
#2500 = VECTOR('',#2501,1.);
#2501 = DIRECTION('',(0.,1.));
#2502 = ( GEOMETRIC_REPRESENTATION_CONTEXT(2) 
PARAMETRIC_REPRESENTATION_CONTEXT() REPRESENTATION_CONTEXT('2D SPACE',''
  ) );
#2503 = ORIENTED_EDGE('',*,*,#2504,.F.);
#2504 = EDGE_CURVE('',#2286,#2473,#2505,.T.);
#2505 = SURFACE_CURVE('',#2506,(#2514,#2521),.PCURVE_S1.);
#2506 = ( BOUNDED_CURVE() B_SPLINE_CURVE(6,(#2507,#2508,#2509,#2510,
#2511,#2512,#2513),.UNSPECIFIED.,.F.,.F.) B_SPLINE_CURVE_WITH_KNOTS((7,7
),(2.617993877991,3.665191429188),.PIECEWISE_BEZIER_KNOTS.) CURVE() 
GEOMETRIC_REPRESENTATION_ITEM() RATIONAL_B_SPLINE_CURVE((1.013815801033,
    1.004520331021,0.999080478963,0.997285502839,0.999080478963,
1.004520331021,1.013815801033)) REPRESENTATION_ITEM('') );
#2507 = CARTESIAN_POINT('',(-4.133652434855,2.386565346,-2.));
#2508 = CARTESIAN_POINT('',(-4.554040953329,1.658431073086,-2.));
#2509 = CARTESIAN_POINT('',(-4.816376706691,0.849950910247,-2.));
#2510 = CARTESIAN_POINT('',(-4.90556017208,1.985020602989E-13,-2.));
#2511 = CARTESIAN_POINT('',(-4.816376706691,-0.849950910247,-2.));
#2512 = CARTESIAN_POINT('',(-4.554040953329,-1.658431073085,-2.));
#2513 = CARTESIAN_POINT('',(-4.133652434855,-2.386565346,-2.));
#2514 = PCURVE('',#1853,#2515);
#2515 = DEFINITIONAL_REPRESENTATION('',(#2516),#2520);
#2516 = LINE('',#2517,#2518);
#2517 = CARTESIAN_POINT('',(0.,2.));
#2518 = VECTOR('',#2519,1.);
#2519 = DIRECTION('',(1.,0.));
#2520 = ( GEOMETRIC_REPRESENTATION_CONTEXT(2) 
PARAMETRIC_REPRESENTATION_CONTEXT() REPRESENTATION_CONTEXT('2D SPACE',''
  ) );
#2521 = PCURVE('',#2522,#2607);
#2522 = ( BOUNDED_SURFACE() B_SPLINE_SURFACE(6,11,(
    (#2523,#2524,#2525,#2526,#2527,#2528,#2529,#2530,#2531,#2532,#2533
      ,#2534)
    ,(#2535,#2536,#2537,#2538,#2539,#2540,#2541,#2542,#2543,#2544,#2545
      ,#2546)
    ,(#2547,#2548,#2549,#2550,#2551,#2552,#2553,#2554,#2555,#2556,#2557
      ,#2558)
    ,(#2559,#2560,#2561,#2562,#2563,#2564,#2565,#2566,#2567,#2568,#2569
      ,#2570)
    ,(#2571,#2572,#2573,#2574,#2575,#2576,#2577,#2578,#2579,#2580,#2581
      ,#2582)
    ,(#2583,#2584,#2585,#2586,#2587,#2588,#2589,#2590,#2591,#2592,#2593
      ,#2594)
    ,(#2595,#2596,#2597,#2598,#2599,#2600,#2601,#2602,#2603,#2604,#2605
,#2606
    )),.UNSPECIFIED.,.F.,.F.,.F.) B_SPLINE_SURFACE_WITH_KNOTS((7,7),(12,
    12),(2.617993877991,3.665191429188),(0.,2.),
.PIECEWISE_BEZIER_KNOTS.) GEOMETRIC_REPRESENTATION_ITEM() 
RATIONAL_B_SPLINE_SURFACE((
    (1.013815801033,1.013815801033,1.013815801033,1.013815801033
      ,1.013815801033,1.013815801033,1.013815801033,1.013815801033
      ,1.013815801033,1.013815801033,1.013815801033,1.013815801033)
    ,(1.004520331021,1.004520331021,1.004520331021,1.004520331021
      ,1.004520331021,1.004520331022,1.004520331021,1.004520331022
      ,1.004520331021,1.004520331021,1.004520331021,1.004520331021)
    ,(0.999080478963,0.999080478963,0.999080478963,0.999080478963
      ,0.999080478964,0.999080478963,0.999080478964,0.999080478963
      ,0.999080478963,0.999080478963,0.999080478963,0.999080478963)
    ,(0.997285502839,0.997285502839,0.997285502839,0.997285502839
      ,0.997285502839,0.997285502839,0.997285502839,0.997285502839
      ,0.997285502839,0.997285502839,0.997285502839,0.997285502839)
    ,(0.999080478963,0.999080478963,0.999080478963,0.999080478963
      ,0.999080478963,0.999080478963,0.999080478963,0.999080478964
      ,0.999080478963,0.999080478963,0.999080478963,0.999080478963)
    ,(1.004520331021,1.004520331021,1.004520331021,1.004520331021
      ,1.004520331021,1.004520331021,1.004520331021,1.004520331021
      ,1.004520331021,1.004520331021,1.004520331021,1.004520331021)
    ,(1.013815801033,1.013815801033,1.013815801033,1.013815801033
      ,1.013815801033,1.013815801033,1.013815801033,1.013815801033
      ,1.013815801033,1.013815801033,1.013815801033,1.013815801033
))) REPRESENTATION_ITEM('') SURFACE() );
#2523 = CARTESIAN_POINT('',(-4.133652434855,2.386565346,-2.));
#2524 = CARTESIAN_POINT('',(-5.496855372729,2.542859657625E-02,
    -1.818181818182));
#2525 = CARTESIAN_POINT('',(-5.376798309694,-3.191991181157,
    -1.636363636364));
#2526 = CARTESIAN_POINT('',(-3.172801897467,-6.23240608811,
    -1.454545454546));
#2527 = CARTESIAN_POINT('',(0.887102925853,-7.578310032667,
    -1.272727272727));
#2528 = CARTESIAN_POINT('',(5.389912974156,-6.026040184831,
    -1.09090909091));
#2529 = CARTESIAN_POINT('',(7.91366037136,-1.65478146738,-0.90909090909)
  );
#2530 = CARTESIAN_POINT('',(7.006560468969,3.020901346758,
    -0.727272727273));
#2531 = CARTESIAN_POINT('',(3.811021050276,5.863930088449,
    -0.545454545454));
#2532 = CARTESIAN_POINT('',(7.594629668709E-02,6.252439517793,
    -0.363636363636));
#2533 = CARTESIAN_POINT('',(-2.770449496981,4.747702095425,
    -0.181818181818));
#2534 = CARTESIAN_POINT('',(-4.133652434855,2.386565346,0.));
#2535 = CARTESIAN_POINT('',(-4.554040953329,1.658431073085,-2.));
#2536 = CARTESIAN_POINT('',(-5.50133456709,-0.942831036573,
    -1.818181818182));
#2537 = CARTESIAN_POINT('',(-4.814535706713,-4.139103012532,
    -1.636363636363));
#2538 = CARTESIAN_POINT('',(-2.074976536725,-6.791288538705,
    -1.454545454547));
#2539 = CARTESIAN_POINT('',(2.222006465163,-7.422048698636,
    -1.272727272724));
#2540 = CARTESIAN_POINT('',(6.451387410544,-5.076618232603,
    -1.090909090913));
#2541 = CARTESIAN_POINT('',(8.205146682704,-0.260806663886,
    -0.909090909087));
#2542 = CARTESIAN_POINT('',(6.474434984219,4.255092390417,
    -0.727272727276));
#2543 = CARTESIAN_POINT('',(2.778101969957,6.535233514474,
    -0.545454545453));
#2544 = CARTESIAN_POINT('',(-1.025407910997,6.265817299884,
    -0.363636363637));
#2545 = CARTESIAN_POINT('',(-3.606747339566,4.259693182746,
    -0.181818181818));
#2546 = CARTESIAN_POINT('',(-4.554040953329,1.658431073086,0.));
#2547 = CARTESIAN_POINT('',(-4.816376706691,0.849950910247,-2.));
#2548 = CARTESIAN_POINT('',(-5.301867531335,-1.901157031327,
    -1.818181818182));
#2549 = CARTESIAN_POINT('',(-4.05914662145,-4.957174397068,
    -1.636363636363));
#2550 = CARTESIAN_POINT('',(-0.871794157368,-7.112712990943,
    -1.454545454546));
#2551 = CARTESIAN_POINT('',(3.509008994183,-6.986439002206,
    -1.272727272726));
#2552 = CARTESIAN_POINT('',(7.30100878128,-3.914336467584,-1.09090909091
    ));
#2553 = CARTESIAN_POINT('',(8.199815680111,1.178890163686,-0.90909090909
    ));
#2554 = CARTESIAN_POINT('',(5.688391393118,5.363364374277,
    -0.727272727273));
#2555 = CARTESIAN_POINT('',(1.615423165799,6.981484021322,
    -0.545454545454));
#2556 = CARTESIAN_POINT('',(-2.117207235922,6.047121862295,
    -0.363636363636));
#2557 = CARTESIAN_POINT('',(-4.330885882046,3.601058851823,
    -0.181818181818));
#2558 = CARTESIAN_POINT('',(-4.816376706691,0.849950910247,
    -8.881784197001E-16));
#2559 = CARTESIAN_POINT('',(-4.90556017208,1.802200428191E-14,-2.));
#2560 = CARTESIAN_POINT('',(-4.905560172081,-2.802049417881,
    -1.818181818182));
#2561 = CARTESIAN_POINT('',(-3.145359814702,-5.604029827728,
    -1.636363636364));
#2562 = CARTESIAN_POINT('',(0.378699286695,-7.177587606955,
    -1.454545454546));
#2563 = CARTESIAN_POINT('',(4.683853005512,-6.289240570886,
    -1.272727272727));
#2564 = CARTESIAN_POINT('',(7.893924389943,-2.593768223631,
    -1.09090909091));
#2565 = CARTESIAN_POINT('',(7.893924389942,2.59376822364,-0.90909090909)
  );
#2566 = CARTESIAN_POINT('',(4.683853005513,6.289240570866,
    -0.727272727273));
#2567 = CARTESIAN_POINT('',(0.378699286695,7.177587606972,
    -0.545454545454));
#2568 = CARTESIAN_POINT('',(-3.145359814703,5.604029827719,
    -0.363636363636));
#2569 = CARTESIAN_POINT('',(-4.90556017208,2.802049417883,
    -0.181818181818));
#2570 = CARTESIAN_POINT('',(-4.90556017208,1.997035760114E-13,0.));
#2571 = CARTESIAN_POINT('',(-4.816376706691,-0.849950910247,-2.));
#2572 = CARTESIAN_POINT('',(-4.330885882047,-3.601058851821,
    -1.818181818182));
#2573 = CARTESIAN_POINT('',(-2.11720723592,-6.047121862303,
    -1.636363636364));
#2574 = CARTESIAN_POINT('',(1.615423165797,-6.981484021305,
    -1.454545454545));
#2575 = CARTESIAN_POINT('',(5.68839139312,-5.363364374297,
    -1.272727272727));
#2576 = CARTESIAN_POINT('',(8.199815680113,-1.178890163675,
    -1.090909090909));
#2577 = CARTESIAN_POINT('',(7.301008781276,3.914336467589,-0.90909090909
    ));
#2578 = CARTESIAN_POINT('',(3.509008994187,6.98643900219,-0.727272727273
    ));
#2579 = CARTESIAN_POINT('',(-0.87179415737,7.112712990958,
    -0.545454545454));
#2580 = CARTESIAN_POINT('',(-4.059146621449,4.95717439706,
    -0.363636363637));
#2581 = CARTESIAN_POINT('',(-5.301867531336,1.901157031329,
    -0.181818181818));
#2582 = CARTESIAN_POINT('',(-4.816376706691,-0.849950910247,0.));
#2583 = CARTESIAN_POINT('',(-4.554040953329,-1.658431073085,-2.));
#2584 = CARTESIAN_POINT('',(-3.606747339567,-4.259693182743,
    -1.818181818182));
#2585 = CARTESIAN_POINT('',(-1.025407910995,-6.265817299893,
    -1.636363636364));
#2586 = CARTESIAN_POINT('',(2.778101969953,-6.535233514456,
    -1.454545454546));
#2587 = CARTESIAN_POINT('',(6.474434984222,-4.255092390438,
    -1.272727272727));
#2588 = CARTESIAN_POINT('',(8.205146682706,0.260806663897,-1.09090909091
    ));
#2589 = CARTESIAN_POINT('',(6.451387410536,5.07661823261,-0.90909090909)
  );
#2590 = CARTESIAN_POINT('',(2.222006465174,7.422048698618,
    -0.727272727273));
#2591 = CARTESIAN_POINT('',(-2.074976536734,6.791288538721,
    -0.545454545454));
#2592 = CARTESIAN_POINT('',(-4.814535706709,4.139103012524,
    -0.363636363637));
#2593 = CARTESIAN_POINT('',(-5.501334567091,0.942831036575,
    -0.181818181818));
#2594 = CARTESIAN_POINT('',(-4.554040953329,-1.658431073085,0.));
#2595 = CARTESIAN_POINT('',(-4.133652434855,-2.386565346,-2.));
#2596 = CARTESIAN_POINT('',(-2.770449496982,-4.747702095424,
    -1.818181818182));
#2597 = CARTESIAN_POINT('',(7.594629669105E-02,-6.252439517799,
    -1.636363636364));
#2598 = CARTESIAN_POINT('',(3.81102105027,-5.863930088437,
    -1.454545454546));
#2599 = CARTESIAN_POINT('',(7.006560468971,-3.020901346774,
    -1.272727272727));
#2600 = CARTESIAN_POINT('',(7.913660371367,1.654781467391,-1.09090909091
    ));
#2601 = CARTESIAN_POINT('',(5.389912974143,6.026040184831,-0.90909090909
    ));
#2602 = CARTESIAN_POINT('',(0.887102925865,7.578310032658,
    -0.727272727273));
#2603 = CARTESIAN_POINT('',(-3.172801897474,6.232406088121,
    -0.545454545454));
#2604 = CARTESIAN_POINT('',(-5.376798309691,3.19199118115,
    -0.363636363636));
#2605 = CARTESIAN_POINT('',(-5.496855372729,-2.542859657427E-02,
    -0.181818181818));
#2606 = CARTESIAN_POINT('',(-4.133652434855,-2.386565346,0.));
#2607 = DEFINITIONAL_REPRESENTATION('',(#2608),#2612);
#2608 = LINE('',#2609,#2610);
#2609 = CARTESIAN_POINT('',(0.,0.));
#2610 = VECTOR('',#2611,1.);
#2611 = DIRECTION('',(1.,0.));
#2612 = ( GEOMETRIC_REPRESENTATION_CONTEXT(2) 
PARAMETRIC_REPRESENTATION_CONTEXT() REPRESENTATION_CONTEXT('2D SPACE',''
  ) );
#2613 = ADVANCED_FACE('',(#2614),#1973,.T.);
#2614 = FACE_BOUND('',#2615,.T.);
#2615 = EDGE_LOOP('',(#2616,#2617,#2618,#2619));
#2616 = ORIENTED_EDGE('',*,*,#2472,.F.);
#2617 = ORIENTED_EDGE('',*,*,#1951,.T.);
#2618 = ORIENTED_EDGE('',*,*,#2105,.T.);
#2619 = ORIENTED_EDGE('',*,*,#2620,.F.);
#2620 = EDGE_CURVE('',#2473,#2106,#2621,.T.);
#2621 = SURFACE_CURVE('',#2622,(#2634,#2641),.PCURVE_S1.);
#2622 = B_SPLINE_CURVE_WITH_KNOTS('',6,(#2623,#2624,#2625,#2626,#2627,
    #2628,#2629,#2630,#2631,#2632,#2633),.UNSPECIFIED.,.F.,.F.,(7,4,7),(
    0.,0.471825918402,1.),.UNSPECIFIED.);
#2623 = CARTESIAN_POINT('',(-4.133652434855,-2.386565346,-2.));
#2624 = CARTESIAN_POINT('',(-3.757161806254,-3.256105283988,-2.));
#2625 = CARTESIAN_POINT('',(-3.172205956681,-4.035424063087,-2.));
#2626 = CARTESIAN_POINT('',(-2.412956286605,-4.664964386211,-2.));
#2627 = CARTESIAN_POINT('',(-1.534187473954,-5.1048738524,-2.));
#2628 = CARTESIAN_POINT('',(0.457155104386,-5.604069327516,-2.));
#2629 = CARTESIAN_POINT('',(2.481519742579,-5.200791101031,-2.));
#2630 = CARTESIAN_POINT('',(3.484882478027,-4.740884712195,-2.));
#2631 = CARTESIAN_POINT('',(4.355529417517,-4.06829304611,-2.));
#2632 = CARTESIAN_POINT('',(5.049395722064,-3.234825384571,-2.));
#2633 = CARTESIAN_POINT('',(5.543277195068,-2.296100594191,-2.));
#2634 = PCURVE('',#1973,#2635);
#2635 = DEFINITIONAL_REPRESENTATION('',(#2636),#2640);
#2636 = LINE('',#2637,#2638);
#2637 = CARTESIAN_POINT('',(0.,2.));
#2638 = VECTOR('',#2639,1.);
#2639 = DIRECTION('',(1.,0.));
#2640 = ( GEOMETRIC_REPRESENTATION_CONTEXT(2) 
PARAMETRIC_REPRESENTATION_CONTEXT() REPRESENTATION_CONTEXT('2D SPACE',''
  ) );
#2641 = PCURVE('',#2642,#2764);
#2642 = B_SPLINE_SURFACE_WITH_KNOTS('',6,10,(
    (#2643,#2644,#2645,#2646,#2647,#2648,#2649,#2650,#2651,#2652,#2653)
    ,(#2654,#2655,#2656,#2657,#2658,#2659,#2660,#2661,#2662,#2663,#2664)
    ,(#2665,#2666,#2667,#2668,#2669,#2670,#2671,#2672,#2673,#2674,#2675)
    ,(#2676,#2677,#2678,#2679,#2680,#2681,#2682,#2683,#2684,#2685,#2686)
    ,(#2687,#2688,#2689,#2690,#2691,#2692,#2693,#2694,#2695,#2696,#2697)
    ,(#2698,#2699,#2700,#2701,#2702,#2703,#2704,#2705,#2706,#2707,#2708)
    ,(#2709,#2710,#2711,#2712,#2713,#2714,#2715,#2716,#2717,#2718,#2719)
    ,(#2720,#2721,#2722,#2723,#2724,#2725,#2726,#2727,#2728,#2729,#2730)
    ,(#2731,#2732,#2733,#2734,#2735,#2736,#2737,#2738,#2739,#2740,#2741)
    ,(#2742,#2743,#2744,#2745,#2746,#2747,#2748,#2749,#2750,#2751,#2752)
    ,(#2753,#2754,#2755,#2756,#2757,#2758,#2759,#2760,#2761,#2762,#2763
    )),.UNSPECIFIED.,.F.,.F.,.F.,(7,4,7),(11,11),(0.,0.471825918402,1.),
  (0.,2.),.UNSPECIFIED.);
#2643 = CARTESIAN_POINT('',(-4.133652434855,-2.386565346,-2.));
#2644 = CARTESIAN_POINT('',(-2.634129203194,-4.983815770366,-1.8));
#2645 = CARTESIAN_POINT('',(0.679431022755,-6.536513566998,-1.6));
#2646 = CARTESIAN_POINT('',(4.978173242419,-5.599250792393,-1.4));
#2647 = CARTESIAN_POINT('',(8.186193364632,-1.58316021094,-1.2));
#2648 = CARTESIAN_POINT('',(7.649845114203,4.416640135972,-1.));
#2649 = CARTESIAN_POINT('',(2.722039721403,7.881031519497,-0.8));
#2650 = CARTESIAN_POINT('',(-2.360006807176,7.110849888593,-0.6));
#2651 = CARTESIAN_POINT('',(-5.321071289819,3.856661309315,-0.4));
#2652 = CARTESIAN_POINT('',(-5.633175666517,0.210685078368,-0.2));
#2653 = CARTESIAN_POINT('',(-4.133652434855,-2.386565346,0.));
#2654 = CARTESIAN_POINT('',(-3.757161806253,-3.256105283989,-2.));
#2655 = CARTESIAN_POINT('',(-1.711290518355,-5.616799669763,-1.8));
#2656 = CARTESIAN_POINT('',(1.983944993066,-6.551410640419,-1.6));
#2657 = CARTESIAN_POINT('',(6.19576775352,-4.74506261547,-1.4));
#2658 = CARTESIAN_POINT('',(8.684861942108,-4.855791226016E-03,-1.2));
#2659 = CARTESIAN_POINT('',(6.953101727775,6.025833446504,-1.));
#2660 = CARTESIAN_POINT('',(1.22985570058,8.597342931826,-0.8));
#2661 = CARTESIAN_POINT('',(-3.816062374824,6.807409583105,-0.6));
#2662 = CARTESIAN_POINT('',(-6.202827399027,2.895159990855,-0.4));
#2663 = CARTESIAN_POINT('',(-5.803033094153,-0.895410898212,-0.2));
#2664 = CARTESIAN_POINT('',(-3.757161806254,-3.256105283988,0.));
#2665 = CARTESIAN_POINT('',(-3.172205956681,-4.035424063087,-2.));
#2666 = CARTESIAN_POINT('',(-0.636674238539,-6.028579848923,-1.8));
#2667 = CARTESIAN_POINT('',(3.292080008266,-6.253583107458,-1.6));
#2668 = CARTESIAN_POINT('',(7.208638151481,-3.598953434654,-1.4));
#2669 = CARTESIAN_POINT('',(8.805189861312,1.693052466198,-1.2));
#2670 = CARTESIAN_POINT('',(5.870567160966,7.468061124966,-1.));
#2671 = CARTESIAN_POINT('',(-0.434103390495,8.955967250546,-0.8));
#2672 = CARTESIAN_POINT('',(-5.199431211058,6.154904134568,-0.6));
#2673 = CARTESIAN_POINT('',(-6.854120875509,1.722242574806,-0.4));
#2674 = CARTESIAN_POINT('',(-5.707737674825,-2.042268277249,-0.2));
#2675 = CARTESIAN_POINT('',(-3.172205956681,-4.035424063087,
    -2.22044604925E-16));
#2676 = CARTESIAN_POINT('',(-2.412956286604,-4.664964386211,-2.));
#2677 = CARTESIAN_POINT('',(0.51812728239,-6.181069534896,-1.8));
#2678 = CARTESIAN_POINT('',(4.509778722655,-5.652551095133,-1.6));
#2679 = CARTESIAN_POINT('',(7.936043150115,-2.232319293254,-1.4));
#2680 = CARTESIAN_POINT('',(8.524084702109,3.392863620142,-1.2));
#2681 = CARTESIAN_POINT('',(4.465479899604,8.633104882497,-1.));
#2682 = CARTESIAN_POINT('',(-2.156570738218,8.917440563531,-0.8));
#2683 = CARTESIAN_POINT('',(-6.407728600504,5.187007276866,-0.6));
#2684 = CARTESIAN_POINT('',(-7.219265124584,0.414305528834,-0.4));
#2685 = CARTESIAN_POINT('',(-5.344039855601,-3.148859237524,-0.2));
#2686 = CARTESIAN_POINT('',(-2.412956286605,-4.664964386211,
    -2.22044604925E-16));
#2687 = CARTESIAN_POINT('',(-1.534187473954,-5.1048738524,-2.));
#2688 = CARTESIAN_POINT('',(1.673299364486,-6.06883227188,-1.8));
#2689 = CARTESIAN_POINT('',(5.556188024651,-4.794799195891,-1.6));
#2690 = CARTESIAN_POINT('',(8.334060478373,-0.74199125078,-1.4));
#2691 = CARTESIAN_POINT('',(7.868196526882,4.979290119505,-1.2));
#2692 = CARTESIAN_POINT('',(2.839207392677,9.447212825445,-1.));
#2693 = CARTESIAN_POINT('',(-3.819652333226,8.491884521855,-0.8));
#2694 = CARTESIAN_POINT('',(-7.362339170672,3.975308416951,-0.6));
#2695 = CARTESIAN_POINT('',(-7.278913016293,-0.937416660436,-0.4));
#2696 = CARTESIAN_POINT('',(-4.741674312395,-4.140915432919,-0.2));
#2697 = CARTESIAN_POINT('',(-1.534187473954,-5.1048738524,
    -4.440892098501E-16));
#2698 = CARTESIAN_POINT('',(0.457155104386,-5.604069327516,-2.));
#2699 = CARTESIAN_POINT('',(3.978295710291,-5.316830304018,-1.8));
#2700 = CARTESIAN_POINT('',(7.301777669031,-2.571670119781,-1.6));
#2701 = CARTESIAN_POINT('',(8.470883598645,2.477575696131,-1.4));
#2702 = CARTESIAN_POINT('',(5.81220033719,7.917586086976,-1.2));
#2703 = CARTESIAN_POINT('',(-0.846023171267,10.371037004302,-1.));
#2704 = CARTESIAN_POINT('',(-7.018580049437,6.870907967168,-0.8));
#2705 = CARTESIAN_POINT('',(-8.760435797093,1.071921133939,-0.6));
#2706 = CARTESIAN_POINT('',(-6.788442410611,-3.721087740242,-0.4));
#2707 = CARTESIAN_POINT('',(-3.063985501522,-5.891308351014,-0.2));
#2708 = CARTESIAN_POINT('',(0.457155104386,-5.604069327516,0.));
#2709 = CARTESIAN_POINT('',(2.481519742579,-5.200791101031,-2.));
#2710 = CARTESIAN_POINT('',(5.749273165748,-3.641606262426,-1.8));
#2711 = CARTESIAN_POINT('',(7.931369944896,0.199662075431,-1.6));
#2712 = CARTESIAN_POINT('',(7.209791794989,5.462106838822,-1.4));
#2713 = CARTESIAN_POINT('',(2.67950543978,9.702922712131,-1.2));
#2714 = CARTESIAN_POINT('',(-4.592365221286,9.624719789876,-1.));
#2715 = CARTESIAN_POINT('',(-9.2279504738,4.021366510502,-0.8));
#2716 = CARTESIAN_POINT('',(-8.781532961175,-2.168037752939,-0.6));
#2717 = CARTESIAN_POINT('',(-5.144894269388,-6.039582527278,-0.4));
#2718 = CARTESIAN_POINT('',(-0.786233680593,-6.759975939636,-0.2));
#2719 = CARTESIAN_POINT('',(2.481519742579,-5.200791101031,0.));
#2720 = CARTESIAN_POINT('',(3.484882478027,-4.740884712195,-2.));
#2721 = CARTESIAN_POINT('',(6.463668194696,-2.551268473877,-1.8));
#2722 = CARTESIAN_POINT('',(7.91653576949,1.719243678552,-1.6));
#2723 = CARTESIAN_POINT('',(6.184980532337,6.859022774362,-1.4));
#2724 = CARTESIAN_POINT('',(0.829137384992,10.244725789061,-1.2));
#2725 = CARTESIAN_POINT('',(-6.44921449454,8.773605019802,-1.));
#2726 = CARTESIAN_POINT('',(-10.02534121358,2.265923398231,-0.8));
#2727 = CARTESIAN_POINT('',(-8.392230048033,-3.856248491226,-0.6));
#2728 = CARTESIAN_POINT('',(-4.003393314729,-7.042739480006,-0.4));
#2729 = CARTESIAN_POINT('',(0.506096761356,-6.930500950514,-0.2));
#2730 = CARTESIAN_POINT('',(3.484882478027,-4.740884712195,0.));
#2731 = CARTESIAN_POINT('',(4.355529417517,-4.068293046109,-2.));
#2732 = CARTESIAN_POINT('',(6.911713326778,-1.331633201997,-1.8));
#2733 = CARTESIAN_POINT('',(7.559813359983,3.191393871396,-1.6));
#2734 = CARTESIAN_POINT('',(4.875217972749,7.984547172018,-1.4));
#2735 = CARTESIAN_POINT('',(-1.089596287677,10.35397335084,-1.2));
#2736 = CARTESIAN_POINT('',(-8.060456450947,7.528889323027,-1.));
#2737 = CARTESIAN_POINT('',(-10.40414462253,0.381783829691,-0.8));
#2738 = CARTESIAN_POINT('',(-7.633916510789,-5.407777966121,-0.6));
#2739 = CARTESIAN_POINT('',(-2.669029471547,-7.759642682495,-0.4));
#2740 = CARTESIAN_POINT('',(1.799345508254,-6.804952890223,-0.2));
#2741 = CARTESIAN_POINT('',(4.355529417517,-4.06829304611,0.));
#2742 = CARTESIAN_POINT('',(5.049395722064,-3.23482538457,-2.));
#2743 = CARTESIAN_POINT('',(7.081896454826,-6.219648347067E-02,-1.8));
#2744 = CARTESIAN_POINT('',(6.901594331322,4.531628818295,-1.6));
#2745 = CARTESIAN_POINT('',(3.374110228788,8.787342476919,-1.4));
#2746 = CARTESIAN_POINT('',(-2.959244664515,10.048580502755,-1.2));
#2747 = CARTESIAN_POINT('',(-9.344543549075,5.986452309032,-1.));
#2748 = CARTESIAN_POINT('',(-10.36552957514,-1.512248567803,-0.8));
#2749 = CARTESIAN_POINT('',(-6.572288741918,-6.738473739369,-0.6));
#2750 = CARTESIAN_POINT('',(-1.231674356846,-8.163984464673,-0.4));
#2751 = CARTESIAN_POINT('',(3.0168949893,-6.407454285673,-0.2));
#2752 = CARTESIAN_POINT('',(5.049395722064,-3.234825384571,0.));
#2753 = CARTESIAN_POINT('',(5.543277195068,-2.296100594191,-2.));
#2754 = CARTESIAN_POINT('',(6.98595974679,1.186843188376,-1.8));
#2755 = CARTESIAN_POINT('',(5.998771598577,5.679550596115,-1.6));
#2756 = CARTESIAN_POINT('',(1.774513903085,9.249348604482,-1.4));
#2757 = CARTESIAN_POINT('',(-4.68552013731,9.375369589141,-1.2));
#2758 = CARTESIAN_POINT('',(-10.25853349689,4.249223704438,-1.));
#2759 = CARTESIAN_POINT('',(-9.94255047507,-3.316224350084,-0.8));
#2760 = CARTESIAN_POINT('',(-5.285506305618,-7.795047933998,-0.6));
#2761 = CARTESIAN_POINT('',(0.225723335543,-8.257820816737,-0.4));
#2762 = CARTESIAN_POINT('',(4.100594643344,-5.779044376759,-0.2));
#2763 = CARTESIAN_POINT('',(5.543277195068,-2.296100594191,0.));
#2764 = DEFINITIONAL_REPRESENTATION('',(#2765),#2769);
#2765 = LINE('',#2766,#2767);
#2766 = CARTESIAN_POINT('',(0.,0.));
#2767 = VECTOR('',#2768,1.);
#2768 = DIRECTION('',(1.,0.));
#2769 = ( GEOMETRIC_REPRESENTATION_CONTEXT(2) 
PARAMETRIC_REPRESENTATION_CONTEXT() REPRESENTATION_CONTEXT('2D SPACE',''
  ) );
#2770 = ADVANCED_FACE('',(#2771),#2188,.T.);
#2771 = FACE_BOUND('',#2772,.T.);
#2772 = EDGE_LOOP('',(#2773,#2805,#2806,#2838));
#2773 = ORIENTED_EDGE('',*,*,#2774,.F.);
#2774 = EDGE_CURVE('',#2106,#2775,#2777,.T.);
#2775 = VERTEX_POINT('',#2776);
#2776 = CARTESIAN_POINT('',(5.543277195068,-2.296100594191,0.));
#2777 = SURFACE_CURVE('',#2778,(#2791,#2798),.PCURVE_S1.);
#2778 = ( BOUNDED_CURVE() B_SPLINE_CURVE(11,(#2779,#2780,#2781,#2782,
    #2783,#2784,#2785,#2786,#2787,#2788,#2789,#2790),.UNSPECIFIED.,.F.,
.F.) B_SPLINE_CURVE_WITH_KNOTS((12,12),(0.,2.),
.PIECEWISE_BEZIER_KNOTS.) CURVE() GEOMETRIC_REPRESENTATION_ITEM() 
RATIONAL_B_SPLINE_CURVE((1.007744716361,1.007744716361,1.007744716361,
    1.007744716361,1.007744716361,1.007744716361,1.007744716361,
    1.007744716361,1.007744716361,1.007744716361,1.007744716361,
1.007744716361)) REPRESENTATION_ITEM('') );
#2779 = CARTESIAN_POINT('',(5.543277195068,-2.296100594191,-2.));
#2780 = CARTESIAN_POINT('',(6.854806787542,0.870211935415,
    -1.818181818182));
#2781 = CARTESIAN_POINT('',(6.177279757141,4.860327336466,
    -1.636363636364));
#2782 = CARTESIAN_POINT('',(2.931617908043,8.287919815117,
    -1.454545454545));
#2783 = CARTESIAN_POINT('',(-2.349001160816,9.299162562427,
    -1.272727272729));
#2784 = CARTESIAN_POINT('',(-7.706083905783,6.625791874,-1.090909090907)
  );
#2785 = CARTESIAN_POINT('',(-10.13416655099,0.763881821322,
    -0.909090909093));
#2786 = CARTESIAN_POINT('',(-8.236495557076,-4.914506257398,
    -0.727272727271));
#2787 = CARTESIAN_POINT('',(-3.787477400579,-7.933411205843,
    -0.545454545455));
#2788 = CARTESIAN_POINT('',(0.931225987163,-7.804766823953,
    -0.363636363636));
#2789 = CARTESIAN_POINT('',(4.231747602592,-5.462413123799,
    -0.181818181818));
#2790 = CARTESIAN_POINT('',(5.543277195068,-2.296100594191,0.));
#2791 = PCURVE('',#2188,#2792);
#2792 = DEFINITIONAL_REPRESENTATION('',(#2793),#2797);
#2793 = LINE('',#2794,#2795);
#2794 = CARTESIAN_POINT('',(5.890486225481,0.));
#2795 = VECTOR('',#2796,1.);
#2796 = DIRECTION('',(0.,1.));
#2797 = ( GEOMETRIC_REPRESENTATION_CONTEXT(2) 
PARAMETRIC_REPRESENTATION_CONTEXT() REPRESENTATION_CONTEXT('2D SPACE',''
  ) );
#2798 = PCURVE('',#2642,#2799);
#2799 = DEFINITIONAL_REPRESENTATION('',(#2800),#2804);
#2800 = LINE('',#2801,#2802);
#2801 = CARTESIAN_POINT('',(1.,0.));
#2802 = VECTOR('',#2803,1.);
#2803 = DIRECTION('',(0.,1.));
#2804 = ( GEOMETRIC_REPRESENTATION_CONTEXT(2) 
PARAMETRIC_REPRESENTATION_CONTEXT() REPRESENTATION_CONTEXT('2D SPACE',''
  ) );
#2805 = ORIENTED_EDGE('',*,*,#2170,.T.);
#2806 = ORIENTED_EDGE('',*,*,#2807,.T.);
#2807 = EDGE_CURVE('',#2139,#2808,#2810,.T.);
#2808 = VERTEX_POINT('',#2809);
#2809 = CARTESIAN_POINT('',(5.543277195068,2.29610059419,0.));
#2810 = SURFACE_CURVE('',#2811,(#2824,#2831),.PCURVE_S1.);
#2811 = ( BOUNDED_CURVE() B_SPLINE_CURVE(11,(#2812,#2813,#2814,#2815,
    #2816,#2817,#2818,#2819,#2820,#2821,#2822,#2823),.UNSPECIFIED.,.F.,
.F.) B_SPLINE_CURVE_WITH_KNOTS((12,12),(0.,2.),
.PIECEWISE_BEZIER_KNOTS.) CURVE() GEOMETRIC_REPRESENTATION_ITEM() 
RATIONAL_B_SPLINE_CURVE((1.007744716361,1.007744716361,1.007744716361,
    1.007744716361,1.007744716361,1.007744716361,1.007744716361,
    1.007744716361,1.007744716361,1.007744716361,1.007744716361,
1.007744716361)) REPRESENTATION_ITEM('') );
#2812 = CARTESIAN_POINT('',(5.543277195068,2.296100594191,-2.));
#2813 = CARTESIAN_POINT('',(4.231747602593,5.462413123796,
    -1.818181818182));
#2814 = CARTESIAN_POINT('',(0.93122598716,7.804766823962,-1.636363636364
    ));
#2815 = CARTESIAN_POINT('',(-3.787477400575,7.933411205825,
    -1.454545454545));
#2816 = CARTESIAN_POINT('',(-8.236495557075,4.914506257419,
    -1.272727272729));
#2817 = CARTESIAN_POINT('',(-10.13416655101,-0.763881821334,
    -1.090909090907));
#2818 = CARTESIAN_POINT('',(-7.706083905766,-6.625791874005,
    -0.909090909093));
#2819 = CARTESIAN_POINT('',(-2.349001160833,-9.29916256241,
    -0.727272727271));
#2820 = CARTESIAN_POINT('',(2.931617908054,-8.287919815134,
    -0.545454545455));
#2821 = CARTESIAN_POINT('',(6.177279757137,-4.860327336457,
    -0.363636363636));
#2822 = CARTESIAN_POINT('',(6.854806787543,-0.870211935418,
    -0.181818181818));
#2823 = CARTESIAN_POINT('',(5.543277195068,2.29610059419,0.));
#2824 = PCURVE('',#2188,#2825);
#2825 = DEFINITIONAL_REPRESENTATION('',(#2826),#2830);
#2826 = LINE('',#2827,#2828);
#2827 = CARTESIAN_POINT('',(6.675884388878,0.));
#2828 = VECTOR('',#2829,1.);
#2829 = DIRECTION('',(0.,1.));
#2830 = ( GEOMETRIC_REPRESENTATION_CONTEXT(2) 
PARAMETRIC_REPRESENTATION_CONTEXT() REPRESENTATION_CONTEXT('2D SPACE',''
  ) );
#2831 = PCURVE('',#2338,#2832);
#2832 = DEFINITIONAL_REPRESENTATION('',(#2833),#2837);
#2833 = LINE('',#2834,#2835);
#2834 = CARTESIAN_POINT('',(0.,0.));
#2835 = VECTOR('',#2836,1.);
#2836 = DIRECTION('',(0.,1.));
#2837 = ( GEOMETRIC_REPRESENTATION_CONTEXT(2) 
PARAMETRIC_REPRESENTATION_CONTEXT() REPRESENTATION_CONTEXT('2D SPACE',''
  ) );
#2838 = ORIENTED_EDGE('',*,*,#2839,.F.);
#2839 = EDGE_CURVE('',#2775,#2808,#2840,.T.);
#2840 = SURFACE_CURVE('',#2841,(#2849,#2856),.PCURVE_S1.);
#2841 = ( BOUNDED_CURVE() B_SPLINE_CURVE(6,(#2842,#2843,#2844,#2845,
#2846,#2847,#2848),.UNSPECIFIED.,.F.,.F.) B_SPLINE_CURVE_WITH_KNOTS((7,7
),(5.890486225481,6.675884388878),.PIECEWISE_BEZIER_KNOTS.) CURVE() 
GEOMETRIC_REPRESENTATION_ITEM() RATIONAL_B_SPLINE_CURVE((1.007744716361,
    1.002554895352,0.999483957836,0.998466654399,0.999483957836,
1.002554895352,1.007744716361)) REPRESENTATION_ITEM('') );
#2842 = CARTESIAN_POINT('',(5.543277195068,-2.296100594191,0.));
#2843 = CARTESIAN_POINT('',(5.845391909743,-1.56673115263,0.));
#2844 = CARTESIAN_POINT('',(6.030696573177,-0.794320187759,0.));
#2845 = CARTESIAN_POINT('',(6.093149589838,-2.557744984325E-13,0.));
#2846 = CARTESIAN_POINT('',(6.030696573177,0.794320187759,0.));
#2847 = CARTESIAN_POINT('',(5.845391909743,1.56673115263,
    -8.881784197001E-16));
#2848 = CARTESIAN_POINT('',(5.543277195068,2.29610059419,0.));
#2849 = PCURVE('',#2188,#2850);
#2850 = DEFINITIONAL_REPRESENTATION('',(#2851),#2855);
#2851 = LINE('',#2852,#2853);
#2852 = CARTESIAN_POINT('',(0.,2.));
#2853 = VECTOR('',#2854,1.);
#2854 = DIRECTION('',(1.,0.));
#2855 = ( GEOMETRIC_REPRESENTATION_CONTEXT(2) 
PARAMETRIC_REPRESENTATION_CONTEXT() REPRESENTATION_CONTEXT('2D SPACE',''
  ) );
#2856 = PCURVE('',#2857,#2942);
#2857 = ( BOUNDED_SURFACE() B_SPLINE_SURFACE(6,11,(
    (#2858,#2859,#2860,#2861,#2862,#2863,#2864,#2865,#2866,#2867,#2868
      ,#2869)
    ,(#2870,#2871,#2872,#2873,#2874,#2875,#2876,#2877,#2878,#2879,#2880
      ,#2881)
    ,(#2882,#2883,#2884,#2885,#2886,#2887,#2888,#2889,#2890,#2891,#2892
      ,#2893)
    ,(#2894,#2895,#2896,#2897,#2898,#2899,#2900,#2901,#2902,#2903,#2904
      ,#2905)
    ,(#2906,#2907,#2908,#2909,#2910,#2911,#2912,#2913,#2914,#2915,#2916
      ,#2917)
    ,(#2918,#2919,#2920,#2921,#2922,#2923,#2924,#2925,#2926,#2927,#2928
      ,#2929)
    ,(#2930,#2931,#2932,#2933,#2934,#2935,#2936,#2937,#2938,#2939,#2940
,#2941
    )),.UNSPECIFIED.,.F.,.F.,.F.) B_SPLINE_SURFACE_WITH_KNOTS((7,7),(12,
    12),(5.890486225481,6.675884388878),(0.,2.),
.PIECEWISE_BEZIER_KNOTS.) GEOMETRIC_REPRESENTATION_ITEM() 
RATIONAL_B_SPLINE_SURFACE((
    (1.007744716361,1.007744716361,1.007744716361,1.007744716361
      ,1.007744716361,1.007744716361,1.007744716361,1.007744716361
      ,1.007744716361,1.007744716361,1.007744716361,1.007744716361)
    ,(1.002554895352,1.002554895352,1.002554895352,1.002554895352
      ,1.002554895352,1.002554895353,1.002554895352,1.002554895353
      ,1.002554895352,1.002554895352,1.002554895352,1.002554895352)
    ,(0.999483957836,0.999483957836,0.999483957836,0.999483957835
      ,0.999483957836,0.999483957835,0.999483957836,0.999483957835
      ,0.999483957836,0.999483957836,0.999483957836,0.999483957836)
    ,(0.998466654399,0.998466654399,0.998466654399,0.998466654399
      ,0.998466654399,0.998466654399,0.998466654399,0.998466654399
      ,0.998466654399,0.998466654399,0.998466654399,0.998466654399)
    ,(0.999483957836,0.999483957836,0.999483957836,0.999483957835
      ,0.999483957836,0.999483957835,0.999483957836,0.999483957835
      ,0.999483957836,0.999483957836,0.999483957836,0.999483957836)
    ,(1.002554895352,1.002554895352,1.002554895352,1.002554895352
      ,1.002554895353,1.002554895352,1.002554895353,1.002554895352
      ,1.002554895353,1.002554895352,1.002554895352,1.002554895352)
    ,(1.007744716361,1.007744716361,1.007744716361,1.007744716361
      ,1.007744716361,1.007744716361,1.007744716361,1.007744716361
      ,1.007744716361,1.007744716361,1.007744716361,1.007744716361
))) REPRESENTATION_ITEM('') SURFACE() );
#2858 = CARTESIAN_POINT('',(5.543277195068,-2.296100594191,
    -8.881784197001E-16));
#2859 = CARTESIAN_POINT('',(6.854806787542,0.870211935415,0.181818181818
    ));
#2860 = CARTESIAN_POINT('',(6.177279757141,4.860327336466,0.363636363636
    ));
#2861 = CARTESIAN_POINT('',(2.931617908043,8.287919815117,0.545454545455
    ));
#2862 = CARTESIAN_POINT('',(-2.349001160816,9.299162562427,
    0.727272727271));
#2863 = CARTESIAN_POINT('',(-7.706083905783,6.625791874,0.909090909093)
  );
#2864 = CARTESIAN_POINT('',(-10.13416655099,0.763881821322,
    1.090909090907));
#2865 = CARTESIAN_POINT('',(-8.236495557076,-4.914506257398,
    1.272727272729));
#2866 = CARTESIAN_POINT('',(-3.787477400579,-7.933411205843,
    1.454545454545));
#2867 = CARTESIAN_POINT('',(0.931225987163,-7.804766823953,
    1.636363636364));
#2868 = CARTESIAN_POINT('',(4.231747602592,-5.462413123799,
    1.818181818182));
#2869 = CARTESIAN_POINT('',(5.543277195068,-2.296100594191,2.));
#2870 = CARTESIAN_POINT('',(5.845391909743,-1.56673115263,0.));
#2871 = CARTESIAN_POINT('',(6.740306651425,1.77214889846,0.181818181818)
  );
#2872 = CARTESIAN_POINT('',(5.537771013406,5.673117122775,0.363636363636
    ));
#2873 = CARTESIAN_POINT('',(1.841115803506,8.673654181486,0.545454545457
    ));
#2874 = CARTESIAN_POINT('',(-3.572559854792,8.990087334077,
    0.727272727269));
#2875 = CARTESIAN_POINT('',(-8.577887705044,5.611846166938,
    0.909090909096));
#2876 = CARTESIAN_POINT('',(-10.23467605789,-0.569544442218,
    1.090909090904));
#2877 = CARTESIAN_POINT('',(-7.589858097252,-5.99824209695,
    1.272727272731));
#2878 = CARTESIAN_POINT('',(-2.743620581364,-8.431757252663,
    1.454545454543));
#2879 = CARTESIAN_POINT('',(1.958156126064,-7.682238623699,
    1.636363636365));
#2880 = CARTESIAN_POINT('',(4.95047716806,-4.905611203722,1.818181818182
    ));
#2881 = CARTESIAN_POINT('',(5.845391909743,-1.56673115263,2.));
#2882 = CARTESIAN_POINT('',(6.030696573177,-0.794320187759,0.));
#2883 = CARTESIAN_POINT('',(6.484411203442,2.650405639571,0.181818181818
    ));
#2884 = CARTESIAN_POINT('',(4.774195781797,6.380062537526,0.363636363637
    ));
#2885 = CARTESIAN_POINT('',(0.696654841688,8.885154792623,0.545454545453
    ));
#2886 = CARTESIAN_POINT('',(-4.739769710866,8.490157922131,
    0.727272727275));
#2887 = CARTESIAN_POINT('',(-9.284481018949,4.46687674247,0.909090909089
    ));
#2888 = CARTESIAN_POINT('',(-10.12445948831,-1.910470018834,
    1.090909090911));
#2889 = CARTESIAN_POINT('',(-6.776507851223,-6.973316269677,
    1.272727272726));
#2890 = CARTESIAN_POINT('',(-1.627769907216,-8.762514980688,
    1.454545454546));
#2891 = CARTESIAN_POINT('',(2.959359608633,-7.39867110043,1.636363636363
    ));
#2892 = CARTESIAN_POINT('',(5.57698194291,-4.239046015091,1.818181818182
    ));
#2893 = CARTESIAN_POINT('',(6.030696573177,-0.794320187759,2.));
#2894 = CARTESIAN_POINT('',(6.093149589838,-1.531135805243E-14,0.));
#2895 = CARTESIAN_POINT('',(6.093149589838,3.480398907028,0.181818181818
    ));
#2896 = CARTESIAN_POINT('',(3.906821482678,6.960712099833,0.363636363637
    ));
#2897 = CARTESIAN_POINT('',(-0.470378778869,8.915213237473,
    0.545454545453));
#2898 = CARTESIAN_POINT('',(-5.817769228843,7.811805840846,
    0.727272727275));
#2899 = CARTESIAN_POINT('',(-9.804968336257,3.221694818443,
    0.909090909088));
#2900 = CARTESIAN_POINT('',(-9.804968336234,-3.221694818451,
    1.090909090911));
#2901 = CARTESIAN_POINT('',(-5.817769228858,-7.811805840827,
    1.272727272726));
#2902 = CARTESIAN_POINT('',(-0.470378778863,-8.915213237491,
    1.454545454546));
#2903 = CARTESIAN_POINT('',(3.906821482677,-6.960712099824,
    1.636363636363));
#2904 = CARTESIAN_POINT('',(6.093149589838,-3.480398907031,
    1.818181818182));
#2905 = CARTESIAN_POINT('',(6.093149589838,-2.572668896609E-13,2.));
#2906 = CARTESIAN_POINT('',(6.030696573177,0.794320187759,0.));
#2907 = CARTESIAN_POINT('',(5.576981942911,4.239046015089,0.181818181818
    ));
#2908 = CARTESIAN_POINT('',(2.959359608631,7.39867110044,0.363636363636)
  );
#2909 = CARTESIAN_POINT('',(-1.627769907216,8.76251498067,0.545454545455
    ));
#2910 = CARTESIAN_POINT('',(-6.776507851216,6.973316269696,
    0.727272727271));
#2911 = CARTESIAN_POINT('',(-10.12445948832,1.910470018823,
    0.909090909093));
#2912 = CARTESIAN_POINT('',(-9.28448101893,-4.466876742474,
    1.090909090907));
#2913 = CARTESIAN_POINT('',(-4.739769710879,-8.490157922116,
    1.272727272729));
#2914 = CARTESIAN_POINT('',(0.696654841693,-8.885154792639,
    1.454545454544));
#2915 = CARTESIAN_POINT('',(4.774195781797,-6.380062537517,
    1.636363636364));
#2916 = CARTESIAN_POINT('',(6.484411203442,-2.650405639574,
    1.818181818182));
#2917 = CARTESIAN_POINT('',(6.030696573177,0.794320187759,2.));
#2918 = CARTESIAN_POINT('',(5.845391909743,1.56673115263,0.));
#2919 = CARTESIAN_POINT('',(4.950477168061,4.90561120372,0.181818181818)
  );
#2920 = CARTESIAN_POINT('',(1.958156126061,7.682238623708,0.363636363636
    ));
#2921 = CARTESIAN_POINT('',(-2.743620581361,8.431757252644,
    0.545454545455));
#2922 = CARTESIAN_POINT('',(-7.589858097251,5.998242096974,
    0.727272727272));
#2923 = CARTESIAN_POINT('',(-10.2346760579,0.569544442205,0.909090909092
    ));
#2924 = CARTESIAN_POINT('',(-8.577887705031,-5.611846166944,
    1.090909090908));
#2925 = CARTESIAN_POINT('',(-3.572559854805,-8.990087334058,
    1.272727272728));
#2926 = CARTESIAN_POINT('',(1.841115803514,-8.673654181504,
    1.454545454545));
#2927 = CARTESIAN_POINT('',(5.537771013402,-5.673117122766,
    1.636363636364));
#2928 = CARTESIAN_POINT('',(6.740306651425,-1.772148898462,
    1.818181818182));
#2929 = CARTESIAN_POINT('',(5.845391909743,1.56673115263,2.));
#2930 = CARTESIAN_POINT('',(5.543277195068,2.296100594191,
    -8.881784197001E-16));
#2931 = CARTESIAN_POINT('',(4.231747602593,5.462413123796,0.181818181818
    ));
#2932 = CARTESIAN_POINT('',(0.93122598716,7.804766823962,0.363636363636)
  );
#2933 = CARTESIAN_POINT('',(-3.787477400575,7.933411205825,
    0.545454545455));
#2934 = CARTESIAN_POINT('',(-8.236495557075,4.914506257419,
    0.727272727271));
#2935 = CARTESIAN_POINT('',(-10.13416655101,-0.763881821334,
    0.909090909093));
#2936 = CARTESIAN_POINT('',(-7.706083905766,-6.625791874005,
    1.090909090907));
#2937 = CARTESIAN_POINT('',(-2.349001160833,-9.29916256241,
    1.272727272729));
#2938 = CARTESIAN_POINT('',(2.931617908054,-8.287919815134,
    1.454545454545));
#2939 = CARTESIAN_POINT('',(6.177279757137,-4.860327336457,
    1.636363636364));
#2940 = CARTESIAN_POINT('',(6.854806787543,-0.870211935418,
    1.818181818182));
#2941 = CARTESIAN_POINT('',(5.543277195068,2.29610059419,2.));
#2942 = DEFINITIONAL_REPRESENTATION('',(#2943),#2947);
#2943 = LINE('',#2944,#2945);
#2944 = CARTESIAN_POINT('',(0.,0.));
#2945 = VECTOR('',#2946,1.);
#2946 = DIRECTION('',(1.,0.));
#2947 = ( GEOMETRIC_REPRESENTATION_CONTEXT(2) 
PARAMETRIC_REPRESENTATION_CONTEXT() REPRESENTATION_CONTEXT('2D SPACE',''
  ) );
#2948 = ADVANCED_FACE('',(#2949),#2338,.T.);
#2949 = FACE_BOUND('',#2950,.T.);
#2950 = EDGE_LOOP('',(#2951,#2952,#2953,#2984));
#2951 = ORIENTED_EDGE('',*,*,#2807,.F.);
#2952 = ORIENTED_EDGE('',*,*,#2316,.T.);
#2953 = ORIENTED_EDGE('',*,*,#2954,.T.);
#2954 = EDGE_CURVE('',#2286,#2955,#2957,.T.);
#2955 = VERTEX_POINT('',#2956);
#2956 = CARTESIAN_POINT('',(-4.133652434855,2.386565346,
    -2.22044604925E-16));
#2957 = SURFACE_CURVE('',#2958,(#2970,#2977),.PCURVE_S1.);
#2958 = B_SPLINE_CURVE_WITH_KNOTS('',10,(#2959,#2960,#2961,#2962,#2963,
    #2964,#2965,#2966,#2967,#2968,#2969),.UNSPECIFIED.,.F.,.F.,(11,11),(
    0.,2.),.PIECEWISE_BEZIER_KNOTS.);
#2959 = CARTESIAN_POINT('',(-4.133652434855,2.386565346,-2.));
#2960 = CARTESIAN_POINT('',(-5.633175666516,-0.210685078366,-1.8));
#2961 = CARTESIAN_POINT('',(-5.321071289824,-3.856661309324,-1.6));
#2962 = CARTESIAN_POINT('',(-2.360006807163,-7.110849888571,-1.4));
#2963 = CARTESIAN_POINT('',(2.722039721381,-7.881031519534,-1.2));
#2964 = CARTESIAN_POINT('',(7.649845114228,-4.416640135928,-1.));
#2965 = CARTESIAN_POINT('',(8.18619336461,1.583160210902,-0.8));
#2966 = CARTESIAN_POINT('',(4.978173242432,5.599250792416,-0.6));
#2967 = CARTESIAN_POINT('',(0.67943102275,6.536513566989,-0.4));
#2968 = CARTESIAN_POINT('',(-2.634129203193,4.983815770368,-0.2));
#2969 = CARTESIAN_POINT('',(-4.133652434855,2.386565346,0.));
#2970 = PCURVE('',#2338,#2971);
#2971 = DEFINITIONAL_REPRESENTATION('',(#2972),#2976);
#2972 = LINE('',#2973,#2974);
#2973 = CARTESIAN_POINT('',(1.,0.));
#2974 = VECTOR('',#2975,1.);
#2975 = DIRECTION('',(0.,1.));
#2976 = ( GEOMETRIC_REPRESENTATION_CONTEXT(2) 
PARAMETRIC_REPRESENTATION_CONTEXT() REPRESENTATION_CONTEXT('2D SPACE',''
  ) );
#2977 = PCURVE('',#2522,#2978);
#2978 = DEFINITIONAL_REPRESENTATION('',(#2979),#2983);
#2979 = LINE('',#2980,#2981);
#2980 = CARTESIAN_POINT('',(2.617993877991,0.));
#2981 = VECTOR('',#2982,1.);
#2982 = DIRECTION('',(0.,1.));
#2983 = ( GEOMETRIC_REPRESENTATION_CONTEXT(2) 
PARAMETRIC_REPRESENTATION_CONTEXT() REPRESENTATION_CONTEXT('2D SPACE',''
  ) );
#2984 = ORIENTED_EDGE('',*,*,#2985,.F.);
#2985 = EDGE_CURVE('',#2808,#2955,#2986,.T.);
#2986 = SURFACE_CURVE('',#2987,(#2999,#3006),.PCURVE_S1.);
#2987 = B_SPLINE_CURVE_WITH_KNOTS('',6,(#2988,#2989,#2990,#2991,#2992,
    #2993,#2994,#2995,#2996,#2997,#2998),.UNSPECIFIED.,.F.,.F.,(7,4,7),(
    0.,0.528174081598,1.),.UNSPECIFIED.);
#2988 = CARTESIAN_POINT('',(5.543277195068,2.29610059419,0.));
#2989 = CARTESIAN_POINT('',(5.049395722064,3.23482538457,0.));
#2990 = CARTESIAN_POINT('',(4.355529417517,4.068293046109,0.));
#2991 = CARTESIAN_POINT('',(3.484882478027,4.740884712195,0.));
#2992 = CARTESIAN_POINT('',(2.481519742579,5.20079110103,0.));
#2993 = CARTESIAN_POINT('',(0.457155104386,5.604069327516,0.));
#2994 = CARTESIAN_POINT('',(-1.534187473954,5.1048738524,
    -4.440892098501E-16));
#2995 = CARTESIAN_POINT('',(-2.412956286604,4.664964386211,
    -2.22044604925E-16));
#2996 = CARTESIAN_POINT('',(-3.172205956681,4.035424063087,
    -2.22044604925E-16));
#2997 = CARTESIAN_POINT('',(-3.757161806253,3.256105283989,0.));
#2998 = CARTESIAN_POINT('',(-4.133652434855,2.386565346,0.));
#2999 = PCURVE('',#2338,#3000);
#3000 = DEFINITIONAL_REPRESENTATION('',(#3001),#3005);
#3001 = LINE('',#3002,#3003);
#3002 = CARTESIAN_POINT('',(0.,2.));
#3003 = VECTOR('',#3004,1.);
#3004 = DIRECTION('',(1.,0.));
#3005 = ( GEOMETRIC_REPRESENTATION_CONTEXT(2) 
PARAMETRIC_REPRESENTATION_CONTEXT() REPRESENTATION_CONTEXT('2D SPACE',''
  ) );
#3006 = PCURVE('',#3007,#3129);
#3007 = B_SPLINE_SURFACE_WITH_KNOTS('',6,10,(
    (#3008,#3009,#3010,#3011,#3012,#3013,#3014,#3015,#3016,#3017,#3018)
    ,(#3019,#3020,#3021,#3022,#3023,#3024,#3025,#3026,#3027,#3028,#3029)
    ,(#3030,#3031,#3032,#3033,#3034,#3035,#3036,#3037,#3038,#3039,#3040)
    ,(#3041,#3042,#3043,#3044,#3045,#3046,#3047,#3048,#3049,#3050,#3051)
    ,(#3052,#3053,#3054,#3055,#3056,#3057,#3058,#3059,#3060,#3061,#3062)
    ,(#3063,#3064,#3065,#3066,#3067,#3068,#3069,#3070,#3071,#3072,#3073)
    ,(#3074,#3075,#3076,#3077,#3078,#3079,#3080,#3081,#3082,#3083,#3084)
    ,(#3085,#3086,#3087,#3088,#3089,#3090,#3091,#3092,#3093,#3094,#3095)
    ,(#3096,#3097,#3098,#3099,#3100,#3101,#3102,#3103,#3104,#3105,#3106)
    ,(#3107,#3108,#3109,#3110,#3111,#3112,#3113,#3114,#3115,#3116,#3117)
    ,(#3118,#3119,#3120,#3121,#3122,#3123,#3124,#3125,#3126,#3127,#3128
    )),.UNSPECIFIED.,.F.,.F.,.F.,(7,4,7),(11,11),(0.,0.528174081598,1.),
  (0.,2.),.UNSPECIFIED.);
#3008 = CARTESIAN_POINT('',(5.543277195068,2.296100594191,0.));
#3009 = CARTESIAN_POINT('',(4.100594643346,5.779044376757,0.2));
#3010 = CARTESIAN_POINT('',(0.225723335538,8.257820816749,0.4));
#3011 = CARTESIAN_POINT('',(-5.285506305606,7.795047933968,0.6));
#3012 = CARTESIAN_POINT('',(-9.94255047509,3.316224350135,0.8));
#3013 = CARTESIAN_POINT('',(-10.25853349686,-4.249223704497,1.));
#3014 = CARTESIAN_POINT('',(-4.685520137331,-9.375369589091,1.2));
#3015 = CARTESIAN_POINT('',(1.774513903097,-9.249348604512,1.4));
#3016 = CARTESIAN_POINT('',(5.998771598573,-5.679550596103,1.6));
#3017 = CARTESIAN_POINT('',(6.985959746791,-1.186843188379,1.8));
#3018 = CARTESIAN_POINT('',(5.543277195068,2.29610059419,2.));
#3019 = CARTESIAN_POINT('',(5.049395722064,3.23482538457,
    2.22044604925E-16));
#3020 = CARTESIAN_POINT('',(3.016894989302,6.40745428567,0.2));
#3021 = CARTESIAN_POINT('',(-1.231674356853,8.163984464684,0.4));
#3022 = CARTESIAN_POINT('',(-6.5722887419,6.738473739341,0.6));
#3023 = CARTESIAN_POINT('',(-10.36552957517,1.512248567849,0.8));
#3024 = CARTESIAN_POINT('',(-9.344543549039,-5.986452309087,1.));
#3025 = CARTESIAN_POINT('',(-2.959244664546,-10.0485805027,1.2));
#3026 = CARTESIAN_POINT('',(3.374110228806,-8.787342476947,1.4));
#3027 = CARTESIAN_POINT('',(6.901594331315,-4.531628818284,1.6));
#3028 = CARTESIAN_POINT('',(7.081896454827,6.219648346809E-02,1.8));
#3029 = CARTESIAN_POINT('',(5.049395722064,3.23482538457,2.));
#3030 = CARTESIAN_POINT('',(4.355529417517,4.068293046109,
    1.110223024625E-16));
#3031 = CARTESIAN_POINT('',(1.799345508256,6.804952890222,0.2));
#3032 = CARTESIAN_POINT('',(-2.669029471556,7.759642682504,0.4));
#3033 = CARTESIAN_POINT('',(-7.633916510766,5.407777966098,0.6));
#3034 = CARTESIAN_POINT('',(-10.40414462257,-0.381783829654,0.8));
#3035 = CARTESIAN_POINT('',(-8.060456450902,-7.528889323071,1.));
#3036 = CARTESIAN_POINT('',(-1.089596287715,-10.3539733508,1.2));
#3037 = CARTESIAN_POINT('',(4.875217972772,-7.98454717204,1.4));
#3038 = CARTESIAN_POINT('',(7.559813359974,-3.191393871387,1.6));
#3039 = CARTESIAN_POINT('',(6.91171332678,1.331633201995,1.8));
#3040 = CARTESIAN_POINT('',(4.355529417517,4.068293046109,2.));
#3041 = CARTESIAN_POINT('',(3.484882478027,4.740884712195,0.));
#3042 = CARTESIAN_POINT('',(0.506096761359,6.930500950513,0.2));
#3043 = CARTESIAN_POINT('',(-4.003393314739,7.042739480014,0.4));
#3044 = CARTESIAN_POINT('',(-8.392230048007,3.856248491207,0.6));
#3045 = CARTESIAN_POINT('',(-10.02534121363,-2.265923398199,0.8));
#3046 = CARTESIAN_POINT('',(-6.449214494488,-8.773605019839,1.));
#3047 = CARTESIAN_POINT('',(0.829137384948,-10.24472578903,1.2));
#3048 = CARTESIAN_POINT('',(6.184980532364,-6.859022774381,1.4));
#3049 = CARTESIAN_POINT('',(7.916535769479,-1.719243678545,1.6));
#3050 = CARTESIAN_POINT('',(6.463668194698,2.551268473875,1.8));
#3051 = CARTESIAN_POINT('',(3.484882478027,4.740884712195,2.));
#3052 = CARTESIAN_POINT('',(2.481519742579,5.200791101031,0.));
#3053 = CARTESIAN_POINT('',(-0.786233680591,6.759975939635,0.2));
#3054 = CARTESIAN_POINT('',(-5.144894269399,6.039582527283,0.4));
#3055 = CARTESIAN_POINT('',(-8.781532961146,2.168037752925,0.6));
#3056 = CARTESIAN_POINT('',(-9.227950473847,-4.021366510479,0.8));
#3057 = CARTESIAN_POINT('',(-4.592365221229,-9.624719789903,1.));
#3058 = CARTESIAN_POINT('',(2.679505439732,-9.702922712108,1.2));
#3059 = CARTESIAN_POINT('',(7.209791795018,-5.462106838836,1.4));
#3060 = CARTESIAN_POINT('',(7.931369944884,-0.199662075426,1.6));
#3061 = CARTESIAN_POINT('',(5.749273165751,3.641606262425,1.8));
#3062 = CARTESIAN_POINT('',(2.481519742579,5.20079110103,2.));
#3063 = CARTESIAN_POINT('',(0.457155104386,5.604069327516,0.));
#3064 = CARTESIAN_POINT('',(-3.06398550152,5.891308351014,0.2));
#3065 = CARTESIAN_POINT('',(-6.788442410623,3.721087740243,0.4));
#3066 = CARTESIAN_POINT('',(-8.760435797063,-1.071921133942,0.6));
#3067 = CARTESIAN_POINT('',(-7.018580049488,-6.870907967163,0.8));
#3068 = CARTESIAN_POINT('',(-0.846023171207,-10.3710370043,1.));
#3069 = CARTESIAN_POINT('',(5.812200337139,-7.917586086971,1.2));
#3070 = CARTESIAN_POINT('',(8.470883598675,-2.477575696134,1.4));
#3071 = CARTESIAN_POINT('',(7.301777669019,2.571670119783,1.6));
#3072 = CARTESIAN_POINT('',(3.978295710294,5.316830304018,1.8));
#3073 = CARTESIAN_POINT('',(0.457155104386,5.604069327516,2.));
#3074 = CARTESIAN_POINT('',(-1.534187473954,5.1048738524,0.));
#3075 = CARTESIAN_POINT('',(-4.741674312393,4.140915432919,0.2));
#3076 = CARTESIAN_POINT('',(-7.278913016304,0.937416660433,0.4));
#3077 = CARTESIAN_POINT('',(-7.362339170644,-3.975308416943,0.6));
#3078 = CARTESIAN_POINT('',(-3.819652333272,-8.491884521869,0.8));
#3079 = CARTESIAN_POINT('',(2.839207392732,-9.447212825429,1.));
#3080 = CARTESIAN_POINT('',(7.868196526835,-4.979290119519,1.2));
#3081 = CARTESIAN_POINT('',(8.334060478401,0.741991250789,1.4));
#3082 = CARTESIAN_POINT('',(5.556188024639,4.794799195887,1.6));
#3083 = CARTESIAN_POINT('',(1.673299364488,6.068832271881,1.8));
#3084 = CARTESIAN_POINT('',(-1.534187473954,5.1048738524,2.));
#3085 = CARTESIAN_POINT('',(-2.412956286604,4.664964386211,
    -2.22044604925E-16));
#3086 = CARTESIAN_POINT('',(-5.344039855599,3.148859237525,0.2));
#3087 = CARTESIAN_POINT('',(-7.219265124594,-0.41430552884,0.4));
#3088 = CARTESIAN_POINT('',(-6.407728600479,-5.187007276852,0.6));
#3089 = CARTESIAN_POINT('',(-2.15657073826,-8.917440563554,0.8));
#3090 = CARTESIAN_POINT('',(4.465479899654,-8.63310488247,1.));
#3091 = CARTESIAN_POINT('',(8.524084702066,-3.392863620165,1.2));
#3092 = CARTESIAN_POINT('',(7.93604315014,2.232319293268,1.4));
#3093 = CARTESIAN_POINT('',(4.509778722645,5.652551095127,1.6));
#3094 = CARTESIAN_POINT('',(0.518127282393,6.181069534897,1.8));
#3095 = CARTESIAN_POINT('',(-2.412956286604,4.664964386211,2.));
#3096 = CARTESIAN_POINT('',(-3.172205956681,4.035424063087,0.));
#3097 = CARTESIAN_POINT('',(-5.707737674823,2.042268277251,0.2));
#3098 = CARTESIAN_POINT('',(-6.854120875518,-1.722242574813,0.4));
#3099 = CARTESIAN_POINT('',(-5.199431211036,-6.15490413455,0.6));
#3100 = CARTESIAN_POINT('',(-0.434103390532,-8.955967250575,0.8));
#3101 = CARTESIAN_POINT('',(5.87056716101,-7.468061124932,1.));
#3102 = CARTESIAN_POINT('',(8.805189861275,-1.693052466228,1.2));
#3103 = CARTESIAN_POINT('',(7.208638151503,3.598953434672,1.4));
#3104 = CARTESIAN_POINT('',(3.292080008257,6.253583107451,1.6));
#3105 = CARTESIAN_POINT('',(-0.636674238537,6.028579848925,1.8));
#3106 = CARTESIAN_POINT('',(-3.172205956681,4.035424063087,2.));
#3107 = CARTESIAN_POINT('',(-3.757161806253,3.256105283989,
    -2.22044604925E-16));
#3108 = CARTESIAN_POINT('',(-5.803033094151,0.895410898214,0.2));
#3109 = CARTESIAN_POINT('',(-6.202827399034,-2.895159990863,0.4));
#3110 = CARTESIAN_POINT('',(-3.816062374807,-6.807409583085,0.6));
#3111 = CARTESIAN_POINT('',(1.229855700551,-8.597342931861,0.8));
#3112 = CARTESIAN_POINT('',(6.953101727809,-6.025833446463,1.));
#3113 = CARTESIAN_POINT('',(8.684861942079,4.855791191465E-03,1.2));
#3114 = CARTESIAN_POINT('',(6.195767753537,4.745062615491,1.4));
#3115 = CARTESIAN_POINT('',(1.983944993059,6.551410640411,1.6));
#3116 = CARTESIAN_POINT('',(-1.711290518354,5.616799669764,1.8));
#3117 = CARTESIAN_POINT('',(-3.757161806253,3.256105283989,2.));
#3118 = CARTESIAN_POINT('',(-4.133652434855,2.386565346,
    -2.22044604925E-16));
#3119 = CARTESIAN_POINT('',(-5.633175666516,-0.210685078366,0.2));
#3120 = CARTESIAN_POINT('',(-5.321071289824,-3.856661309324,0.4));
#3121 = CARTESIAN_POINT('',(-2.360006807163,-7.110849888571,0.6));
#3122 = CARTESIAN_POINT('',(2.722039721381,-7.881031519534,0.8));
#3123 = CARTESIAN_POINT('',(7.649845114228,-4.416640135928,1.));
#3124 = CARTESIAN_POINT('',(8.18619336461,1.583160210902,1.2));
#3125 = CARTESIAN_POINT('',(4.978173242432,5.599250792416,1.4));
#3126 = CARTESIAN_POINT('',(0.67943102275,6.536513566989,1.6));
#3127 = CARTESIAN_POINT('',(-2.634129203193,4.983815770368,1.8));
#3128 = CARTESIAN_POINT('',(-4.133652434855,2.386565346,2.));
#3129 = DEFINITIONAL_REPRESENTATION('',(#3130),#3134);
#3130 = LINE('',#3131,#3132);
#3131 = CARTESIAN_POINT('',(0.,0.));
#3132 = VECTOR('',#3133,1.);
#3133 = DIRECTION('',(1.,0.));
#3134 = ( GEOMETRIC_REPRESENTATION_CONTEXT(2) 
PARAMETRIC_REPRESENTATION_CONTEXT() REPRESENTATION_CONTEXT('2D SPACE',''
  ) );
#3135 = ADVANCED_FACE('',(#3136),#2522,.T.);
#3136 = FACE_BOUND('',#3137,.T.);
#3137 = EDGE_LOOP('',(#3138,#3139,#3140,#3172));
#3138 = ORIENTED_EDGE('',*,*,#2954,.F.);
#3139 = ORIENTED_EDGE('',*,*,#2504,.T.);
#3140 = ORIENTED_EDGE('',*,*,#3141,.T.);
#3141 = EDGE_CURVE('',#2473,#3142,#3144,.T.);
#3142 = VERTEX_POINT('',#3143);
#3143 = CARTESIAN_POINT('',(-4.133652434855,-2.386565346,
    -1.110223024625E-16));
#3144 = SURFACE_CURVE('',#3145,(#3158,#3165),.PCURVE_S1.);
#3145 = ( BOUNDED_CURVE() B_SPLINE_CURVE(11,(#3146,#3147,#3148,#3149,
    #3150,#3151,#3152,#3153,#3154,#3155,#3156,#3157),.UNSPECIFIED.,.F.,
.F.) B_SPLINE_CURVE_WITH_KNOTS((12,12),(0.,2.),
.PIECEWISE_BEZIER_KNOTS.) CURVE() GEOMETRIC_REPRESENTATION_ITEM() 
RATIONAL_B_SPLINE_CURVE((1.013815801033,1.013815801033,1.013815801033,
    1.013815801033,1.013815801033,1.013815801033,1.013815801033,
    1.013815801033,1.013815801033,1.013815801033,1.013815801033,
1.013815801033)) REPRESENTATION_ITEM('') );
#3146 = CARTESIAN_POINT('',(-4.133652434855,-2.386565346,-2.));
#3147 = CARTESIAN_POINT('',(-2.770449496982,-4.747702095424,
    -1.818181818182));
#3148 = CARTESIAN_POINT('',(7.594629669105E-02,-6.252439517799,
    -1.636363636364));
#3149 = CARTESIAN_POINT('',(3.81102105027,-5.863930088437,
    -1.454545454546));
#3150 = CARTESIAN_POINT('',(7.006560468971,-3.020901346774,
    -1.272727272727));
#3151 = CARTESIAN_POINT('',(7.913660371367,1.654781467391,-1.09090909091
    ));
#3152 = CARTESIAN_POINT('',(5.389912974143,6.026040184831,-0.90909090909
    ));
#3153 = CARTESIAN_POINT('',(0.887102925865,7.578310032658,
    -0.727272727273));
#3154 = CARTESIAN_POINT('',(-3.172801897474,6.232406088121,
    -0.545454545454));
#3155 = CARTESIAN_POINT('',(-5.376798309691,3.19199118115,
    -0.363636363636));
#3156 = CARTESIAN_POINT('',(-5.496855372729,-2.542859657427E-02,
    -0.181818181818));
#3157 = CARTESIAN_POINT('',(-4.133652434855,-2.386565346,0.));
#3158 = PCURVE('',#2522,#3159);
#3159 = DEFINITIONAL_REPRESENTATION('',(#3160),#3164);
#3160 = LINE('',#3161,#3162);
#3161 = CARTESIAN_POINT('',(3.665191429188,0.));
#3162 = VECTOR('',#3163,1.);
#3163 = DIRECTION('',(0.,1.));
#3164 = ( GEOMETRIC_REPRESENTATION_CONTEXT(2) 
PARAMETRIC_REPRESENTATION_CONTEXT() REPRESENTATION_CONTEXT('2D SPACE',''
  ) );
#3165 = PCURVE('',#2642,#3166);
#3166 = DEFINITIONAL_REPRESENTATION('',(#3167),#3171);
#3167 = LINE('',#3168,#3169);
#3168 = CARTESIAN_POINT('',(0.,0.));
#3169 = VECTOR('',#3170,1.);
#3170 = DIRECTION('',(0.,1.));
#3171 = ( GEOMETRIC_REPRESENTATION_CONTEXT(2) 
PARAMETRIC_REPRESENTATION_CONTEXT() REPRESENTATION_CONTEXT('2D SPACE',''
  ) );
#3172 = ORIENTED_EDGE('',*,*,#3173,.F.);
#3173 = EDGE_CURVE('',#2955,#3142,#3174,.T.);
#3174 = SURFACE_CURVE('',#3175,(#3183,#3190),.PCURVE_S1.);
#3175 = ( BOUNDED_CURVE() B_SPLINE_CURVE(6,(#3176,#3177,#3178,#3179,
#3180,#3181,#3182),.UNSPECIFIED.,.F.,.F.) B_SPLINE_CURVE_WITH_KNOTS((7,7
),(2.617993877991,3.665191429188),.PIECEWISE_BEZIER_KNOTS.) CURVE() 
GEOMETRIC_REPRESENTATION_ITEM() RATIONAL_B_SPLINE_CURVE((1.013815801033,
    1.004520331021,0.999080478963,0.997285502839,0.999080478963,
1.004520331021,1.013815801033)) REPRESENTATION_ITEM('') );
#3176 = CARTESIAN_POINT('',(-4.133652434855,2.386565346,0.));
#3177 = CARTESIAN_POINT('',(-4.554040953329,1.658431073086,0.));
#3178 = CARTESIAN_POINT('',(-4.816376706691,0.849950910247,
    -8.881784197001E-16));
#3179 = CARTESIAN_POINT('',(-4.90556017208,1.997035760114E-13,0.));
#3180 = CARTESIAN_POINT('',(-4.816376706691,-0.849950910247,0.));
#3181 = CARTESIAN_POINT('',(-4.554040953329,-1.658431073085,0.));
#3182 = CARTESIAN_POINT('',(-4.133652434855,-2.386565346,0.));
#3183 = PCURVE('',#2522,#3184);
#3184 = DEFINITIONAL_REPRESENTATION('',(#3185),#3189);
#3185 = LINE('',#3186,#3187);
#3186 = CARTESIAN_POINT('',(0.,2.));
#3187 = VECTOR('',#3188,1.);
#3188 = DIRECTION('',(1.,0.));
#3189 = ( GEOMETRIC_REPRESENTATION_CONTEXT(2) 
PARAMETRIC_REPRESENTATION_CONTEXT() REPRESENTATION_CONTEXT('2D SPACE',''
  ) );
#3190 = PCURVE('',#3191,#3276);
#3191 = ( BOUNDED_SURFACE() B_SPLINE_SURFACE(6,11,(
    (#3192,#3193,#3194,#3195,#3196,#3197,#3198,#3199,#3200,#3201,#3202
      ,#3203)
    ,(#3204,#3205,#3206,#3207,#3208,#3209,#3210,#3211,#3212,#3213,#3214
      ,#3215)
    ,(#3216,#3217,#3218,#3219,#3220,#3221,#3222,#3223,#3224,#3225,#3226
      ,#3227)
    ,(#3228,#3229,#3230,#3231,#3232,#3233,#3234,#3235,#3236,#3237,#3238
      ,#3239)
    ,(#3240,#3241,#3242,#3243,#3244,#3245,#3246,#3247,#3248,#3249,#3250
      ,#3251)
    ,(#3252,#3253,#3254,#3255,#3256,#3257,#3258,#3259,#3260,#3261,#3262
      ,#3263)
    ,(#3264,#3265,#3266,#3267,#3268,#3269,#3270,#3271,#3272,#3273,#3274
,#3275
    )),.UNSPECIFIED.,.F.,.F.,.F.) B_SPLINE_SURFACE_WITH_KNOTS((7,7),(12,
    12),(2.617993877991,3.665191429188),(0.,2.),
.PIECEWISE_BEZIER_KNOTS.) GEOMETRIC_REPRESENTATION_ITEM() 
RATIONAL_B_SPLINE_SURFACE((
    (1.013815801033,1.013815801033,1.013815801033,1.013815801033
      ,1.013815801033,1.013815801033,1.013815801033,1.013815801033
      ,1.013815801033,1.013815801033,1.013815801033,1.013815801033)
    ,(1.004520331021,1.004520331021,1.004520331021,1.004520331021
      ,1.004520331021,1.004520331022,1.004520331021,1.004520331022
      ,1.004520331021,1.004520331021,1.004520331021,1.004520331021)
    ,(0.999080478963,0.999080478963,0.999080478963,0.999080478963
      ,0.999080478964,0.999080478963,0.999080478964,0.999080478963
      ,0.999080478963,0.999080478963,0.999080478963,0.999080478963)
    ,(0.997285502839,0.997285502839,0.997285502839,0.997285502839
      ,0.997285502839,0.997285502839,0.997285502839,0.997285502839
      ,0.997285502839,0.997285502839,0.997285502839,0.997285502839)
    ,(0.999080478963,0.999080478963,0.999080478963,0.999080478963
      ,0.999080478963,0.999080478963,0.999080478963,0.999080478964
      ,0.999080478963,0.999080478963,0.999080478963,0.999080478963)
    ,(1.004520331021,1.004520331021,1.004520331021,1.004520331021
      ,1.004520331021,1.004520331021,1.004520331021,1.004520331021
      ,1.004520331021,1.004520331021,1.004520331021,1.004520331021)
    ,(1.013815801033,1.013815801033,1.013815801033,1.013815801033
      ,1.013815801033,1.013815801033,1.013815801033,1.013815801033
      ,1.013815801033,1.013815801033,1.013815801033,1.013815801033
))) REPRESENTATION_ITEM('') SURFACE() );
#3192 = CARTESIAN_POINT('',(-4.133652434855,2.386565346,
    -4.440892098501E-16));
#3193 = CARTESIAN_POINT('',(-5.496855372729,2.542859657625E-02,
    0.181818181818));
#3194 = CARTESIAN_POINT('',(-5.376798309694,-3.191991181157,
    0.363636363636));
#3195 = CARTESIAN_POINT('',(-3.172801897467,-6.23240608811,
    0.545454545454));
#3196 = CARTESIAN_POINT('',(0.887102925853,-7.578310032667,
    0.727272727273));
#3197 = CARTESIAN_POINT('',(5.389912974156,-6.026040184831,0.90909090909
    ));
#3198 = CARTESIAN_POINT('',(7.91366037136,-1.65478146738,1.09090909091)
  );
#3199 = CARTESIAN_POINT('',(7.006560468969,3.020901346758,1.272727272727
    ));
#3200 = CARTESIAN_POINT('',(3.811021050276,5.863930088449,1.454545454546
    ));
#3201 = CARTESIAN_POINT('',(7.594629668709E-02,6.252439517793,
    1.636363636364));
#3202 = CARTESIAN_POINT('',(-2.770449496981,4.747702095425,
    1.818181818182));
#3203 = CARTESIAN_POINT('',(-4.133652434855,2.386565346,2.));
#3204 = CARTESIAN_POINT('',(-4.554040953329,1.658431073085,
    4.440892098501E-16));
#3205 = CARTESIAN_POINT('',(-5.50133456709,-0.942831036573,
    0.181818181818));
#3206 = CARTESIAN_POINT('',(-4.814535706713,-4.139103012532,
    0.363636363637));
#3207 = CARTESIAN_POINT('',(-2.074976536725,-6.791288538705,
    0.545454545453));
#3208 = CARTESIAN_POINT('',(2.222006465163,-7.422048698636,
    0.727272727276));
#3209 = CARTESIAN_POINT('',(6.451387410544,-5.076618232603,
    0.909090909087));
#3210 = CARTESIAN_POINT('',(8.205146682704,-0.260806663886,
    1.090909090913));
#3211 = CARTESIAN_POINT('',(6.474434984219,4.255092390417,1.272727272724
    ));
#3212 = CARTESIAN_POINT('',(2.778101969957,6.535233514474,1.454545454547
    ));
#3213 = CARTESIAN_POINT('',(-1.025407910997,6.265817299884,
    1.636363636363));
#3214 = CARTESIAN_POINT('',(-3.606747339566,4.259693182746,
    1.818181818182));
#3215 = CARTESIAN_POINT('',(-4.554040953329,1.658431073086,2.));
#3216 = CARTESIAN_POINT('',(-4.816376706691,0.849950910247,
    -4.440892098501E-16));
#3217 = CARTESIAN_POINT('',(-5.301867531335,-1.901157031327,
    0.181818181818));
#3218 = CARTESIAN_POINT('',(-4.05914662145,-4.957174397068,
    0.363636363637));
#3219 = CARTESIAN_POINT('',(-0.871794157368,-7.112712990943,
    0.545454545454));
#3220 = CARTESIAN_POINT('',(3.509008994183,-6.986439002206,
    0.727272727274));
#3221 = CARTESIAN_POINT('',(7.30100878128,-3.914336467584,0.90909090909)
  );
#3222 = CARTESIAN_POINT('',(8.199815680111,1.178890163686,1.09090909091)
  );
#3223 = CARTESIAN_POINT('',(5.688391393118,5.363364374277,1.272727272727
    ));
#3224 = CARTESIAN_POINT('',(1.615423165799,6.981484021322,1.454545454546
    ));
#3225 = CARTESIAN_POINT('',(-2.117207235922,6.047121862295,
    1.636363636364));
#3226 = CARTESIAN_POINT('',(-4.330885882046,3.601058851823,
    1.818181818182));
#3227 = CARTESIAN_POINT('',(-4.816376706691,0.849950910247,2.));
#3228 = CARTESIAN_POINT('',(-4.90556017208,1.922351999446E-14,0.));
#3229 = CARTESIAN_POINT('',(-4.905560172081,-2.802049417881,
    0.181818181818));
#3230 = CARTESIAN_POINT('',(-3.145359814702,-5.604029827728,
    0.363636363636));
#3231 = CARTESIAN_POINT('',(0.378699286695,-7.177587606955,
    0.545454545454));
#3232 = CARTESIAN_POINT('',(4.683853005512,-6.289240570886,
    0.727272727273));
#3233 = CARTESIAN_POINT('',(7.893924389943,-2.593768223631,0.90909090909
    ));
#3234 = CARTESIAN_POINT('',(7.893924389942,2.59376822364,1.09090909091)
  );
#3235 = CARTESIAN_POINT('',(4.683853005513,6.289240570866,1.272727272727
    ));
#3236 = CARTESIAN_POINT('',(0.378699286695,7.177587606972,1.454545454546
    ));
#3237 = CARTESIAN_POINT('',(-3.145359814703,5.604029827719,
    1.636363636364));
#3238 = CARTESIAN_POINT('',(-4.90556017208,2.802049417883,1.818181818182
    ));
#3239 = CARTESIAN_POINT('',(-4.90556017208,2.00905091724E-13,2.));
#3240 = CARTESIAN_POINT('',(-4.816376706691,-0.849950910247,0.));
#3241 = CARTESIAN_POINT('',(-4.330885882047,-3.601058851821,
    0.181818181818));
#3242 = CARTESIAN_POINT('',(-2.11720723592,-6.047121862303,
    0.363636363636));
#3243 = CARTESIAN_POINT('',(1.615423165797,-6.981484021305,
    0.545454545455));
#3244 = CARTESIAN_POINT('',(5.68839139312,-5.363364374297,0.727272727273
    ));
#3245 = CARTESIAN_POINT('',(8.199815680113,-1.178890163675,
    0.909090909091));
#3246 = CARTESIAN_POINT('',(7.301008781276,3.914336467589,1.09090909091)
  );
#3247 = CARTESIAN_POINT('',(3.509008994187,6.98643900219,1.272727272727)
  );
#3248 = CARTESIAN_POINT('',(-0.87179415737,7.112712990958,1.454545454546
    ));
#3249 = CARTESIAN_POINT('',(-4.059146621449,4.95717439706,1.636363636363
    ));
#3250 = CARTESIAN_POINT('',(-5.301867531336,1.901157031329,
    1.818181818182));
#3251 = CARTESIAN_POINT('',(-4.816376706691,-0.849950910247,2.));
#3252 = CARTESIAN_POINT('',(-4.554040953329,-1.658431073085,0.));
#3253 = CARTESIAN_POINT('',(-3.606747339567,-4.259693182743,
    0.181818181818));
#3254 = CARTESIAN_POINT('',(-1.025407910995,-6.265817299893,
    0.363636363636));
#3255 = CARTESIAN_POINT('',(2.778101969953,-6.535233514456,
    0.545454545454));
#3256 = CARTESIAN_POINT('',(6.474434984222,-4.255092390438,
    0.727272727273));
#3257 = CARTESIAN_POINT('',(8.205146682706,0.260806663897,0.90909090909)
  );
#3258 = CARTESIAN_POINT('',(6.451387410536,5.07661823261,1.09090909091)
  );
#3259 = CARTESIAN_POINT('',(2.222006465174,7.422048698618,1.272727272727
    ));
#3260 = CARTESIAN_POINT('',(-2.074976536734,6.791288538721,
    1.454545454546));
#3261 = CARTESIAN_POINT('',(-4.814535706709,4.139103012524,
    1.636363636363));
#3262 = CARTESIAN_POINT('',(-5.501334567091,0.942831036575,
    1.818181818182));
#3263 = CARTESIAN_POINT('',(-4.554040953329,-1.658431073085,2.));
#3264 = CARTESIAN_POINT('',(-4.133652434855,-2.386565346,
    -4.440892098501E-16));
#3265 = CARTESIAN_POINT('',(-2.770449496982,-4.747702095424,
    0.181818181818));
#3266 = CARTESIAN_POINT('',(7.594629669105E-02,-6.252439517799,
    0.363636363636));
#3267 = CARTESIAN_POINT('',(3.81102105027,-5.863930088437,0.545454545454
    ));
#3268 = CARTESIAN_POINT('',(7.006560468971,-3.020901346774,
    0.727272727273));
#3269 = CARTESIAN_POINT('',(7.913660371367,1.654781467391,0.90909090909)
  );
#3270 = CARTESIAN_POINT('',(5.389912974143,6.026040184831,1.09090909091)
  );
#3271 = CARTESIAN_POINT('',(0.887102925865,7.578310032658,1.272727272727
    ));
#3272 = CARTESIAN_POINT('',(-3.172801897474,6.232406088121,
    1.454545454546));
#3273 = CARTESIAN_POINT('',(-5.376798309691,3.19199118115,1.636363636364
    ));
#3274 = CARTESIAN_POINT('',(-5.496855372729,-2.542859657427E-02,
    1.818181818182));
#3275 = CARTESIAN_POINT('',(-4.133652434855,-2.386565346,2.));
#3276 = DEFINITIONAL_REPRESENTATION('',(#3277),#3281);
#3277 = LINE('',#3278,#3279);
#3278 = CARTESIAN_POINT('',(0.,0.));
#3279 = VECTOR('',#3280,1.);
#3280 = DIRECTION('',(1.,0.));
#3281 = ( GEOMETRIC_REPRESENTATION_CONTEXT(2) 
PARAMETRIC_REPRESENTATION_CONTEXT() REPRESENTATION_CONTEXT('2D SPACE',''
  ) );
#3282 = ADVANCED_FACE('',(#3283),#2642,.T.);
#3283 = FACE_BOUND('',#3284,.T.);
#3284 = EDGE_LOOP('',(#3285,#3286,#3287,#3288));
#3285 = ORIENTED_EDGE('',*,*,#3141,.F.);
#3286 = ORIENTED_EDGE('',*,*,#2620,.T.);
#3287 = ORIENTED_EDGE('',*,*,#2774,.T.);
#3288 = ORIENTED_EDGE('',*,*,#3289,.F.);
#3289 = EDGE_CURVE('',#3142,#2775,#3290,.T.);
#3290 = SURFACE_CURVE('',#3291,(#3303,#3310),.PCURVE_S1.);
#3291 = B_SPLINE_CURVE_WITH_KNOTS('',6,(#3292,#3293,#3294,#3295,#3296,
    #3297,#3298,#3299,#3300,#3301,#3302),.UNSPECIFIED.,.F.,.F.,(7,4,7),(
    0.,0.471825918402,1.),.UNSPECIFIED.);
#3292 = CARTESIAN_POINT('',(-4.133652434855,-2.386565346,0.));
#3293 = CARTESIAN_POINT('',(-3.757161806254,-3.256105283988,0.));
#3294 = CARTESIAN_POINT('',(-3.172205956681,-4.035424063087,
    -2.22044604925E-16));
#3295 = CARTESIAN_POINT('',(-2.412956286605,-4.664964386211,
    -2.22044604925E-16));
#3296 = CARTESIAN_POINT('',(-1.534187473954,-5.1048738524,
    -4.440892098501E-16));
#3297 = CARTESIAN_POINT('',(0.457155104386,-5.604069327516,0.));
#3298 = CARTESIAN_POINT('',(2.481519742579,-5.200791101031,0.));
#3299 = CARTESIAN_POINT('',(3.484882478027,-4.740884712195,0.));
#3300 = CARTESIAN_POINT('',(4.355529417517,-4.06829304611,0.));
#3301 = CARTESIAN_POINT('',(5.049395722064,-3.234825384571,0.));
#3302 = CARTESIAN_POINT('',(5.543277195068,-2.296100594191,0.));
#3303 = PCURVE('',#2642,#3304);
#3304 = DEFINITIONAL_REPRESENTATION('',(#3305),#3309);
#3305 = LINE('',#3306,#3307);
#3306 = CARTESIAN_POINT('',(0.,2.));
#3307 = VECTOR('',#3308,1.);
#3308 = DIRECTION('',(1.,0.));
#3309 = ( GEOMETRIC_REPRESENTATION_CONTEXT(2) 
PARAMETRIC_REPRESENTATION_CONTEXT() REPRESENTATION_CONTEXT('2D SPACE',''
  ) );
#3310 = PCURVE('',#3311,#3433);
#3311 = B_SPLINE_SURFACE_WITH_KNOTS('',6,10,(
    (#3312,#3313,#3314,#3315,#3316,#3317,#3318,#3319,#3320,#3321,#3322)
    ,(#3323,#3324,#3325,#3326,#3327,#3328,#3329,#3330,#3331,#3332,#3333)
    ,(#3334,#3335,#3336,#3337,#3338,#3339,#3340,#3341,#3342,#3343,#3344)
    ,(#3345,#3346,#3347,#3348,#3349,#3350,#3351,#3352,#3353,#3354,#3355)
    ,(#3356,#3357,#3358,#3359,#3360,#3361,#3362,#3363,#3364,#3365,#3366)
    ,(#3367,#3368,#3369,#3370,#3371,#3372,#3373,#3374,#3375,#3376,#3377)
    ,(#3378,#3379,#3380,#3381,#3382,#3383,#3384,#3385,#3386,#3387,#3388)
    ,(#3389,#3390,#3391,#3392,#3393,#3394,#3395,#3396,#3397,#3398,#3399)
    ,(#3400,#3401,#3402,#3403,#3404,#3405,#3406,#3407,#3408,#3409,#3410)
    ,(#3411,#3412,#3413,#3414,#3415,#3416,#3417,#3418,#3419,#3420,#3421)
    ,(#3422,#3423,#3424,#3425,#3426,#3427,#3428,#3429,#3430,#3431,#3432
    )),.UNSPECIFIED.,.F.,.F.,.F.,(7,4,7),(11,11),(0.,0.471825918402,1.),
  (0.,2.),.UNSPECIFIED.);
#3312 = CARTESIAN_POINT('',(-4.133652434855,-2.386565346,
    -2.22044604925E-16));
#3313 = CARTESIAN_POINT('',(-2.634129203194,-4.983815770366,0.2));
#3314 = CARTESIAN_POINT('',(0.679431022755,-6.536513566998,0.4));
#3315 = CARTESIAN_POINT('',(4.978173242419,-5.599250792393,0.6));
#3316 = CARTESIAN_POINT('',(8.186193364632,-1.58316021094,0.8));
#3317 = CARTESIAN_POINT('',(7.649845114203,4.416640135972,1.));
#3318 = CARTESIAN_POINT('',(2.722039721403,7.881031519497,1.2));
#3319 = CARTESIAN_POINT('',(-2.360006807176,7.110849888593,1.4));
#3320 = CARTESIAN_POINT('',(-5.321071289819,3.856661309315,1.6));
#3321 = CARTESIAN_POINT('',(-5.633175666517,0.210685078368,1.8));
#3322 = CARTESIAN_POINT('',(-4.133652434855,-2.386565346,2.));
#3323 = CARTESIAN_POINT('',(-3.757161806253,-3.256105283989,
    -2.22044604925E-16));
#3324 = CARTESIAN_POINT('',(-1.711290518355,-5.616799669763,0.2));
#3325 = CARTESIAN_POINT('',(1.983944993066,-6.551410640419,0.4));
#3326 = CARTESIAN_POINT('',(6.19576775352,-4.74506261547,0.6));
#3327 = CARTESIAN_POINT('',(8.684861942108,-4.855791226019E-03,0.8));
#3328 = CARTESIAN_POINT('',(6.953101727775,6.025833446504,1.));
#3329 = CARTESIAN_POINT('',(1.22985570058,8.597342931826,1.2));
#3330 = CARTESIAN_POINT('',(-3.816062374824,6.807409583105,1.4));
#3331 = CARTESIAN_POINT('',(-6.202827399027,2.895159990855,1.6));
#3332 = CARTESIAN_POINT('',(-5.803033094153,-0.895410898212,1.8));
#3333 = CARTESIAN_POINT('',(-3.757161806254,-3.256105283988,2.));
#3334 = CARTESIAN_POINT('',(-3.172205956681,-4.035424063087,0.));
#3335 = CARTESIAN_POINT('',(-0.636674238539,-6.028579848923,0.2));
#3336 = CARTESIAN_POINT('',(3.292080008266,-6.253583107458,0.4));
#3337 = CARTESIAN_POINT('',(7.208638151481,-3.598953434654,0.6));
#3338 = CARTESIAN_POINT('',(8.805189861312,1.693052466198,0.8));
#3339 = CARTESIAN_POINT('',(5.870567160966,7.468061124966,1.));
#3340 = CARTESIAN_POINT('',(-0.434103390495,8.955967250546,1.2));
#3341 = CARTESIAN_POINT('',(-5.199431211058,6.154904134568,1.4));
#3342 = CARTESIAN_POINT('',(-6.854120875509,1.722242574806,1.6));
#3343 = CARTESIAN_POINT('',(-5.707737674825,-2.042268277249,1.8));
#3344 = CARTESIAN_POINT('',(-3.172205956681,-4.035424063087,2.));
#3345 = CARTESIAN_POINT('',(-2.412956286604,-4.664964386211,
    -2.22044604925E-16));
#3346 = CARTESIAN_POINT('',(0.51812728239,-6.181069534896,0.2));
#3347 = CARTESIAN_POINT('',(4.509778722655,-5.652551095133,0.4));
#3348 = CARTESIAN_POINT('',(7.936043150115,-2.232319293254,0.6));
#3349 = CARTESIAN_POINT('',(8.524084702109,3.392863620142,0.8));
#3350 = CARTESIAN_POINT('',(4.465479899604,8.633104882497,1.));
#3351 = CARTESIAN_POINT('',(-2.156570738218,8.917440563531,1.2));
#3352 = CARTESIAN_POINT('',(-6.407728600504,5.187007276866,1.4));
#3353 = CARTESIAN_POINT('',(-7.219265124584,0.414305528834,1.6));
#3354 = CARTESIAN_POINT('',(-5.344039855601,-3.148859237524,1.8));
#3355 = CARTESIAN_POINT('',(-2.412956286605,-4.664964386211,2.));
#3356 = CARTESIAN_POINT('',(-1.534187473954,-5.1048738524,0.));
#3357 = CARTESIAN_POINT('',(1.673299364486,-6.06883227188,0.2));
#3358 = CARTESIAN_POINT('',(5.556188024651,-4.794799195891,0.4));
#3359 = CARTESIAN_POINT('',(8.334060478373,-0.74199125078,0.6));
#3360 = CARTESIAN_POINT('',(7.868196526882,4.979290119505,0.8));
#3361 = CARTESIAN_POINT('',(2.839207392677,9.447212825445,1.));
#3362 = CARTESIAN_POINT('',(-3.819652333226,8.491884521855,1.2));
#3363 = CARTESIAN_POINT('',(-7.362339170672,3.975308416951,1.4));
#3364 = CARTESIAN_POINT('',(-7.278913016293,-0.937416660436,1.6));
#3365 = CARTESIAN_POINT('',(-4.741674312395,-4.140915432919,1.8));
#3366 = CARTESIAN_POINT('',(-1.534187473954,-5.1048738524,2.));
#3367 = CARTESIAN_POINT('',(0.457155104386,-5.604069327516,0.));
#3368 = CARTESIAN_POINT('',(3.978295710291,-5.316830304018,0.2));
#3369 = CARTESIAN_POINT('',(7.301777669031,-2.571670119781,0.4));
#3370 = CARTESIAN_POINT('',(8.470883598645,2.477575696131,0.6));
#3371 = CARTESIAN_POINT('',(5.81220033719,7.917586086976,0.8));
#3372 = CARTESIAN_POINT('',(-0.846023171267,10.371037004302,1.));
#3373 = CARTESIAN_POINT('',(-7.018580049437,6.870907967168,1.2));
#3374 = CARTESIAN_POINT('',(-8.760435797093,1.071921133939,1.4));
#3375 = CARTESIAN_POINT('',(-6.788442410611,-3.721087740242,1.6));
#3376 = CARTESIAN_POINT('',(-3.063985501522,-5.891308351014,1.8));
#3377 = CARTESIAN_POINT('',(0.457155104386,-5.604069327516,2.));
#3378 = CARTESIAN_POINT('',(2.481519742579,-5.200791101031,0.));
#3379 = CARTESIAN_POINT('',(5.749273165748,-3.641606262426,0.2));
#3380 = CARTESIAN_POINT('',(7.931369944896,0.199662075431,0.4));
#3381 = CARTESIAN_POINT('',(7.209791794989,5.462106838822,0.6));
#3382 = CARTESIAN_POINT('',(2.67950543978,9.702922712131,0.8));
#3383 = CARTESIAN_POINT('',(-4.592365221286,9.624719789876,1.));
#3384 = CARTESIAN_POINT('',(-9.2279504738,4.021366510502,1.2));
#3385 = CARTESIAN_POINT('',(-8.781532961175,-2.168037752939,1.4));
#3386 = CARTESIAN_POINT('',(-5.144894269388,-6.039582527278,1.6));
#3387 = CARTESIAN_POINT('',(-0.786233680593,-6.759975939636,1.8));
#3388 = CARTESIAN_POINT('',(2.481519742579,-5.200791101031,2.));
#3389 = CARTESIAN_POINT('',(3.484882478027,-4.740884712195,0.));
#3390 = CARTESIAN_POINT('',(6.463668194696,-2.551268473877,0.2));
#3391 = CARTESIAN_POINT('',(7.91653576949,1.719243678552,0.4));
#3392 = CARTESIAN_POINT('',(6.184980532337,6.859022774362,0.6));
#3393 = CARTESIAN_POINT('',(0.829137384992,10.244725789061,0.8));
#3394 = CARTESIAN_POINT('',(-6.44921449454,8.773605019802,1.));
#3395 = CARTESIAN_POINT('',(-10.02534121358,2.265923398231,1.2));
#3396 = CARTESIAN_POINT('',(-8.392230048033,-3.856248491226,1.4));
#3397 = CARTESIAN_POINT('',(-4.003393314729,-7.042739480006,1.6));
#3398 = CARTESIAN_POINT('',(0.506096761356,-6.930500950514,1.8));
#3399 = CARTESIAN_POINT('',(3.484882478027,-4.740884712195,2.));
#3400 = CARTESIAN_POINT('',(4.355529417517,-4.068293046109,
    1.110223024625E-16));
#3401 = CARTESIAN_POINT('',(6.911713326778,-1.331633201997,0.2));
#3402 = CARTESIAN_POINT('',(7.559813359983,3.191393871396,0.4));
#3403 = CARTESIAN_POINT('',(4.875217972749,7.984547172018,0.6));
#3404 = CARTESIAN_POINT('',(-1.089596287677,10.35397335084,0.8));
#3405 = CARTESIAN_POINT('',(-8.060456450947,7.528889323027,1.));
#3406 = CARTESIAN_POINT('',(-10.40414462253,0.381783829691,1.2));
#3407 = CARTESIAN_POINT('',(-7.633916510789,-5.407777966121,1.4));
#3408 = CARTESIAN_POINT('',(-2.669029471547,-7.759642682495,1.6));
#3409 = CARTESIAN_POINT('',(1.799345508254,-6.804952890223,1.8));
#3410 = CARTESIAN_POINT('',(4.355529417517,-4.06829304611,2.));
#3411 = CARTESIAN_POINT('',(5.049395722064,-3.23482538457,
    2.22044604925E-16));
#3412 = CARTESIAN_POINT('',(7.081896454826,-6.219648347067E-02,0.2));
#3413 = CARTESIAN_POINT('',(6.901594331322,4.531628818294,0.4));
#3414 = CARTESIAN_POINT('',(3.374110228788,8.787342476919,0.6));
#3415 = CARTESIAN_POINT('',(-2.959244664515,10.048580502755,0.8));
#3416 = CARTESIAN_POINT('',(-9.344543549075,5.986452309032,1.));
#3417 = CARTESIAN_POINT('',(-10.36552957514,-1.512248567803,1.2));
#3418 = CARTESIAN_POINT('',(-6.572288741918,-6.738473739369,1.4));
#3419 = CARTESIAN_POINT('',(-1.231674356846,-8.163984464673,1.6));
#3420 = CARTESIAN_POINT('',(3.0168949893,-6.407454285673,1.8));
#3421 = CARTESIAN_POINT('',(5.049395722064,-3.234825384571,2.));
#3422 = CARTESIAN_POINT('',(5.543277195068,-2.296100594191,0.));
#3423 = CARTESIAN_POINT('',(6.98595974679,1.186843188376,0.2));
#3424 = CARTESIAN_POINT('',(5.998771598577,5.679550596115,0.4));
#3425 = CARTESIAN_POINT('',(1.774513903085,9.249348604482,0.6));
#3426 = CARTESIAN_POINT('',(-4.68552013731,9.375369589141,0.8));
#3427 = CARTESIAN_POINT('',(-10.25853349689,4.249223704438,1.));
#3428 = CARTESIAN_POINT('',(-9.94255047507,-3.316224350084,1.2));
#3429 = CARTESIAN_POINT('',(-5.285506305618,-7.795047933998,1.4));
#3430 = CARTESIAN_POINT('',(0.225723335543,-8.257820816737,1.6));
#3431 = CARTESIAN_POINT('',(4.100594643344,-5.779044376759,1.8));
#3432 = CARTESIAN_POINT('',(5.543277195068,-2.296100594191,2.));
#3433 = DEFINITIONAL_REPRESENTATION('',(#3434),#3438);
#3434 = LINE('',#3435,#3436);
#3435 = CARTESIAN_POINT('',(0.,0.));
#3436 = VECTOR('',#3437,1.);
#3437 = DIRECTION('',(1.,0.));
#3438 = ( GEOMETRIC_REPRESENTATION_CONTEXT(2) 
PARAMETRIC_REPRESENTATION_CONTEXT() REPRESENTATION_CONTEXT('2D SPACE',''
  ) );
#3439 = ADVANCED_FACE('',(#3440),#2857,.T.);
#3440 = FACE_BOUND('',#3441,.T.);
#3441 = EDGE_LOOP('',(#3442,#3474,#3475,#3507));
#3442 = ORIENTED_EDGE('',*,*,#3443,.F.);
#3443 = EDGE_CURVE('',#2775,#3444,#3446,.T.);
#3444 = VERTEX_POINT('',#3445);
#3445 = CARTESIAN_POINT('',(5.543277195068,-2.296100594191,2.));
#3446 = SURFACE_CURVE('',#3447,(#3460,#3467),.PCURVE_S1.);
#3447 = ( BOUNDED_CURVE() B_SPLINE_CURVE(11,(#3448,#3449,#3450,#3451,
    #3452,#3453,#3454,#3455,#3456,#3457,#3458,#3459),.UNSPECIFIED.,.F.,
.F.) B_SPLINE_CURVE_WITH_KNOTS((12,12),(0.,2.),
.PIECEWISE_BEZIER_KNOTS.) CURVE() GEOMETRIC_REPRESENTATION_ITEM() 
RATIONAL_B_SPLINE_CURVE((1.007744716361,1.007744716361,1.007744716361,
    1.007744716361,1.007744716361,1.007744716361,1.007744716361,
    1.007744716361,1.007744716361,1.007744716361,1.007744716361,
1.007744716361)) REPRESENTATION_ITEM('') );
#3448 = CARTESIAN_POINT('',(5.543277195068,-2.296100594191,
    -8.881784197001E-16));
#3449 = CARTESIAN_POINT('',(6.854806787542,0.870211935415,0.181818181818
    ));
#3450 = CARTESIAN_POINT('',(6.177279757141,4.860327336466,0.363636363636
    ));
#3451 = CARTESIAN_POINT('',(2.931617908043,8.287919815117,0.545454545455
    ));
#3452 = CARTESIAN_POINT('',(-2.349001160816,9.299162562427,
    0.727272727271));
#3453 = CARTESIAN_POINT('',(-7.706083905783,6.625791874,0.909090909093)
  );
#3454 = CARTESIAN_POINT('',(-10.13416655099,0.763881821322,
    1.090909090907));
#3455 = CARTESIAN_POINT('',(-8.236495557076,-4.914506257398,
    1.272727272729));
#3456 = CARTESIAN_POINT('',(-3.787477400579,-7.933411205843,
    1.454545454545));
#3457 = CARTESIAN_POINT('',(0.931225987163,-7.804766823953,
    1.636363636364));
#3458 = CARTESIAN_POINT('',(4.231747602592,-5.462413123799,
    1.818181818182));
#3459 = CARTESIAN_POINT('',(5.543277195068,-2.296100594191,2.));
#3460 = PCURVE('',#2857,#3461);
#3461 = DEFINITIONAL_REPRESENTATION('',(#3462),#3466);
#3462 = LINE('',#3463,#3464);
#3463 = CARTESIAN_POINT('',(5.890486225481,0.));
#3464 = VECTOR('',#3465,1.);
#3465 = DIRECTION('',(0.,1.));
#3466 = ( GEOMETRIC_REPRESENTATION_CONTEXT(2) 
PARAMETRIC_REPRESENTATION_CONTEXT() REPRESENTATION_CONTEXT('2D SPACE',''
  ) );
#3467 = PCURVE('',#3311,#3468);
#3468 = DEFINITIONAL_REPRESENTATION('',(#3469),#3473);
#3469 = LINE('',#3470,#3471);
#3470 = CARTESIAN_POINT('',(1.,0.));
#3471 = VECTOR('',#3472,1.);
#3472 = DIRECTION('',(0.,1.));
#3473 = ( GEOMETRIC_REPRESENTATION_CONTEXT(2) 
PARAMETRIC_REPRESENTATION_CONTEXT() REPRESENTATION_CONTEXT('2D SPACE',''
  ) );
#3474 = ORIENTED_EDGE('',*,*,#2839,.T.);
#3475 = ORIENTED_EDGE('',*,*,#3476,.T.);
#3476 = EDGE_CURVE('',#2808,#3477,#3479,.T.);
#3477 = VERTEX_POINT('',#3478);
#3478 = CARTESIAN_POINT('',(5.543277195068,2.29610059419,2.));
#3479 = SURFACE_CURVE('',#3480,(#3493,#3500),.PCURVE_S1.);
#3480 = ( BOUNDED_CURVE() B_SPLINE_CURVE(11,(#3481,#3482,#3483,#3484,
    #3485,#3486,#3487,#3488,#3489,#3490,#3491,#3492),.UNSPECIFIED.,.F.,
.F.) B_SPLINE_CURVE_WITH_KNOTS((12,12),(0.,2.),
.PIECEWISE_BEZIER_KNOTS.) CURVE() GEOMETRIC_REPRESENTATION_ITEM() 
RATIONAL_B_SPLINE_CURVE((1.007744716361,1.007744716361,1.007744716361,
    1.007744716361,1.007744716361,1.007744716361,1.007744716361,
    1.007744716361,1.007744716361,1.007744716361,1.007744716361,
1.007744716361)) REPRESENTATION_ITEM('') );
#3481 = CARTESIAN_POINT('',(5.543277195068,2.296100594191,
    -8.881784197001E-16));
#3482 = CARTESIAN_POINT('',(4.231747602593,5.462413123796,0.181818181818
    ));
#3483 = CARTESIAN_POINT('',(0.93122598716,7.804766823962,0.363636363636)
  );
#3484 = CARTESIAN_POINT('',(-3.787477400575,7.933411205825,
    0.545454545455));
#3485 = CARTESIAN_POINT('',(-8.236495557075,4.914506257419,
    0.727272727271));
#3486 = CARTESIAN_POINT('',(-10.13416655101,-0.763881821334,
    0.909090909093));
#3487 = CARTESIAN_POINT('',(-7.706083905766,-6.625791874005,
    1.090909090907));
#3488 = CARTESIAN_POINT('',(-2.349001160833,-9.29916256241,
    1.272727272729));
#3489 = CARTESIAN_POINT('',(2.931617908054,-8.287919815134,
    1.454545454545));
#3490 = CARTESIAN_POINT('',(6.177279757137,-4.860327336457,
    1.636363636364));
#3491 = CARTESIAN_POINT('',(6.854806787543,-0.870211935418,
    1.818181818182));
#3492 = CARTESIAN_POINT('',(5.543277195068,2.29610059419,2.));
#3493 = PCURVE('',#2857,#3494);
#3494 = DEFINITIONAL_REPRESENTATION('',(#3495),#3499);
#3495 = LINE('',#3496,#3497);
#3496 = CARTESIAN_POINT('',(6.675884388878,0.));
#3497 = VECTOR('',#3498,1.);
#3498 = DIRECTION('',(0.,1.));
#3499 = ( GEOMETRIC_REPRESENTATION_CONTEXT(2) 
PARAMETRIC_REPRESENTATION_CONTEXT() REPRESENTATION_CONTEXT('2D SPACE',''
  ) );
#3500 = PCURVE('',#3007,#3501);
#3501 = DEFINITIONAL_REPRESENTATION('',(#3502),#3506);
#3502 = LINE('',#3503,#3504);
#3503 = CARTESIAN_POINT('',(0.,0.));
#3504 = VECTOR('',#3505,1.);
#3505 = DIRECTION('',(0.,1.));
#3506 = ( GEOMETRIC_REPRESENTATION_CONTEXT(2) 
PARAMETRIC_REPRESENTATION_CONTEXT() REPRESENTATION_CONTEXT('2D SPACE',''
  ) );
#3507 = ORIENTED_EDGE('',*,*,#3508,.F.);
#3508 = EDGE_CURVE('',#3444,#3477,#3509,.T.);
#3509 = SURFACE_CURVE('',#3510,(#3518,#3525),.PCURVE_S1.);
#3510 = ( BOUNDED_CURVE() B_SPLINE_CURVE(6,(#3511,#3512,#3513,#3514,
#3515,#3516,#3517),.UNSPECIFIED.,.F.,.F.) B_SPLINE_CURVE_WITH_KNOTS((7,7
),(5.890486225481,6.675884388878),.PIECEWISE_BEZIER_KNOTS.) CURVE() 
GEOMETRIC_REPRESENTATION_ITEM() RATIONAL_B_SPLINE_CURVE((1.007744716361,
    1.002554895352,0.999483957836,0.998466654399,0.999483957836,
1.002554895352,1.007744716361)) REPRESENTATION_ITEM('') );
#3511 = CARTESIAN_POINT('',(5.543277195068,-2.296100594191,2.));
#3512 = CARTESIAN_POINT('',(5.845391909743,-1.56673115263,2.));
#3513 = CARTESIAN_POINT('',(6.030696573177,-0.794320187759,2.));
#3514 = CARTESIAN_POINT('',(6.093149589838,-2.572668896609E-13,2.));
#3515 = CARTESIAN_POINT('',(6.030696573177,0.794320187759,2.));
#3516 = CARTESIAN_POINT('',(5.845391909743,1.56673115263,2.));
#3517 = CARTESIAN_POINT('',(5.543277195068,2.29610059419,2.));
#3518 = PCURVE('',#2857,#3519);
#3519 = DEFINITIONAL_REPRESENTATION('',(#3520),#3524);
#3520 = LINE('',#3521,#3522);
#3521 = CARTESIAN_POINT('',(0.,2.));
#3522 = VECTOR('',#3523,1.);
#3523 = DIRECTION('',(1.,0.));
#3524 = ( GEOMETRIC_REPRESENTATION_CONTEXT(2) 
PARAMETRIC_REPRESENTATION_CONTEXT() REPRESENTATION_CONTEXT('2D SPACE',''
  ) );
#3525 = PCURVE('',#3526,#3611);
#3526 = ( BOUNDED_SURFACE() B_SPLINE_SURFACE(6,11,(
    (#3527,#3528,#3529,#3530,#3531,#3532,#3533,#3534,#3535,#3536,#3537
      ,#3538)
    ,(#3539,#3540,#3541,#3542,#3543,#3544,#3545,#3546,#3547,#3548,#3549
      ,#3550)
    ,(#3551,#3552,#3553,#3554,#3555,#3556,#3557,#3558,#3559,#3560,#3561
      ,#3562)
    ,(#3563,#3564,#3565,#3566,#3567,#3568,#3569,#3570,#3571,#3572,#3573
      ,#3574)
    ,(#3575,#3576,#3577,#3578,#3579,#3580,#3581,#3582,#3583,#3584,#3585
      ,#3586)
    ,(#3587,#3588,#3589,#3590,#3591,#3592,#3593,#3594,#3595,#3596,#3597
      ,#3598)
    ,(#3599,#3600,#3601,#3602,#3603,#3604,#3605,#3606,#3607,#3608,#3609
,#3610
    )),.UNSPECIFIED.,.F.,.F.,.F.) B_SPLINE_SURFACE_WITH_KNOTS((7,7),(12,
    12),(5.890486225481,6.675884388878),(0.,2.),
.PIECEWISE_BEZIER_KNOTS.) GEOMETRIC_REPRESENTATION_ITEM() 
RATIONAL_B_SPLINE_SURFACE((
    (1.007744716361,1.007744716361,1.007744716361,1.007744716361
      ,1.007744716361,1.007744716361,1.007744716361,1.007744716361
      ,1.007744716361,1.007744716361,1.007744716361,1.007744716361)
    ,(1.002554895352,1.002554895352,1.002554895352,1.002554895352
      ,1.002554895352,1.002554895353,1.002554895352,1.002554895353
      ,1.002554895352,1.002554895352,1.002554895352,1.002554895352)
    ,(0.999483957836,0.999483957836,0.999483957836,0.999483957835
      ,0.999483957836,0.999483957835,0.999483957836,0.999483957835
      ,0.999483957836,0.999483957836,0.999483957836,0.999483957836)
    ,(0.998466654399,0.998466654399,0.998466654399,0.998466654399
      ,0.998466654399,0.998466654399,0.998466654399,0.998466654399
      ,0.998466654399,0.998466654399,0.998466654399,0.998466654399)
    ,(0.999483957836,0.999483957836,0.999483957836,0.999483957835
      ,0.999483957836,0.999483957835,0.999483957836,0.999483957835
      ,0.999483957836,0.999483957836,0.999483957836,0.999483957836)
    ,(1.002554895352,1.002554895352,1.002554895352,1.002554895352
      ,1.002554895353,1.002554895352,1.002554895353,1.002554895352
      ,1.002554895353,1.002554895352,1.002554895352,1.002554895352)
    ,(1.007744716361,1.007744716361,1.007744716361,1.007744716361
      ,1.007744716361,1.007744716361,1.007744716361,1.007744716361
      ,1.007744716361,1.007744716361,1.007744716361,1.007744716361
))) REPRESENTATION_ITEM('') SURFACE() );
#3527 = CARTESIAN_POINT('',(5.543277195068,-2.296100594191,2.));
#3528 = CARTESIAN_POINT('',(6.854806787542,0.870211935415,2.181818181818
    ));
#3529 = CARTESIAN_POINT('',(6.177279757141,4.860327336466,2.363636363636
    ));
#3530 = CARTESIAN_POINT('',(2.931617908043,8.287919815117,2.545454545455
    ));
#3531 = CARTESIAN_POINT('',(-2.349001160816,9.299162562427,
    2.727272727271));
#3532 = CARTESIAN_POINT('',(-7.706083905783,6.625791874,2.909090909093)
  );
#3533 = CARTESIAN_POINT('',(-10.13416655099,0.763881821322,
    3.090909090907));
#3534 = CARTESIAN_POINT('',(-8.236495557076,-4.914506257398,
    3.272727272729));
#3535 = CARTESIAN_POINT('',(-3.787477400579,-7.933411205843,
    3.454545454545));
#3536 = CARTESIAN_POINT('',(0.931225987163,-7.804766823953,
    3.636363636364));
#3537 = CARTESIAN_POINT('',(4.231747602592,-5.462413123799,
    3.818181818182));
#3538 = CARTESIAN_POINT('',(5.543277195068,-2.296100594191,4.));
#3539 = CARTESIAN_POINT('',(5.845391909743,-1.56673115263,2.));
#3540 = CARTESIAN_POINT('',(6.740306651425,1.77214889846,2.181818181818)
  );
#3541 = CARTESIAN_POINT('',(5.537771013406,5.673117122775,2.363636363636
    ));
#3542 = CARTESIAN_POINT('',(1.841115803506,8.673654181486,2.545454545457
    ));
#3543 = CARTESIAN_POINT('',(-3.572559854792,8.990087334077,
    2.727272727269));
#3544 = CARTESIAN_POINT('',(-8.577887705044,5.611846166938,
    2.909090909096));
#3545 = CARTESIAN_POINT('',(-10.23467605789,-0.569544442218,
    3.090909090904));
#3546 = CARTESIAN_POINT('',(-7.589858097252,-5.99824209695,
    3.272727272731));
#3547 = CARTESIAN_POINT('',(-2.743620581364,-8.431757252663,
    3.454545454543));
#3548 = CARTESIAN_POINT('',(1.958156126064,-7.682238623699,
    3.636363636365));
#3549 = CARTESIAN_POINT('',(4.95047716806,-4.905611203722,3.818181818182
    ));
#3550 = CARTESIAN_POINT('',(5.845391909743,-1.56673115263,4.));
#3551 = CARTESIAN_POINT('',(6.030696573177,-0.794320187759,2.));
#3552 = CARTESIAN_POINT('',(6.484411203442,2.650405639571,2.181818181818
    ));
#3553 = CARTESIAN_POINT('',(4.774195781797,6.380062537526,2.363636363637
    ));
#3554 = CARTESIAN_POINT('',(0.696654841688,8.885154792623,2.545454545453
    ));
#3555 = CARTESIAN_POINT('',(-4.739769710866,8.490157922131,
    2.727272727275));
#3556 = CARTESIAN_POINT('',(-9.284481018949,4.46687674247,2.909090909089
    ));
#3557 = CARTESIAN_POINT('',(-10.12445948831,-1.910470018834,
    3.090909090911));
#3558 = CARTESIAN_POINT('',(-6.776507851223,-6.973316269677,
    3.272727272726));
#3559 = CARTESIAN_POINT('',(-1.627769907216,-8.762514980688,
    3.454545454546));
#3560 = CARTESIAN_POINT('',(2.959359608633,-7.39867110043,3.636363636363
    ));
#3561 = CARTESIAN_POINT('',(5.57698194291,-4.239046015091,3.818181818182
    ));
#3562 = CARTESIAN_POINT('',(6.030696573177,-0.794320187759,4.));
#3563 = CARTESIAN_POINT('',(6.093149589838,-1.680374928082E-14,2.));
#3564 = CARTESIAN_POINT('',(6.093149589838,3.480398907028,2.181818181818
    ));
#3565 = CARTESIAN_POINT('',(3.906821482678,6.960712099833,2.363636363637
    ));
#3566 = CARTESIAN_POINT('',(-0.470378778869,8.915213237473,
    2.545454545453));
#3567 = CARTESIAN_POINT('',(-5.817769228843,7.811805840846,
    2.727272727275));
#3568 = CARTESIAN_POINT('',(-9.804968336257,3.221694818443,
    2.909090909088));
#3569 = CARTESIAN_POINT('',(-9.804968336234,-3.221694818451,
    3.090909090911));
#3570 = CARTESIAN_POINT('',(-5.817769228858,-7.811805840827,
    3.272727272726));
#3571 = CARTESIAN_POINT('',(-0.470378778863,-8.915213237491,
    3.454545454546));
#3572 = CARTESIAN_POINT('',(3.906821482677,-6.960712099824,
    3.636363636363));
#3573 = CARTESIAN_POINT('',(6.093149589838,-3.480398907031,
    3.818181818182));
#3574 = CARTESIAN_POINT('',(6.093149589838,-2.587592808893E-13,4.));
#3575 = CARTESIAN_POINT('',(6.030696573177,0.794320187759,2.));
#3576 = CARTESIAN_POINT('',(5.576981942911,4.239046015089,2.181818181818
    ));
#3577 = CARTESIAN_POINT('',(2.959359608631,7.39867110044,2.363636363636)
  );
#3578 = CARTESIAN_POINT('',(-1.627769907216,8.76251498067,2.545454545455
    ));
#3579 = CARTESIAN_POINT('',(-6.776507851216,6.973316269696,
    2.727272727271));
#3580 = CARTESIAN_POINT('',(-10.12445948832,1.910470018823,
    2.909090909093));
#3581 = CARTESIAN_POINT('',(-9.28448101893,-4.466876742474,
    3.090909090907));
#3582 = CARTESIAN_POINT('',(-4.739769710879,-8.490157922116,
    3.272727272729));
#3583 = CARTESIAN_POINT('',(0.696654841693,-8.885154792639,
    3.454545454544));
#3584 = CARTESIAN_POINT('',(4.774195781797,-6.380062537517,
    3.636363636364));
#3585 = CARTESIAN_POINT('',(6.484411203442,-2.650405639574,
    3.818181818182));
#3586 = CARTESIAN_POINT('',(6.030696573177,0.794320187759,4.));
#3587 = CARTESIAN_POINT('',(5.845391909743,1.56673115263,2.));
#3588 = CARTESIAN_POINT('',(4.950477168061,4.90561120372,2.181818181818)
  );
#3589 = CARTESIAN_POINT('',(1.958156126061,7.682238623708,2.363636363636
    ));
#3590 = CARTESIAN_POINT('',(-2.743620581361,8.431757252644,
    2.545454545455));
#3591 = CARTESIAN_POINT('',(-7.589858097251,5.998242096974,
    2.727272727272));
#3592 = CARTESIAN_POINT('',(-10.2346760579,0.569544442205,2.909090909092
    ));
#3593 = CARTESIAN_POINT('',(-8.577887705031,-5.611846166944,
    3.090909090908));
#3594 = CARTESIAN_POINT('',(-3.572559854805,-8.990087334058,
    3.272727272728));
#3595 = CARTESIAN_POINT('',(1.841115803514,-8.673654181504,
    3.454545454545));
#3596 = CARTESIAN_POINT('',(5.537771013402,-5.673117122766,
    3.636363636364));
#3597 = CARTESIAN_POINT('',(6.740306651425,-1.772148898462,
    3.818181818182));
#3598 = CARTESIAN_POINT('',(5.845391909743,1.56673115263,4.));
#3599 = CARTESIAN_POINT('',(5.543277195068,2.296100594191,2.));
#3600 = CARTESIAN_POINT('',(4.231747602593,5.462413123796,2.181818181818
    ));
#3601 = CARTESIAN_POINT('',(0.93122598716,7.804766823962,2.363636363636)
  );
#3602 = CARTESIAN_POINT('',(-3.787477400575,7.933411205825,
    2.545454545455));
#3603 = CARTESIAN_POINT('',(-8.236495557075,4.914506257419,
    2.727272727271));
#3604 = CARTESIAN_POINT('',(-10.13416655101,-0.763881821334,
    2.909090909093));
#3605 = CARTESIAN_POINT('',(-7.706083905766,-6.625791874005,
    3.090909090907));
#3606 = CARTESIAN_POINT('',(-2.349001160833,-9.29916256241,
    3.272727272729));
#3607 = CARTESIAN_POINT('',(2.931617908054,-8.287919815134,
    3.454545454545));
#3608 = CARTESIAN_POINT('',(6.177279757137,-4.860327336457,
    3.636363636364));
#3609 = CARTESIAN_POINT('',(6.854806787543,-0.870211935418,
    3.818181818182));
#3610 = CARTESIAN_POINT('',(5.543277195068,2.29610059419,4.));
#3611 = DEFINITIONAL_REPRESENTATION('',(#3612),#3616);
#3612 = LINE('',#3613,#3614);
#3613 = CARTESIAN_POINT('',(0.,0.));
#3614 = VECTOR('',#3615,1.);
#3615 = DIRECTION('',(1.,0.));
#3616 = ( GEOMETRIC_REPRESENTATION_CONTEXT(2) 
PARAMETRIC_REPRESENTATION_CONTEXT() REPRESENTATION_CONTEXT('2D SPACE',''
  ) );
#3617 = ADVANCED_FACE('',(#3618),#3007,.T.);
#3618 = FACE_BOUND('',#3619,.T.);
#3619 = EDGE_LOOP('',(#3620,#3621,#3622,#3653));
#3620 = ORIENTED_EDGE('',*,*,#3476,.F.);
#3621 = ORIENTED_EDGE('',*,*,#2985,.T.);
#3622 = ORIENTED_EDGE('',*,*,#3623,.T.);
#3623 = EDGE_CURVE('',#2955,#3624,#3626,.T.);
#3624 = VERTEX_POINT('',#3625);
#3625 = CARTESIAN_POINT('',(-4.133652434855,2.386565346,2.));
#3626 = SURFACE_CURVE('',#3627,(#3639,#3646),.PCURVE_S1.);
#3627 = B_SPLINE_CURVE_WITH_KNOTS('',10,(#3628,#3629,#3630,#3631,#3632,
    #3633,#3634,#3635,#3636,#3637,#3638),.UNSPECIFIED.,.F.,.F.,(11,11),(
    0.,2.),.PIECEWISE_BEZIER_KNOTS.);
#3628 = CARTESIAN_POINT('',(-4.133652434855,2.386565346,
    -2.22044604925E-16));
#3629 = CARTESIAN_POINT('',(-5.633175666516,-0.210685078366,0.2));
#3630 = CARTESIAN_POINT('',(-5.321071289824,-3.856661309324,0.4));
#3631 = CARTESIAN_POINT('',(-2.360006807163,-7.110849888571,0.6));
#3632 = CARTESIAN_POINT('',(2.722039721381,-7.881031519534,0.8));
#3633 = CARTESIAN_POINT('',(7.649845114228,-4.416640135928,1.));
#3634 = CARTESIAN_POINT('',(8.18619336461,1.583160210902,1.2));
#3635 = CARTESIAN_POINT('',(4.978173242432,5.599250792416,1.4));
#3636 = CARTESIAN_POINT('',(0.67943102275,6.536513566989,1.6));
#3637 = CARTESIAN_POINT('',(-2.634129203193,4.983815770368,1.8));
#3638 = CARTESIAN_POINT('',(-4.133652434855,2.386565346,2.));
#3639 = PCURVE('',#3007,#3640);
#3640 = DEFINITIONAL_REPRESENTATION('',(#3641),#3645);
#3641 = LINE('',#3642,#3643);
#3642 = CARTESIAN_POINT('',(1.,0.));
#3643 = VECTOR('',#3644,1.);
#3644 = DIRECTION('',(0.,1.));
#3645 = ( GEOMETRIC_REPRESENTATION_CONTEXT(2) 
PARAMETRIC_REPRESENTATION_CONTEXT() REPRESENTATION_CONTEXT('2D SPACE',''
  ) );
#3646 = PCURVE('',#3191,#3647);
#3647 = DEFINITIONAL_REPRESENTATION('',(#3648),#3652);
#3648 = LINE('',#3649,#3650);
#3649 = CARTESIAN_POINT('',(2.617993877991,0.));
#3650 = VECTOR('',#3651,1.);
#3651 = DIRECTION('',(0.,1.));
#3652 = ( GEOMETRIC_REPRESENTATION_CONTEXT(2) 
PARAMETRIC_REPRESENTATION_CONTEXT() REPRESENTATION_CONTEXT('2D SPACE',''
  ) );
#3653 = ORIENTED_EDGE('',*,*,#3654,.F.);
#3654 = EDGE_CURVE('',#3477,#3624,#3655,.T.);
#3655 = SURFACE_CURVE('',#3656,(#3668,#3675),.PCURVE_S1.);
#3656 = B_SPLINE_CURVE_WITH_KNOTS('',6,(#3657,#3658,#3659,#3660,#3661,
    #3662,#3663,#3664,#3665,#3666,#3667),.UNSPECIFIED.,.F.,.F.,(7,4,7),(
    0.,0.528174081598,1.),.UNSPECIFIED.);
#3657 = CARTESIAN_POINT('',(5.543277195068,2.29610059419,2.));
#3658 = CARTESIAN_POINT('',(5.049395722064,3.23482538457,2.));
#3659 = CARTESIAN_POINT('',(4.355529417517,4.068293046109,2.));
#3660 = CARTESIAN_POINT('',(3.484882478027,4.740884712195,2.));
#3661 = CARTESIAN_POINT('',(2.481519742579,5.20079110103,2.));
#3662 = CARTESIAN_POINT('',(0.457155104386,5.604069327516,2.));
#3663 = CARTESIAN_POINT('',(-1.534187473954,5.1048738524,2.));
#3664 = CARTESIAN_POINT('',(-2.412956286604,4.664964386211,2.));
#3665 = CARTESIAN_POINT('',(-3.172205956681,4.035424063087,2.));
#3666 = CARTESIAN_POINT('',(-3.757161806253,3.256105283989,2.));
#3667 = CARTESIAN_POINT('',(-4.133652434855,2.386565346,2.));
#3668 = PCURVE('',#3007,#3669);
#3669 = DEFINITIONAL_REPRESENTATION('',(#3670),#3674);
#3670 = LINE('',#3671,#3672);
#3671 = CARTESIAN_POINT('',(0.,2.));
#3672 = VECTOR('',#3673,1.);
#3673 = DIRECTION('',(1.,0.));
#3674 = ( GEOMETRIC_REPRESENTATION_CONTEXT(2) 
PARAMETRIC_REPRESENTATION_CONTEXT() REPRESENTATION_CONTEXT('2D SPACE',''
  ) );
#3675 = PCURVE('',#3676,#3798);
#3676 = B_SPLINE_SURFACE_WITH_KNOTS('',6,10,(
    (#3677,#3678,#3679,#3680,#3681,#3682,#3683,#3684,#3685,#3686,#3687)
    ,(#3688,#3689,#3690,#3691,#3692,#3693,#3694,#3695,#3696,#3697,#3698)
    ,(#3699,#3700,#3701,#3702,#3703,#3704,#3705,#3706,#3707,#3708,#3709)
    ,(#3710,#3711,#3712,#3713,#3714,#3715,#3716,#3717,#3718,#3719,#3720)
    ,(#3721,#3722,#3723,#3724,#3725,#3726,#3727,#3728,#3729,#3730,#3731)
    ,(#3732,#3733,#3734,#3735,#3736,#3737,#3738,#3739,#3740,#3741,#3742)
    ,(#3743,#3744,#3745,#3746,#3747,#3748,#3749,#3750,#3751,#3752,#3753)
    ,(#3754,#3755,#3756,#3757,#3758,#3759,#3760,#3761,#3762,#3763,#3764)
    ,(#3765,#3766,#3767,#3768,#3769,#3770,#3771,#3772,#3773,#3774,#3775)
    ,(#3776,#3777,#3778,#3779,#3780,#3781,#3782,#3783,#3784,#3785,#3786)
    ,(#3787,#3788,#3789,#3790,#3791,#3792,#3793,#3794,#3795,#3796,#3797
    )),.UNSPECIFIED.,.F.,.F.,.F.,(7,4,7),(11,11),(0.,0.528174081598,1.),
  (0.,2.),.UNSPECIFIED.);
#3677 = CARTESIAN_POINT('',(5.543277195068,2.296100594191,2.));
#3678 = CARTESIAN_POINT('',(4.100594643346,5.779044376757,2.2));
#3679 = CARTESIAN_POINT('',(0.225723335538,8.257820816749,2.4));
#3680 = CARTESIAN_POINT('',(-5.285506305606,7.795047933968,2.6));
#3681 = CARTESIAN_POINT('',(-9.94255047509,3.316224350135,2.8));
#3682 = CARTESIAN_POINT('',(-10.25853349686,-4.249223704497,3.));
#3683 = CARTESIAN_POINT('',(-4.685520137331,-9.375369589091,3.2));
#3684 = CARTESIAN_POINT('',(1.774513903097,-9.249348604512,3.4));
#3685 = CARTESIAN_POINT('',(5.998771598573,-5.679550596103,3.6));
#3686 = CARTESIAN_POINT('',(6.985959746791,-1.186843188379,3.8));
#3687 = CARTESIAN_POINT('',(5.543277195068,2.29610059419,4.));
#3688 = CARTESIAN_POINT('',(5.049395722064,3.23482538457,2.));
#3689 = CARTESIAN_POINT('',(3.016894989302,6.40745428567,2.2));
#3690 = CARTESIAN_POINT('',(-1.231674356853,8.163984464684,2.4));
#3691 = CARTESIAN_POINT('',(-6.5722887419,6.738473739341,2.6));
#3692 = CARTESIAN_POINT('',(-10.36552957517,1.512248567849,2.8));
#3693 = CARTESIAN_POINT('',(-9.344543549039,-5.986452309087,3.));
#3694 = CARTESIAN_POINT('',(-2.959244664546,-10.0485805027,3.2));
#3695 = CARTESIAN_POINT('',(3.374110228806,-8.787342476947,3.4));
#3696 = CARTESIAN_POINT('',(6.901594331315,-4.531628818284,3.6));
#3697 = CARTESIAN_POINT('',(7.081896454827,6.219648346809E-02,3.8));
#3698 = CARTESIAN_POINT('',(5.049395722064,3.23482538457,4.));
#3699 = CARTESIAN_POINT('',(4.355529417517,4.068293046109,2.));
#3700 = CARTESIAN_POINT('',(1.799345508256,6.804952890222,2.2));
#3701 = CARTESIAN_POINT('',(-2.669029471556,7.759642682504,2.4));
#3702 = CARTESIAN_POINT('',(-7.633916510766,5.407777966098,2.6));
#3703 = CARTESIAN_POINT('',(-10.40414462257,-0.381783829654,2.8));
#3704 = CARTESIAN_POINT('',(-8.060456450902,-7.528889323071,3.));
#3705 = CARTESIAN_POINT('',(-1.089596287715,-10.3539733508,3.2));
#3706 = CARTESIAN_POINT('',(4.875217972772,-7.98454717204,3.4));
#3707 = CARTESIAN_POINT('',(7.559813359974,-3.191393871387,3.6));
#3708 = CARTESIAN_POINT('',(6.91171332678,1.331633201995,3.8));
#3709 = CARTESIAN_POINT('',(4.355529417517,4.068293046109,4.));
#3710 = CARTESIAN_POINT('',(3.484882478027,4.740884712195,2.));
#3711 = CARTESIAN_POINT('',(0.506096761359,6.930500950513,2.2));
#3712 = CARTESIAN_POINT('',(-4.003393314739,7.042739480014,2.4));
#3713 = CARTESIAN_POINT('',(-8.392230048007,3.856248491207,2.6));
#3714 = CARTESIAN_POINT('',(-10.02534121363,-2.265923398199,2.8));
#3715 = CARTESIAN_POINT('',(-6.449214494488,-8.773605019839,3.));
#3716 = CARTESIAN_POINT('',(0.829137384948,-10.24472578903,3.2));
#3717 = CARTESIAN_POINT('',(6.184980532364,-6.859022774381,3.4));
#3718 = CARTESIAN_POINT('',(7.916535769479,-1.719243678545,3.6));
#3719 = CARTESIAN_POINT('',(6.463668194698,2.551268473875,3.8));
#3720 = CARTESIAN_POINT('',(3.484882478027,4.740884712195,4.));
#3721 = CARTESIAN_POINT('',(2.481519742579,5.200791101031,2.));
#3722 = CARTESIAN_POINT('',(-0.786233680591,6.759975939635,2.2));
#3723 = CARTESIAN_POINT('',(-5.144894269399,6.039582527283,2.4));
#3724 = CARTESIAN_POINT('',(-8.781532961146,2.168037752925,2.6));
#3725 = CARTESIAN_POINT('',(-9.227950473847,-4.021366510479,2.8));
#3726 = CARTESIAN_POINT('',(-4.592365221229,-9.624719789903,3.));
#3727 = CARTESIAN_POINT('',(2.679505439732,-9.702922712108,3.2));
#3728 = CARTESIAN_POINT('',(7.209791795018,-5.462106838836,3.4));
#3729 = CARTESIAN_POINT('',(7.931369944884,-0.199662075426,3.6));
#3730 = CARTESIAN_POINT('',(5.749273165751,3.641606262425,3.8));
#3731 = CARTESIAN_POINT('',(2.481519742579,5.20079110103,4.));
#3732 = CARTESIAN_POINT('',(0.457155104386,5.604069327516,2.));
#3733 = CARTESIAN_POINT('',(-3.06398550152,5.891308351014,2.2));
#3734 = CARTESIAN_POINT('',(-6.788442410623,3.721087740243,2.4));
#3735 = CARTESIAN_POINT('',(-8.760435797063,-1.071921133942,2.6));
#3736 = CARTESIAN_POINT('',(-7.018580049488,-6.870907967163,2.8));
#3737 = CARTESIAN_POINT('',(-0.846023171207,-10.3710370043,3.));
#3738 = CARTESIAN_POINT('',(5.812200337139,-7.917586086971,3.2));
#3739 = CARTESIAN_POINT('',(8.470883598675,-2.477575696134,3.4));
#3740 = CARTESIAN_POINT('',(7.301777669019,2.571670119783,3.6));
#3741 = CARTESIAN_POINT('',(3.978295710294,5.316830304018,3.8));
#3742 = CARTESIAN_POINT('',(0.457155104386,5.604069327516,4.));
#3743 = CARTESIAN_POINT('',(-1.534187473954,5.1048738524,2.));
#3744 = CARTESIAN_POINT('',(-4.741674312393,4.140915432919,2.2));
#3745 = CARTESIAN_POINT('',(-7.278913016304,0.937416660433,2.4));
#3746 = CARTESIAN_POINT('',(-7.362339170644,-3.975308416943,2.6));
#3747 = CARTESIAN_POINT('',(-3.819652333272,-8.491884521869,2.8));
#3748 = CARTESIAN_POINT('',(2.839207392732,-9.447212825429,3.));
#3749 = CARTESIAN_POINT('',(7.868196526835,-4.979290119519,3.2));
#3750 = CARTESIAN_POINT('',(8.334060478401,0.741991250789,3.4));
#3751 = CARTESIAN_POINT('',(5.556188024639,4.794799195887,3.6));
#3752 = CARTESIAN_POINT('',(1.673299364488,6.068832271881,3.8));
#3753 = CARTESIAN_POINT('',(-1.534187473954,5.1048738524,4.));
#3754 = CARTESIAN_POINT('',(-2.412956286604,4.664964386211,2.));
#3755 = CARTESIAN_POINT('',(-5.344039855599,3.148859237525,2.2));
#3756 = CARTESIAN_POINT('',(-7.219265124594,-0.41430552884,2.4));
#3757 = CARTESIAN_POINT('',(-6.407728600479,-5.187007276852,2.6));
#3758 = CARTESIAN_POINT('',(-2.15657073826,-8.917440563554,2.8));
#3759 = CARTESIAN_POINT('',(4.465479899654,-8.63310488247,3.));
#3760 = CARTESIAN_POINT('',(8.524084702066,-3.392863620165,3.2));
#3761 = CARTESIAN_POINT('',(7.93604315014,2.232319293268,3.4));
#3762 = CARTESIAN_POINT('',(4.509778722645,5.652551095127,3.6));
#3763 = CARTESIAN_POINT('',(0.518127282393,6.181069534897,3.8));
#3764 = CARTESIAN_POINT('',(-2.412956286604,4.664964386211,4.));
#3765 = CARTESIAN_POINT('',(-3.172205956681,4.035424063087,2.));
#3766 = CARTESIAN_POINT('',(-5.707737674823,2.042268277251,2.2));
#3767 = CARTESIAN_POINT('',(-6.854120875518,-1.722242574813,2.4));
#3768 = CARTESIAN_POINT('',(-5.199431211036,-6.15490413455,2.6));
#3769 = CARTESIAN_POINT('',(-0.434103390532,-8.955967250575,2.8));
#3770 = CARTESIAN_POINT('',(5.87056716101,-7.468061124932,3.));
#3771 = CARTESIAN_POINT('',(8.805189861275,-1.693052466228,3.2));
#3772 = CARTESIAN_POINT('',(7.208638151503,3.598953434672,3.4));
#3773 = CARTESIAN_POINT('',(3.292080008257,6.253583107451,3.6));
#3774 = CARTESIAN_POINT('',(-0.636674238537,6.028579848925,3.8));
#3775 = CARTESIAN_POINT('',(-3.172205956681,4.035424063087,4.));
#3776 = CARTESIAN_POINT('',(-3.757161806253,3.256105283989,2.));
#3777 = CARTESIAN_POINT('',(-5.803033094151,0.895410898214,2.2));
#3778 = CARTESIAN_POINT('',(-6.202827399034,-2.895159990863,2.4));
#3779 = CARTESIAN_POINT('',(-3.816062374807,-6.807409583085,2.6));
#3780 = CARTESIAN_POINT('',(1.229855700551,-8.597342931861,2.8));
#3781 = CARTESIAN_POINT('',(6.953101727809,-6.025833446463,3.));
#3782 = CARTESIAN_POINT('',(8.684861942079,4.855791191462E-03,3.2));
#3783 = CARTESIAN_POINT('',(6.195767753537,4.745062615491,3.4));
#3784 = CARTESIAN_POINT('',(1.983944993059,6.551410640411,3.6));
#3785 = CARTESIAN_POINT('',(-1.711290518354,5.616799669764,3.8));
#3786 = CARTESIAN_POINT('',(-3.757161806253,3.256105283989,4.));
#3787 = CARTESIAN_POINT('',(-4.133652434855,2.386565346,2.));
#3788 = CARTESIAN_POINT('',(-5.633175666516,-0.210685078366,2.2));
#3789 = CARTESIAN_POINT('',(-5.321071289824,-3.856661309324,2.4));
#3790 = CARTESIAN_POINT('',(-2.360006807163,-7.110849888571,2.6));
#3791 = CARTESIAN_POINT('',(2.722039721381,-7.881031519534,2.8));
#3792 = CARTESIAN_POINT('',(7.649845114228,-4.416640135928,3.));
#3793 = CARTESIAN_POINT('',(8.18619336461,1.583160210902,3.2));
#3794 = CARTESIAN_POINT('',(4.978173242432,5.599250792416,3.4));
#3795 = CARTESIAN_POINT('',(0.67943102275,6.536513566989,3.6));
#3796 = CARTESIAN_POINT('',(-2.634129203193,4.983815770368,3.8));
#3797 = CARTESIAN_POINT('',(-4.133652434855,2.386565346,4.));
#3798 = DEFINITIONAL_REPRESENTATION('',(#3799),#3803);
#3799 = LINE('',#3800,#3801);
#3800 = CARTESIAN_POINT('',(0.,0.));
#3801 = VECTOR('',#3802,1.);
#3802 = DIRECTION('',(1.,0.));
#3803 = ( GEOMETRIC_REPRESENTATION_CONTEXT(2) 
PARAMETRIC_REPRESENTATION_CONTEXT() REPRESENTATION_CONTEXT('2D SPACE',''
  ) );
#3804 = ADVANCED_FACE('',(#3805),#3191,.T.);
#3805 = FACE_BOUND('',#3806,.T.);
#3806 = EDGE_LOOP('',(#3807,#3808,#3809,#3841));
#3807 = ORIENTED_EDGE('',*,*,#3623,.F.);
#3808 = ORIENTED_EDGE('',*,*,#3173,.T.);
#3809 = ORIENTED_EDGE('',*,*,#3810,.T.);
#3810 = EDGE_CURVE('',#3142,#3811,#3813,.T.);
#3811 = VERTEX_POINT('',#3812);
#3812 = CARTESIAN_POINT('',(-4.133652434855,-2.386565346,2.));
#3813 = SURFACE_CURVE('',#3814,(#3827,#3834),.PCURVE_S1.);
#3814 = ( BOUNDED_CURVE() B_SPLINE_CURVE(11,(#3815,#3816,#3817,#3818,
    #3819,#3820,#3821,#3822,#3823,#3824,#3825,#3826),.UNSPECIFIED.,.F.,
.F.) B_SPLINE_CURVE_WITH_KNOTS((12,12),(0.,2.),
.PIECEWISE_BEZIER_KNOTS.) CURVE() GEOMETRIC_REPRESENTATION_ITEM() 
RATIONAL_B_SPLINE_CURVE((1.013815801033,1.013815801033,1.013815801033,
    1.013815801033,1.013815801033,1.013815801033,1.013815801033,
    1.013815801033,1.013815801033,1.013815801033,1.013815801033,
1.013815801033)) REPRESENTATION_ITEM('') );
#3815 = CARTESIAN_POINT('',(-4.133652434855,-2.386565346,
    -4.440892098501E-16));
#3816 = CARTESIAN_POINT('',(-2.770449496982,-4.747702095424,
    0.181818181818));
#3817 = CARTESIAN_POINT('',(7.594629669105E-02,-6.252439517799,
    0.363636363636));
#3818 = CARTESIAN_POINT('',(3.81102105027,-5.863930088437,0.545454545454
    ));
#3819 = CARTESIAN_POINT('',(7.006560468971,-3.020901346774,
    0.727272727273));
#3820 = CARTESIAN_POINT('',(7.913660371367,1.654781467391,0.90909090909)
  );
#3821 = CARTESIAN_POINT('',(5.389912974143,6.026040184831,1.09090909091)
  );
#3822 = CARTESIAN_POINT('',(0.887102925865,7.578310032658,1.272727272727
    ));
#3823 = CARTESIAN_POINT('',(-3.172801897474,6.232406088121,
    1.454545454546));
#3824 = CARTESIAN_POINT('',(-5.376798309691,3.19199118115,1.636363636364
    ));
#3825 = CARTESIAN_POINT('',(-5.496855372729,-2.542859657427E-02,
    1.818181818182));
#3826 = CARTESIAN_POINT('',(-4.133652434855,-2.386565346,2.));
#3827 = PCURVE('',#3191,#3828);
#3828 = DEFINITIONAL_REPRESENTATION('',(#3829),#3833);
#3829 = LINE('',#3830,#3831);
#3830 = CARTESIAN_POINT('',(3.665191429188,0.));
#3831 = VECTOR('',#3832,1.);
#3832 = DIRECTION('',(0.,1.));
#3833 = ( GEOMETRIC_REPRESENTATION_CONTEXT(2) 
PARAMETRIC_REPRESENTATION_CONTEXT() REPRESENTATION_CONTEXT('2D SPACE',''
  ) );
#3834 = PCURVE('',#3311,#3835);
#3835 = DEFINITIONAL_REPRESENTATION('',(#3836),#3840);
#3836 = LINE('',#3837,#3838);
#3837 = CARTESIAN_POINT('',(0.,0.));
#3838 = VECTOR('',#3839,1.);
#3839 = DIRECTION('',(0.,1.));
#3840 = ( GEOMETRIC_REPRESENTATION_CONTEXT(2) 
PARAMETRIC_REPRESENTATION_CONTEXT() REPRESENTATION_CONTEXT('2D SPACE',''
  ) );
#3841 = ORIENTED_EDGE('',*,*,#3842,.F.);
#3842 = EDGE_CURVE('',#3624,#3811,#3843,.T.);
#3843 = SURFACE_CURVE('',#3844,(#3852,#3859),.PCURVE_S1.);
#3844 = ( BOUNDED_CURVE() B_SPLINE_CURVE(6,(#3845,#3846,#3847,#3848,
#3849,#3850,#3851),.UNSPECIFIED.,.F.,.F.) B_SPLINE_CURVE_WITH_KNOTS((7,7
),(2.617993877991,3.665191429188),.PIECEWISE_BEZIER_KNOTS.) CURVE() 
GEOMETRIC_REPRESENTATION_ITEM() RATIONAL_B_SPLINE_CURVE((1.013815801033,
    1.004520331021,0.999080478963,0.997285502839,0.999080478963,
1.004520331021,1.013815801033)) REPRESENTATION_ITEM('') );
#3845 = CARTESIAN_POINT('',(-4.133652434855,2.386565346,2.));
#3846 = CARTESIAN_POINT('',(-4.554040953329,1.658431073086,2.));
#3847 = CARTESIAN_POINT('',(-4.816376706691,0.849950910247,2.));
#3848 = CARTESIAN_POINT('',(-4.90556017208,2.00905091724E-13,2.));
#3849 = CARTESIAN_POINT('',(-4.816376706691,-0.849950910247,2.));
#3850 = CARTESIAN_POINT('',(-4.554040953329,-1.658431073085,2.));
#3851 = CARTESIAN_POINT('',(-4.133652434855,-2.386565346,2.));
#3852 = PCURVE('',#3191,#3853);
#3853 = DEFINITIONAL_REPRESENTATION('',(#3854),#3858);
#3854 = LINE('',#3855,#3856);
#3855 = CARTESIAN_POINT('',(0.,2.));
#3856 = VECTOR('',#3857,1.);
#3857 = DIRECTION('',(1.,0.));
#3858 = ( GEOMETRIC_REPRESENTATION_CONTEXT(2) 
PARAMETRIC_REPRESENTATION_CONTEXT() REPRESENTATION_CONTEXT('2D SPACE',''
  ) );
#3859 = PCURVE('',#3860,#3945);
#3860 = ( BOUNDED_SURFACE() B_SPLINE_SURFACE(6,11,(
    (#3861,#3862,#3863,#3864,#3865,#3866,#3867,#3868,#3869,#3870,#3871
      ,#3872)
    ,(#3873,#3874,#3875,#3876,#3877,#3878,#3879,#3880,#3881,#3882,#3883
      ,#3884)
    ,(#3885,#3886,#3887,#3888,#3889,#3890,#3891,#3892,#3893,#3894,#3895
      ,#3896)
    ,(#3897,#3898,#3899,#3900,#3901,#3902,#3903,#3904,#3905,#3906,#3907
      ,#3908)
    ,(#3909,#3910,#3911,#3912,#3913,#3914,#3915,#3916,#3917,#3918,#3919
      ,#3920)
    ,(#3921,#3922,#3923,#3924,#3925,#3926,#3927,#3928,#3929,#3930,#3931
      ,#3932)
    ,(#3933,#3934,#3935,#3936,#3937,#3938,#3939,#3940,#3941,#3942,#3943
,#3944
    )),.UNSPECIFIED.,.F.,.F.,.F.) B_SPLINE_SURFACE_WITH_KNOTS((7,7),(12,
    12),(2.617993877991,3.665191429188),(0.,2.),
.PIECEWISE_BEZIER_KNOTS.) GEOMETRIC_REPRESENTATION_ITEM() 
RATIONAL_B_SPLINE_SURFACE((
    (1.013815801033,1.013815801033,1.013815801033,1.013815801033
      ,1.013815801033,1.013815801033,1.013815801033,1.013815801033
      ,1.013815801033,1.013815801033,1.013815801033,1.013815801033)
    ,(1.004520331021,1.004520331021,1.004520331021,1.004520331021
      ,1.004520331021,1.004520331022,1.004520331021,1.004520331022
      ,1.004520331021,1.004520331021,1.004520331021,1.004520331021)
    ,(0.999080478963,0.999080478963,0.999080478963,0.999080478963
      ,0.999080478964,0.999080478963,0.999080478964,0.999080478963
      ,0.999080478963,0.999080478963,0.999080478963,0.999080478963)
    ,(0.997285502839,0.997285502839,0.997285502839,0.997285502839
      ,0.997285502839,0.997285502839,0.997285502839,0.997285502839
      ,0.997285502839,0.997285502839,0.997285502839,0.997285502839)
    ,(0.999080478963,0.999080478963,0.999080478963,0.999080478963
      ,0.999080478963,0.999080478963,0.999080478963,0.999080478964
      ,0.999080478963,0.999080478963,0.999080478963,0.999080478963)
    ,(1.004520331021,1.004520331021,1.004520331021,1.004520331021
      ,1.004520331021,1.004520331021,1.004520331021,1.004520331021
      ,1.004520331021,1.004520331021,1.004520331021,1.004520331021)
    ,(1.013815801033,1.013815801033,1.013815801033,1.013815801033
      ,1.013815801033,1.013815801033,1.013815801033,1.013815801033
      ,1.013815801033,1.013815801033,1.013815801033,1.013815801033
))) REPRESENTATION_ITEM('') SURFACE() );
#3861 = CARTESIAN_POINT('',(-4.133652434855,2.386565346,2.));
#3862 = CARTESIAN_POINT('',(-5.496855372729,2.542859657625E-02,
    2.181818181818));
#3863 = CARTESIAN_POINT('',(-5.376798309694,-3.191991181157,
    2.363636363636));
#3864 = CARTESIAN_POINT('',(-3.172801897467,-6.23240608811,
    2.545454545454));
#3865 = CARTESIAN_POINT('',(0.887102925853,-7.578310032667,
    2.727272727273));
#3866 = CARTESIAN_POINT('',(5.389912974156,-6.026040184831,2.90909090909
    ));
#3867 = CARTESIAN_POINT('',(7.91366037136,-1.65478146738,3.09090909091)
  );
#3868 = CARTESIAN_POINT('',(7.006560468969,3.020901346758,3.272727272727
    ));
#3869 = CARTESIAN_POINT('',(3.811021050276,5.863930088449,3.454545454546
    ));
#3870 = CARTESIAN_POINT('',(7.594629668709E-02,6.252439517793,
    3.636363636364));
#3871 = CARTESIAN_POINT('',(-2.770449496981,4.747702095425,
    3.818181818182));
#3872 = CARTESIAN_POINT('',(-4.133652434855,2.386565346,4.));
#3873 = CARTESIAN_POINT('',(-4.554040953329,1.658431073085,2.));
#3874 = CARTESIAN_POINT('',(-5.50133456709,-0.942831036573,
    2.181818181818));
#3875 = CARTESIAN_POINT('',(-4.814535706713,-4.139103012532,
    2.363636363637));
#3876 = CARTESIAN_POINT('',(-2.074976536725,-6.791288538705,
    2.545454545453));
#3877 = CARTESIAN_POINT('',(2.222006465163,-7.422048698636,
    2.727272727276));
#3878 = CARTESIAN_POINT('',(6.451387410544,-5.076618232603,
    2.909090909087));
#3879 = CARTESIAN_POINT('',(8.205146682704,-0.260806663886,
    3.090909090913));
#3880 = CARTESIAN_POINT('',(6.474434984219,4.255092390417,3.272727272724
    ));
#3881 = CARTESIAN_POINT('',(2.778101969957,6.535233514474,3.454545454547
    ));
#3882 = CARTESIAN_POINT('',(-1.025407910997,6.265817299884,
    3.636363636363));
#3883 = CARTESIAN_POINT('',(-3.606747339566,4.259693182746,
    3.818181818182));
#3884 = CARTESIAN_POINT('',(-4.554040953329,1.658431073086,4.));
#3885 = CARTESIAN_POINT('',(-4.816376706691,0.849950910247,2.));
#3886 = CARTESIAN_POINT('',(-5.301867531335,-1.901157031327,
    2.181818181818));
#3887 = CARTESIAN_POINT('',(-4.05914662145,-4.957174397068,
    2.363636363637));
#3888 = CARTESIAN_POINT('',(-0.871794157368,-7.112712990943,
    2.545454545454));
#3889 = CARTESIAN_POINT('',(3.509008994183,-6.986439002206,
    2.727272727274));
#3890 = CARTESIAN_POINT('',(7.30100878128,-3.914336467584,2.90909090909)
  );
#3891 = CARTESIAN_POINT('',(8.199815680111,1.178890163686,3.09090909091)
  );
#3892 = CARTESIAN_POINT('',(5.688391393118,5.363364374277,3.272727272727
    ));
#3893 = CARTESIAN_POINT('',(1.615423165799,6.981484021322,3.454545454546
    ));
#3894 = CARTESIAN_POINT('',(-2.117207235922,6.047121862295,
    3.636363636364));
#3895 = CARTESIAN_POINT('',(-4.330885882046,3.601058851823,
    3.818181818182));
#3896 = CARTESIAN_POINT('',(-4.816376706691,0.849950910247,4.));
#3897 = CARTESIAN_POINT('',(-4.90556017208,2.042503570701E-14,2.));
#3898 = CARTESIAN_POINT('',(-4.905560172081,-2.802049417881,
    2.181818181818));
#3899 = CARTESIAN_POINT('',(-3.145359814702,-5.604029827728,
    2.363636363636));
#3900 = CARTESIAN_POINT('',(0.378699286695,-7.177587606955,
    2.545454545454));
#3901 = CARTESIAN_POINT('',(4.683853005512,-6.289240570886,
    2.727272727273));
#3902 = CARTESIAN_POINT('',(7.893924389943,-2.593768223631,2.90909090909
    ));
#3903 = CARTESIAN_POINT('',(7.893924389942,2.59376822364,3.09090909091)
  );
#3904 = CARTESIAN_POINT('',(4.683853005513,6.289240570866,3.272727272727
    ));
#3905 = CARTESIAN_POINT('',(0.378699286695,7.177587606972,3.454545454546
    ));
#3906 = CARTESIAN_POINT('',(-3.145359814703,5.604029827719,
    3.636363636364));
#3907 = CARTESIAN_POINT('',(-4.90556017208,2.802049417883,3.818181818182
    ));
#3908 = CARTESIAN_POINT('',(-4.90556017208,2.021066074365E-13,4.));
#3909 = CARTESIAN_POINT('',(-4.816376706691,-0.849950910247,2.));
#3910 = CARTESIAN_POINT('',(-4.330885882047,-3.601058851821,
    2.181818181818));
#3911 = CARTESIAN_POINT('',(-2.11720723592,-6.047121862303,
    2.363636363636));
#3912 = CARTESIAN_POINT('',(1.615423165797,-6.981484021305,
    2.545454545455));
#3913 = CARTESIAN_POINT('',(5.68839139312,-5.363364374297,2.727272727273
    ));
#3914 = CARTESIAN_POINT('',(8.199815680113,-1.178890163675,
    2.909090909091));
#3915 = CARTESIAN_POINT('',(7.301008781276,3.914336467589,3.09090909091)
  );
#3916 = CARTESIAN_POINT('',(3.509008994187,6.98643900219,3.272727272727)
  );
#3917 = CARTESIAN_POINT('',(-0.87179415737,7.112712990958,3.454545454546
    ));
#3918 = CARTESIAN_POINT('',(-4.059146621449,4.95717439706,3.636363636363
    ));
#3919 = CARTESIAN_POINT('',(-5.301867531336,1.901157031329,
    3.818181818182));
#3920 = CARTESIAN_POINT('',(-4.816376706691,-0.849950910247,4.));
#3921 = CARTESIAN_POINT('',(-4.554040953329,-1.658431073085,2.));
#3922 = CARTESIAN_POINT('',(-3.606747339567,-4.259693182743,
    2.181818181818));
#3923 = CARTESIAN_POINT('',(-1.025407910995,-6.265817299893,
    2.363636363636));
#3924 = CARTESIAN_POINT('',(2.778101969953,-6.535233514456,
    2.545454545454));
#3925 = CARTESIAN_POINT('',(6.474434984222,-4.255092390438,
    2.727272727273));
#3926 = CARTESIAN_POINT('',(8.205146682706,0.260806663897,2.90909090909)
  );
#3927 = CARTESIAN_POINT('',(6.451387410536,5.07661823261,3.09090909091)
  );
#3928 = CARTESIAN_POINT('',(2.222006465174,7.422048698618,3.272727272727
    ));
#3929 = CARTESIAN_POINT('',(-2.074976536734,6.791288538721,
    3.454545454546));
#3930 = CARTESIAN_POINT('',(-4.814535706709,4.139103012524,
    3.636363636363));
#3931 = CARTESIAN_POINT('',(-5.501334567091,0.942831036575,
    3.818181818182));
#3932 = CARTESIAN_POINT('',(-4.554040953329,-1.658431073085,4.));
#3933 = CARTESIAN_POINT('',(-4.133652434855,-2.386565346,2.));
#3934 = CARTESIAN_POINT('',(-2.770449496982,-4.747702095424,
    2.181818181818));
#3935 = CARTESIAN_POINT('',(7.594629669105E-02,-6.252439517799,
    2.363636363636));
#3936 = CARTESIAN_POINT('',(3.81102105027,-5.863930088437,2.545454545454
    ));
#3937 = CARTESIAN_POINT('',(7.006560468971,-3.020901346774,
    2.727272727273));
#3938 = CARTESIAN_POINT('',(7.913660371367,1.654781467391,2.90909090909)
  );
#3939 = CARTESIAN_POINT('',(5.389912974143,6.026040184831,3.09090909091)
  );
#3940 = CARTESIAN_POINT('',(0.887102925865,7.578310032658,3.272727272727
    ));
#3941 = CARTESIAN_POINT('',(-3.172801897474,6.232406088121,
    3.454545454546));
#3942 = CARTESIAN_POINT('',(-5.376798309691,3.19199118115,3.636363636364
    ));
#3943 = CARTESIAN_POINT('',(-5.496855372729,-2.542859657427E-02,
    3.818181818182));
#3944 = CARTESIAN_POINT('',(-4.133652434855,-2.386565346,4.));
#3945 = DEFINITIONAL_REPRESENTATION('',(#3946),#3950);
#3946 = LINE('',#3947,#3948);
#3947 = CARTESIAN_POINT('',(0.,0.));
#3948 = VECTOR('',#3949,1.);
#3949 = DIRECTION('',(1.,0.));
#3950 = ( GEOMETRIC_REPRESENTATION_CONTEXT(2) 
PARAMETRIC_REPRESENTATION_CONTEXT() REPRESENTATION_CONTEXT('2D SPACE',''
  ) );
#3951 = ADVANCED_FACE('',(#3952),#3311,.T.);
#3952 = FACE_BOUND('',#3953,.T.);
#3953 = EDGE_LOOP('',(#3954,#3955,#3956,#3957));
#3954 = ORIENTED_EDGE('',*,*,#3810,.F.);
#3955 = ORIENTED_EDGE('',*,*,#3289,.T.);
#3956 = ORIENTED_EDGE('',*,*,#3443,.T.);
#3957 = ORIENTED_EDGE('',*,*,#3958,.F.);
#3958 = EDGE_CURVE('',#3811,#3444,#3959,.T.);
#3959 = SURFACE_CURVE('',#3960,(#3972,#3979),.PCURVE_S1.);
#3960 = B_SPLINE_CURVE_WITH_KNOTS('',6,(#3961,#3962,#3963,#3964,#3965,
    #3966,#3967,#3968,#3969,#3970,#3971),.UNSPECIFIED.,.F.,.F.,(7,4,7),(
    0.,0.471825918402,1.),.UNSPECIFIED.);
#3961 = CARTESIAN_POINT('',(-4.133652434855,-2.386565346,2.));
#3962 = CARTESIAN_POINT('',(-3.757161806254,-3.256105283988,2.));
#3963 = CARTESIAN_POINT('',(-3.172205956681,-4.035424063087,2.));
#3964 = CARTESIAN_POINT('',(-2.412956286605,-4.664964386211,2.));
#3965 = CARTESIAN_POINT('',(-1.534187473954,-5.1048738524,2.));
#3966 = CARTESIAN_POINT('',(0.457155104386,-5.604069327516,2.));
#3967 = CARTESIAN_POINT('',(2.481519742579,-5.200791101031,2.));
#3968 = CARTESIAN_POINT('',(3.484882478027,-4.740884712195,2.));
#3969 = CARTESIAN_POINT('',(4.355529417517,-4.06829304611,2.));
#3970 = CARTESIAN_POINT('',(5.049395722064,-3.234825384571,2.));
#3971 = CARTESIAN_POINT('',(5.543277195068,-2.296100594191,2.));
#3972 = PCURVE('',#3311,#3973);
#3973 = DEFINITIONAL_REPRESENTATION('',(#3974),#3978);
#3974 = LINE('',#3975,#3976);
#3975 = CARTESIAN_POINT('',(0.,2.));
#3976 = VECTOR('',#3977,1.);
#3977 = DIRECTION('',(1.,0.));
#3978 = ( GEOMETRIC_REPRESENTATION_CONTEXT(2) 
PARAMETRIC_REPRESENTATION_CONTEXT() REPRESENTATION_CONTEXT('2D SPACE',''
  ) );
#3979 = PCURVE('',#3980,#4102);
#3980 = B_SPLINE_SURFACE_WITH_KNOTS('',6,10,(
    (#3981,#3982,#3983,#3984,#3985,#3986,#3987,#3988,#3989,#3990,#3991)
    ,(#3992,#3993,#3994,#3995,#3996,#3997,#3998,#3999,#4000,#4001,#4002)
    ,(#4003,#4004,#4005,#4006,#4007,#4008,#4009,#4010,#4011,#4012,#4013)
    ,(#4014,#4015,#4016,#4017,#4018,#4019,#4020,#4021,#4022,#4023,#4024)
    ,(#4025,#4026,#4027,#4028,#4029,#4030,#4031,#4032,#4033,#4034,#4035)
    ,(#4036,#4037,#4038,#4039,#4040,#4041,#4042,#4043,#4044,#4045,#4046)
    ,(#4047,#4048,#4049,#4050,#4051,#4052,#4053,#4054,#4055,#4056,#4057)
    ,(#4058,#4059,#4060,#4061,#4062,#4063,#4064,#4065,#4066,#4067,#4068)
    ,(#4069,#4070,#4071,#4072,#4073,#4074,#4075,#4076,#4077,#4078,#4079)
    ,(#4080,#4081,#4082,#4083,#4084,#4085,#4086,#4087,#4088,#4089,#4090)
    ,(#4091,#4092,#4093,#4094,#4095,#4096,#4097,#4098,#4099,#4100,#4101
    )),.UNSPECIFIED.,.F.,.F.,.F.,(7,4,7),(11,11),(0.,0.471825918402,1.),
  (0.,2.),.UNSPECIFIED.);
#3981 = CARTESIAN_POINT('',(-4.133652434855,-2.386565346,2.));
#3982 = CARTESIAN_POINT('',(-2.634129203194,-4.983815770366,2.2));
#3983 = CARTESIAN_POINT('',(0.679431022755,-6.536513566998,2.4));
#3984 = CARTESIAN_POINT('',(4.978173242419,-5.599250792393,2.6));
#3985 = CARTESIAN_POINT('',(8.186193364632,-1.58316021094,2.8));
#3986 = CARTESIAN_POINT('',(7.649845114203,4.416640135972,3.));
#3987 = CARTESIAN_POINT('',(2.722039721403,7.881031519497,3.2));
#3988 = CARTESIAN_POINT('',(-2.360006807176,7.110849888593,3.4));
#3989 = CARTESIAN_POINT('',(-5.321071289819,3.856661309315,3.6));
#3990 = CARTESIAN_POINT('',(-5.633175666517,0.210685078368,3.8));
#3991 = CARTESIAN_POINT('',(-4.133652434855,-2.386565346,4.));
#3992 = CARTESIAN_POINT('',(-3.757161806253,-3.256105283989,2.));
#3993 = CARTESIAN_POINT('',(-1.711290518355,-5.616799669763,2.2));
#3994 = CARTESIAN_POINT('',(1.983944993066,-6.551410640419,2.4));
#3995 = CARTESIAN_POINT('',(6.19576775352,-4.74506261547,2.6));
#3996 = CARTESIAN_POINT('',(8.684861942108,-4.855791226021E-03,2.8));
#3997 = CARTESIAN_POINT('',(6.953101727775,6.025833446504,3.));
#3998 = CARTESIAN_POINT('',(1.22985570058,8.597342931826,3.2));
#3999 = CARTESIAN_POINT('',(-3.816062374824,6.807409583105,3.4));
#4000 = CARTESIAN_POINT('',(-6.202827399027,2.895159990855,3.6));
#4001 = CARTESIAN_POINT('',(-5.803033094153,-0.895410898212,3.8));
#4002 = CARTESIAN_POINT('',(-3.757161806254,-3.256105283988,4.));
#4003 = CARTESIAN_POINT('',(-3.172205956681,-4.035424063087,2.));
#4004 = CARTESIAN_POINT('',(-0.636674238539,-6.028579848923,2.2));
#4005 = CARTESIAN_POINT('',(3.292080008266,-6.253583107458,2.4));
#4006 = CARTESIAN_POINT('',(7.208638151481,-3.598953434654,2.6));
#4007 = CARTESIAN_POINT('',(8.805189861312,1.693052466198,2.8));
#4008 = CARTESIAN_POINT('',(5.870567160966,7.468061124966,3.));
#4009 = CARTESIAN_POINT('',(-0.434103390495,8.955967250546,3.2));
#4010 = CARTESIAN_POINT('',(-5.199431211058,6.154904134568,3.4));
#4011 = CARTESIAN_POINT('',(-6.854120875509,1.722242574806,3.6));
#4012 = CARTESIAN_POINT('',(-5.707737674825,-2.042268277249,3.8));
#4013 = CARTESIAN_POINT('',(-3.172205956681,-4.035424063087,4.));
#4014 = CARTESIAN_POINT('',(-2.412956286604,-4.664964386211,2.));
#4015 = CARTESIAN_POINT('',(0.51812728239,-6.181069534896,2.2));
#4016 = CARTESIAN_POINT('',(4.509778722655,-5.652551095133,2.4));
#4017 = CARTESIAN_POINT('',(7.936043150115,-2.232319293254,2.6));
#4018 = CARTESIAN_POINT('',(8.524084702109,3.392863620142,2.8));
#4019 = CARTESIAN_POINT('',(4.465479899604,8.633104882497,3.));
#4020 = CARTESIAN_POINT('',(-2.156570738218,8.917440563531,3.2));
#4021 = CARTESIAN_POINT('',(-6.407728600504,5.187007276866,3.4));
#4022 = CARTESIAN_POINT('',(-7.219265124584,0.414305528834,3.6));
#4023 = CARTESIAN_POINT('',(-5.344039855601,-3.148859237524,3.8));
#4024 = CARTESIAN_POINT('',(-2.412956286605,-4.664964386211,4.));
#4025 = CARTESIAN_POINT('',(-1.534187473954,-5.1048738524,2.));
#4026 = CARTESIAN_POINT('',(1.673299364486,-6.06883227188,2.2));
#4027 = CARTESIAN_POINT('',(5.556188024651,-4.794799195891,2.4));
#4028 = CARTESIAN_POINT('',(8.334060478373,-0.74199125078,2.6));
#4029 = CARTESIAN_POINT('',(7.868196526882,4.979290119505,2.8));
#4030 = CARTESIAN_POINT('',(2.839207392677,9.447212825445,3.));
#4031 = CARTESIAN_POINT('',(-3.819652333226,8.491884521855,3.2));
#4032 = CARTESIAN_POINT('',(-7.362339170672,3.975308416951,3.4));
#4033 = CARTESIAN_POINT('',(-7.278913016293,-0.937416660436,3.6));
#4034 = CARTESIAN_POINT('',(-4.741674312395,-4.140915432919,3.8));
#4035 = CARTESIAN_POINT('',(-1.534187473954,-5.1048738524,4.));
#4036 = CARTESIAN_POINT('',(0.457155104386,-5.604069327516,2.));
#4037 = CARTESIAN_POINT('',(3.978295710291,-5.316830304018,2.2));
#4038 = CARTESIAN_POINT('',(7.301777669031,-2.571670119781,2.4));
#4039 = CARTESIAN_POINT('',(8.470883598645,2.477575696131,2.6));
#4040 = CARTESIAN_POINT('',(5.81220033719,7.917586086976,2.8));
#4041 = CARTESIAN_POINT('',(-0.846023171267,10.371037004302,3.));
#4042 = CARTESIAN_POINT('',(-7.018580049437,6.870907967168,3.2));
#4043 = CARTESIAN_POINT('',(-8.760435797093,1.071921133939,3.4));
#4044 = CARTESIAN_POINT('',(-6.788442410611,-3.721087740242,3.6));
#4045 = CARTESIAN_POINT('',(-3.063985501522,-5.891308351014,3.8));
#4046 = CARTESIAN_POINT('',(0.457155104386,-5.604069327516,4.));
#4047 = CARTESIAN_POINT('',(2.481519742579,-5.200791101031,2.));
#4048 = CARTESIAN_POINT('',(5.749273165748,-3.641606262426,2.2));
#4049 = CARTESIAN_POINT('',(7.931369944896,0.199662075431,2.4));
#4050 = CARTESIAN_POINT('',(7.209791794989,5.462106838822,2.6));
#4051 = CARTESIAN_POINT('',(2.67950543978,9.702922712131,2.8));
#4052 = CARTESIAN_POINT('',(-4.592365221286,9.624719789876,3.));
#4053 = CARTESIAN_POINT('',(-9.2279504738,4.021366510502,3.2));
#4054 = CARTESIAN_POINT('',(-8.781532961175,-2.168037752939,3.4));
#4055 = CARTESIAN_POINT('',(-5.144894269388,-6.039582527278,3.6));
#4056 = CARTESIAN_POINT('',(-0.786233680593,-6.759975939636,3.8));
#4057 = CARTESIAN_POINT('',(2.481519742579,-5.200791101031,4.));
#4058 = CARTESIAN_POINT('',(3.484882478027,-4.740884712195,2.));
#4059 = CARTESIAN_POINT('',(6.463668194696,-2.551268473877,2.2));
#4060 = CARTESIAN_POINT('',(7.91653576949,1.719243678552,2.4));
#4061 = CARTESIAN_POINT('',(6.184980532337,6.859022774362,2.6));
#4062 = CARTESIAN_POINT('',(0.829137384992,10.244725789061,2.8));
#4063 = CARTESIAN_POINT('',(-6.44921449454,8.773605019802,3.));
#4064 = CARTESIAN_POINT('',(-10.02534121358,2.265923398231,3.2));
#4065 = CARTESIAN_POINT('',(-8.392230048033,-3.856248491226,3.4));
#4066 = CARTESIAN_POINT('',(-4.003393314729,-7.042739480006,3.6));
#4067 = CARTESIAN_POINT('',(0.506096761356,-6.930500950514,3.8));
#4068 = CARTESIAN_POINT('',(3.484882478027,-4.740884712195,4.));
#4069 = CARTESIAN_POINT('',(4.355529417517,-4.068293046109,2.));
#4070 = CARTESIAN_POINT('',(6.911713326778,-1.331633201997,2.2));
#4071 = CARTESIAN_POINT('',(7.559813359983,3.191393871396,2.4));
#4072 = CARTESIAN_POINT('',(4.875217972749,7.984547172018,2.6));
#4073 = CARTESIAN_POINT('',(-1.089596287677,10.35397335084,2.8));
#4074 = CARTESIAN_POINT('',(-8.060456450947,7.528889323027,3.));
#4075 = CARTESIAN_POINT('',(-10.40414462253,0.381783829691,3.2));
#4076 = CARTESIAN_POINT('',(-7.633916510789,-5.407777966121,3.4));
#4077 = CARTESIAN_POINT('',(-2.669029471547,-7.759642682495,3.6));
#4078 = CARTESIAN_POINT('',(1.799345508254,-6.804952890223,3.8));
#4079 = CARTESIAN_POINT('',(4.355529417517,-4.06829304611,4.));
#4080 = CARTESIAN_POINT('',(5.049395722064,-3.23482538457,2.));
#4081 = CARTESIAN_POINT('',(7.081896454826,-6.219648347067E-02,2.2));
#4082 = CARTESIAN_POINT('',(6.901594331322,4.531628818294,2.4));
#4083 = CARTESIAN_POINT('',(3.374110228788,8.787342476919,2.6));
#4084 = CARTESIAN_POINT('',(-2.959244664515,10.048580502755,2.8));
#4085 = CARTESIAN_POINT('',(-9.344543549075,5.986452309032,3.));
#4086 = CARTESIAN_POINT('',(-10.36552957514,-1.512248567803,3.2));
#4087 = CARTESIAN_POINT('',(-6.572288741918,-6.738473739369,3.4));
#4088 = CARTESIAN_POINT('',(-1.231674356846,-8.163984464673,3.6));
#4089 = CARTESIAN_POINT('',(3.0168949893,-6.407454285673,3.8));
#4090 = CARTESIAN_POINT('',(5.049395722064,-3.234825384571,4.));
#4091 = CARTESIAN_POINT('',(5.543277195068,-2.296100594191,2.));
#4092 = CARTESIAN_POINT('',(6.98595974679,1.186843188376,2.2));
#4093 = CARTESIAN_POINT('',(5.998771598578,5.679550596115,2.4));
#4094 = CARTESIAN_POINT('',(1.774513903085,9.249348604482,2.6));
#4095 = CARTESIAN_POINT('',(-4.68552013731,9.375369589141,2.8));
#4096 = CARTESIAN_POINT('',(-10.25853349689,4.249223704438,3.));
#4097 = CARTESIAN_POINT('',(-9.94255047507,-3.316224350084,3.2));
#4098 = CARTESIAN_POINT('',(-5.285506305619,-7.795047933998,3.4));
#4099 = CARTESIAN_POINT('',(0.225723335543,-8.257820816737,3.6));
#4100 = CARTESIAN_POINT('',(4.100594643344,-5.779044376759,3.8));
#4101 = CARTESIAN_POINT('',(5.543277195068,-2.296100594191,4.));
#4102 = DEFINITIONAL_REPRESENTATION('',(#4103),#4107);
#4103 = LINE('',#4104,#4105);
#4104 = CARTESIAN_POINT('',(0.,0.));
#4105 = VECTOR('',#4106,1.);
#4106 = DIRECTION('',(1.,0.));
#4107 = ( GEOMETRIC_REPRESENTATION_CONTEXT(2) 
PARAMETRIC_REPRESENTATION_CONTEXT() REPRESENTATION_CONTEXT('2D SPACE',''
  ) );
#4108 = ADVANCED_FACE('',(#4109),#3526,.T.);
#4109 = FACE_BOUND('',#4110,.T.);
#4110 = EDGE_LOOP('',(#4111,#4143,#4144,#4176));
#4111 = ORIENTED_EDGE('',*,*,#4112,.F.);
#4112 = EDGE_CURVE('',#3444,#4113,#4115,.T.);
#4113 = VERTEX_POINT('',#4114);
#4114 = CARTESIAN_POINT('',(5.543277195068,-2.296100594191,4.));
#4115 = SURFACE_CURVE('',#4116,(#4129,#4136),.PCURVE_S1.);
#4116 = ( BOUNDED_CURVE() B_SPLINE_CURVE(11,(#4117,#4118,#4119,#4120,
    #4121,#4122,#4123,#4124,#4125,#4126,#4127,#4128),.UNSPECIFIED.,.F.,
.F.) B_SPLINE_CURVE_WITH_KNOTS((12,12),(0.,2.),
.PIECEWISE_BEZIER_KNOTS.) CURVE() GEOMETRIC_REPRESENTATION_ITEM() 
RATIONAL_B_SPLINE_CURVE((1.007744716361,1.007744716361,1.007744716361,
    1.007744716361,1.007744716361,1.007744716361,1.007744716361,
    1.007744716361,1.007744716361,1.007744716361,1.007744716361,
1.007744716361)) REPRESENTATION_ITEM('') );
#4117 = CARTESIAN_POINT('',(5.543277195068,-2.296100594191,2.));
#4118 = CARTESIAN_POINT('',(6.854806787542,0.870211935415,2.181818181818
    ));
#4119 = CARTESIAN_POINT('',(6.177279757141,4.860327336466,2.363636363636
    ));
#4120 = CARTESIAN_POINT('',(2.931617908043,8.287919815117,2.545454545455
    ));
#4121 = CARTESIAN_POINT('',(-2.349001160816,9.299162562427,
    2.727272727271));
#4122 = CARTESIAN_POINT('',(-7.706083905783,6.625791874,2.909090909093)
  );
#4123 = CARTESIAN_POINT('',(-10.13416655099,0.763881821322,
    3.090909090907));
#4124 = CARTESIAN_POINT('',(-8.236495557076,-4.914506257398,
    3.272727272729));
#4125 = CARTESIAN_POINT('',(-3.787477400579,-7.933411205843,
    3.454545454545));
#4126 = CARTESIAN_POINT('',(0.931225987163,-7.804766823953,
    3.636363636364));
#4127 = CARTESIAN_POINT('',(4.231747602592,-5.462413123799,
    3.818181818182));
#4128 = CARTESIAN_POINT('',(5.543277195068,-2.296100594191,4.));
#4129 = PCURVE('',#3526,#4130);
#4130 = DEFINITIONAL_REPRESENTATION('',(#4131),#4135);
#4131 = LINE('',#4132,#4133);
#4132 = CARTESIAN_POINT('',(5.890486225481,0.));
#4133 = VECTOR('',#4134,1.);
#4134 = DIRECTION('',(0.,1.));
#4135 = ( GEOMETRIC_REPRESENTATION_CONTEXT(2) 
PARAMETRIC_REPRESENTATION_CONTEXT() REPRESENTATION_CONTEXT('2D SPACE',''
  ) );
#4136 = PCURVE('',#3980,#4137);
#4137 = DEFINITIONAL_REPRESENTATION('',(#4138),#4142);
#4138 = LINE('',#4139,#4140);
#4139 = CARTESIAN_POINT('',(1.,0.));
#4140 = VECTOR('',#4141,1.);
#4141 = DIRECTION('',(0.,1.));
#4142 = ( GEOMETRIC_REPRESENTATION_CONTEXT(2) 
PARAMETRIC_REPRESENTATION_CONTEXT() REPRESENTATION_CONTEXT('2D SPACE',''
  ) );
#4143 = ORIENTED_EDGE('',*,*,#3508,.T.);
#4144 = ORIENTED_EDGE('',*,*,#4145,.T.);
#4145 = EDGE_CURVE('',#3477,#4146,#4148,.T.);
#4146 = VERTEX_POINT('',#4147);
#4147 = CARTESIAN_POINT('',(5.543277195068,2.29610059419,4.));
#4148 = SURFACE_CURVE('',#4149,(#4162,#4169),.PCURVE_S1.);
#4149 = ( BOUNDED_CURVE() B_SPLINE_CURVE(11,(#4150,#4151,#4152,#4153,
    #4154,#4155,#4156,#4157,#4158,#4159,#4160,#4161),.UNSPECIFIED.,.F.,
.F.) B_SPLINE_CURVE_WITH_KNOTS((12,12),(0.,2.),
.PIECEWISE_BEZIER_KNOTS.) CURVE() GEOMETRIC_REPRESENTATION_ITEM() 
RATIONAL_B_SPLINE_CURVE((1.007744716361,1.007744716361,1.007744716361,
    1.007744716361,1.007744716361,1.007744716361,1.007744716361,
    1.007744716361,1.007744716361,1.007744716361,1.007744716361,
1.007744716361)) REPRESENTATION_ITEM('') );
#4150 = CARTESIAN_POINT('',(5.543277195068,2.296100594191,2.));
#4151 = CARTESIAN_POINT('',(4.231747602593,5.462413123796,2.181818181818
    ));
#4152 = CARTESIAN_POINT('',(0.93122598716,7.804766823962,2.363636363636)
  );
#4153 = CARTESIAN_POINT('',(-3.787477400575,7.933411205825,
    2.545454545455));
#4154 = CARTESIAN_POINT('',(-8.236495557075,4.914506257419,
    2.727272727271));
#4155 = CARTESIAN_POINT('',(-10.13416655101,-0.763881821334,
    2.909090909093));
#4156 = CARTESIAN_POINT('',(-7.706083905766,-6.625791874005,
    3.090909090907));
#4157 = CARTESIAN_POINT('',(-2.349001160833,-9.29916256241,
    3.272727272729));
#4158 = CARTESIAN_POINT('',(2.931617908054,-8.287919815134,
    3.454545454545));
#4159 = CARTESIAN_POINT('',(6.177279757137,-4.860327336457,
    3.636363636364));
#4160 = CARTESIAN_POINT('',(6.854806787543,-0.870211935418,
    3.818181818182));
#4161 = CARTESIAN_POINT('',(5.543277195068,2.29610059419,4.));
#4162 = PCURVE('',#3526,#4163);
#4163 = DEFINITIONAL_REPRESENTATION('',(#4164),#4168);
#4164 = LINE('',#4165,#4166);
#4165 = CARTESIAN_POINT('',(6.675884388878,0.));
#4166 = VECTOR('',#4167,1.);
#4167 = DIRECTION('',(0.,1.));
#4168 = ( GEOMETRIC_REPRESENTATION_CONTEXT(2) 
PARAMETRIC_REPRESENTATION_CONTEXT() REPRESENTATION_CONTEXT('2D SPACE',''
  ) );
#4169 = PCURVE('',#3676,#4170);
#4170 = DEFINITIONAL_REPRESENTATION('',(#4171),#4175);
#4171 = LINE('',#4172,#4173);
#4172 = CARTESIAN_POINT('',(0.,0.));
#4173 = VECTOR('',#4174,1.);
#4174 = DIRECTION('',(0.,1.));
#4175 = ( GEOMETRIC_REPRESENTATION_CONTEXT(2) 
PARAMETRIC_REPRESENTATION_CONTEXT() REPRESENTATION_CONTEXT('2D SPACE',''
  ) );
#4176 = ORIENTED_EDGE('',*,*,#4177,.F.);
#4177 = EDGE_CURVE('',#4113,#4146,#4178,.T.);
#4178 = SURFACE_CURVE('',#4179,(#4187,#4194),.PCURVE_S1.);
#4179 = ( BOUNDED_CURVE() B_SPLINE_CURVE(6,(#4180,#4181,#4182,#4183,
#4184,#4185,#4186),.UNSPECIFIED.,.F.,.F.) B_SPLINE_CURVE_WITH_KNOTS((7,7
),(5.890486225481,6.675884388878),.PIECEWISE_BEZIER_KNOTS.) CURVE() 
GEOMETRIC_REPRESENTATION_ITEM() RATIONAL_B_SPLINE_CURVE((1.007744716361,
    1.002554895352,0.999483957836,0.998466654399,0.999483957836,
1.002554895352,1.007744716361)) REPRESENTATION_ITEM('') );
#4180 = CARTESIAN_POINT('',(5.543277195068,-2.296100594191,4.));
#4181 = CARTESIAN_POINT('',(5.845391909743,-1.56673115263,4.));
#4182 = CARTESIAN_POINT('',(6.030696573177,-0.794320187759,4.));
#4183 = CARTESIAN_POINT('',(6.093149589838,-2.587592808893E-13,4.));
#4184 = CARTESIAN_POINT('',(6.030696573177,0.794320187759,4.));
#4185 = CARTESIAN_POINT('',(5.845391909743,1.56673115263,4.));
#4186 = CARTESIAN_POINT('',(5.543277195068,2.29610059419,4.));
#4187 = PCURVE('',#3526,#4188);
#4188 = DEFINITIONAL_REPRESENTATION('',(#4189),#4193);
#4189 = LINE('',#4190,#4191);
#4190 = CARTESIAN_POINT('',(0.,2.));
#4191 = VECTOR('',#4192,1.);
#4192 = DIRECTION('',(1.,0.));
#4193 = ( GEOMETRIC_REPRESENTATION_CONTEXT(2) 
PARAMETRIC_REPRESENTATION_CONTEXT() REPRESENTATION_CONTEXT('2D SPACE',''
  ) );
#4194 = PCURVE('',#4195,#4280);
#4195 = ( BOUNDED_SURFACE() B_SPLINE_SURFACE(6,11,(
    (#4196,#4197,#4198,#4199,#4200,#4201,#4202,#4203,#4204,#4205,#4206
      ,#4207)
    ,(#4208,#4209,#4210,#4211,#4212,#4213,#4214,#4215,#4216,#4217,#4218
      ,#4219)
    ,(#4220,#4221,#4222,#4223,#4224,#4225,#4226,#4227,#4228,#4229,#4230
      ,#4231)
    ,(#4232,#4233,#4234,#4235,#4236,#4237,#4238,#4239,#4240,#4241,#4242
      ,#4243)
    ,(#4244,#4245,#4246,#4247,#4248,#4249,#4250,#4251,#4252,#4253,#4254
      ,#4255)
    ,(#4256,#4257,#4258,#4259,#4260,#4261,#4262,#4263,#4264,#4265,#4266
      ,#4267)
    ,(#4268,#4269,#4270,#4271,#4272,#4273,#4274,#4275,#4276,#4277,#4278
,#4279
    )),.UNSPECIFIED.,.F.,.F.,.F.) B_SPLINE_SURFACE_WITH_KNOTS((7,7),(12,
    12),(5.890486225481,6.675884388878),(0.,2.),
.PIECEWISE_BEZIER_KNOTS.) GEOMETRIC_REPRESENTATION_ITEM() 
RATIONAL_B_SPLINE_SURFACE((
    (1.007744716361,1.007744716361,1.007744716361,1.007744716361
      ,1.007744716361,1.007744716361,1.007744716361,1.007744716361
      ,1.007744716361,1.007744716361,1.007744716361,1.007744716361)
    ,(1.002554895352,1.002554895352,1.002554895352,1.002554895352
      ,1.002554895352,1.002554895353,1.002554895352,1.002554895353
      ,1.002554895352,1.002554895352,1.002554895352,1.002554895352)
    ,(0.999483957836,0.999483957836,0.999483957836,0.999483957835
      ,0.999483957836,0.999483957835,0.999483957836,0.999483957835
      ,0.999483957836,0.999483957836,0.999483957836,0.999483957836)
    ,(0.998466654399,0.998466654399,0.998466654399,0.998466654399
      ,0.998466654399,0.998466654399,0.998466654399,0.998466654399
      ,0.998466654399,0.998466654399,0.998466654399,0.998466654399)
    ,(0.999483957836,0.999483957836,0.999483957836,0.999483957835
      ,0.999483957836,0.999483957835,0.999483957836,0.999483957835
      ,0.999483957836,0.999483957836,0.999483957836,0.999483957836)
    ,(1.002554895352,1.002554895352,1.002554895352,1.002554895352
      ,1.002554895353,1.002554895352,1.002554895353,1.002554895352
      ,1.002554895353,1.002554895352,1.002554895352,1.002554895352)
    ,(1.007744716361,1.007744716361,1.007744716361,1.007744716361
      ,1.007744716361,1.007744716361,1.007744716361,1.007744716361
      ,1.007744716361,1.007744716361,1.007744716361,1.007744716361
))) REPRESENTATION_ITEM('') SURFACE() );
#4196 = CARTESIAN_POINT('',(5.543277195068,-2.296100594191,4.));
#4197 = CARTESIAN_POINT('',(6.854806787542,0.870211935415,4.181818181818
    ));
#4198 = CARTESIAN_POINT('',(6.177279757141,4.860327336466,4.363636363636
    ));
#4199 = CARTESIAN_POINT('',(2.931617908043,8.287919815117,4.545454545455
    ));
#4200 = CARTESIAN_POINT('',(-2.349001160816,9.299162562427,
    4.727272727271));
#4201 = CARTESIAN_POINT('',(-7.706083905783,6.625791874,4.909090909093)
  );
#4202 = CARTESIAN_POINT('',(-10.13416655099,0.763881821322,
    5.090909090907));
#4203 = CARTESIAN_POINT('',(-8.236495557076,-4.914506257398,
    5.272727272729));
#4204 = CARTESIAN_POINT('',(-3.787477400579,-7.933411205843,
    5.454545454545));
#4205 = CARTESIAN_POINT('',(0.931225987163,-7.804766823953,
    5.636363636364));
#4206 = CARTESIAN_POINT('',(4.231747602592,-5.462413123799,
    5.818181818182));
#4207 = CARTESIAN_POINT('',(5.543277195068,-2.296100594191,6.));
#4208 = CARTESIAN_POINT('',(5.845391909743,-1.56673115263,4.));
#4209 = CARTESIAN_POINT('',(6.740306651425,1.77214889846,4.181818181818)
  );
#4210 = CARTESIAN_POINT('',(5.537771013406,5.673117122775,4.363636363636
    ));
#4211 = CARTESIAN_POINT('',(1.841115803506,8.673654181486,4.545454545457
    ));
#4212 = CARTESIAN_POINT('',(-3.572559854792,8.990087334077,
    4.727272727269));
#4213 = CARTESIAN_POINT('',(-8.577887705044,5.611846166938,
    4.909090909096));
#4214 = CARTESIAN_POINT('',(-10.23467605789,-0.569544442218,
    5.090909090904));
#4215 = CARTESIAN_POINT('',(-7.589858097252,-5.99824209695,
    5.272727272731));
#4216 = CARTESIAN_POINT('',(-2.743620581364,-8.431757252663,
    5.454545454543));
#4217 = CARTESIAN_POINT('',(1.958156126064,-7.682238623699,
    5.636363636365));
#4218 = CARTESIAN_POINT('',(4.95047716806,-4.905611203722,5.818181818182
    ));
#4219 = CARTESIAN_POINT('',(5.845391909743,-1.56673115263,6.));
#4220 = CARTESIAN_POINT('',(6.030696573177,-0.794320187759,4.));
#4221 = CARTESIAN_POINT('',(6.484411203442,2.650405639571,4.181818181818
    ));
#4222 = CARTESIAN_POINT('',(4.774195781797,6.380062537526,4.363636363637
    ));
#4223 = CARTESIAN_POINT('',(0.696654841688,8.885154792623,4.545454545453
    ));
#4224 = CARTESIAN_POINT('',(-4.739769710866,8.490157922131,
    4.727272727275));
#4225 = CARTESIAN_POINT('',(-9.284481018949,4.46687674247,4.909090909089
    ));
#4226 = CARTESIAN_POINT('',(-10.12445948831,-1.910470018834,
    5.090909090911));
#4227 = CARTESIAN_POINT('',(-6.776507851223,-6.973316269677,
    5.272727272726));
#4228 = CARTESIAN_POINT('',(-1.627769907216,-8.762514980688,
    5.454545454546));
#4229 = CARTESIAN_POINT('',(2.959359608633,-7.39867110043,5.636363636363
    ));
#4230 = CARTESIAN_POINT('',(5.57698194291,-4.239046015091,5.818181818182
    ));
#4231 = CARTESIAN_POINT('',(6.030696573177,-0.794320187759,6.));
#4232 = CARTESIAN_POINT('',(6.093149589838,-1.82961405092E-14,4.));
#4233 = CARTESIAN_POINT('',(6.093149589838,3.480398907028,4.181818181818
    ));
#4234 = CARTESIAN_POINT('',(3.906821482678,6.960712099833,4.363636363637
    ));
#4235 = CARTESIAN_POINT('',(-0.470378778869,8.915213237473,
    4.545454545453));
#4236 = CARTESIAN_POINT('',(-5.817769228843,7.811805840846,
    4.727272727275));
#4237 = CARTESIAN_POINT('',(-9.804968336257,3.221694818443,
    4.909090909088));
#4238 = CARTESIAN_POINT('',(-9.804968336234,-3.221694818451,
    5.090909090911));
#4239 = CARTESIAN_POINT('',(-5.817769228858,-7.811805840827,
    5.272727272726));
#4240 = CARTESIAN_POINT('',(-0.470378778863,-8.915213237491,
    5.454545454546));
#4241 = CARTESIAN_POINT('',(3.906821482677,-6.960712099824,
    5.636363636363));
#4242 = CARTESIAN_POINT('',(6.093149589838,-3.480398907031,
    5.818181818182));
#4243 = CARTESIAN_POINT('',(6.093149589838,-2.602516721177E-13,6.));
#4244 = CARTESIAN_POINT('',(6.030696573177,0.794320187759,4.));
#4245 = CARTESIAN_POINT('',(5.576981942911,4.239046015089,4.181818181818
    ));
#4246 = CARTESIAN_POINT('',(2.959359608631,7.39867110044,4.363636363636)
  );
#4247 = CARTESIAN_POINT('',(-1.627769907216,8.76251498067,4.545454545455
    ));
#4248 = CARTESIAN_POINT('',(-6.776507851216,6.973316269696,
    4.727272727271));
#4249 = CARTESIAN_POINT('',(-10.12445948832,1.910470018823,
    4.909090909093));
#4250 = CARTESIAN_POINT('',(-9.28448101893,-4.466876742474,
    5.090909090907));
#4251 = CARTESIAN_POINT('',(-4.739769710879,-8.490157922116,
    5.272727272729));
#4252 = CARTESIAN_POINT('',(0.696654841693,-8.885154792639,
    5.454545454544));
#4253 = CARTESIAN_POINT('',(4.774195781797,-6.380062537517,
    5.636363636364));
#4254 = CARTESIAN_POINT('',(6.484411203442,-2.650405639574,
    5.818181818182));
#4255 = CARTESIAN_POINT('',(6.030696573177,0.794320187759,6.));
#4256 = CARTESIAN_POINT('',(5.845391909743,1.56673115263,4.));
#4257 = CARTESIAN_POINT('',(4.950477168061,4.90561120372,4.181818181818)
  );
#4258 = CARTESIAN_POINT('',(1.958156126061,7.682238623708,4.363636363636
    ));
#4259 = CARTESIAN_POINT('',(-2.743620581361,8.431757252644,
    4.545454545455));
#4260 = CARTESIAN_POINT('',(-7.589858097251,5.998242096974,
    4.727272727272));
#4261 = CARTESIAN_POINT('',(-10.2346760579,0.569544442205,4.909090909092
    ));
#4262 = CARTESIAN_POINT('',(-8.577887705031,-5.611846166944,
    5.090909090908));
#4263 = CARTESIAN_POINT('',(-3.572559854805,-8.990087334058,
    5.272727272728));
#4264 = CARTESIAN_POINT('',(1.841115803514,-8.673654181504,
    5.454545454545));
#4265 = CARTESIAN_POINT('',(5.537771013402,-5.673117122766,
    5.636363636364));
#4266 = CARTESIAN_POINT('',(6.740306651425,-1.772148898462,
    5.818181818182));
#4267 = CARTESIAN_POINT('',(5.845391909743,1.56673115263,6.));
#4268 = CARTESIAN_POINT('',(5.543277195068,2.296100594191,4.));
#4269 = CARTESIAN_POINT('',(4.231747602593,5.462413123796,4.181818181818
    ));
#4270 = CARTESIAN_POINT('',(0.93122598716,7.804766823962,4.363636363636)
  );
#4271 = CARTESIAN_POINT('',(-3.787477400575,7.933411205825,
    4.545454545455));
#4272 = CARTESIAN_POINT('',(-8.236495557075,4.914506257419,
    4.727272727271));
#4273 = CARTESIAN_POINT('',(-10.13416655101,-0.763881821334,
    4.909090909093));
#4274 = CARTESIAN_POINT('',(-7.706083905766,-6.625791874005,
    5.090909090907));
#4275 = CARTESIAN_POINT('',(-2.349001160833,-9.29916256241,
    5.272727272729));
#4276 = CARTESIAN_POINT('',(2.931617908054,-8.287919815134,
    5.454545454545));
#4277 = CARTESIAN_POINT('',(6.177279757137,-4.860327336457,
    5.636363636364));
#4278 = CARTESIAN_POINT('',(6.854806787543,-0.870211935418,
    5.818181818182));
#4279 = CARTESIAN_POINT('',(5.543277195068,2.29610059419,6.));
#4280 = DEFINITIONAL_REPRESENTATION('',(#4281),#4285);
#4281 = LINE('',#4282,#4283);
#4282 = CARTESIAN_POINT('',(0.,0.));
#4283 = VECTOR('',#4284,1.);
#4284 = DIRECTION('',(1.,0.));
#4285 = ( GEOMETRIC_REPRESENTATION_CONTEXT(2) 
PARAMETRIC_REPRESENTATION_CONTEXT() REPRESENTATION_CONTEXT('2D SPACE',''
  ) );
#4286 = ADVANCED_FACE('',(#4287),#3676,.T.);
#4287 = FACE_BOUND('',#4288,.T.);
#4288 = EDGE_LOOP('',(#4289,#4290,#4291,#4322));
#4289 = ORIENTED_EDGE('',*,*,#4145,.F.);
#4290 = ORIENTED_EDGE('',*,*,#3654,.T.);
#4291 = ORIENTED_EDGE('',*,*,#4292,.T.);
#4292 = EDGE_CURVE('',#3624,#4293,#4295,.T.);
#4293 = VERTEX_POINT('',#4294);
#4294 = CARTESIAN_POINT('',(-4.133652434855,2.386565346,4.));
#4295 = SURFACE_CURVE('',#4296,(#4308,#4315),.PCURVE_S1.);
#4296 = B_SPLINE_CURVE_WITH_KNOTS('',10,(#4297,#4298,#4299,#4300,#4301,
    #4302,#4303,#4304,#4305,#4306,#4307),.UNSPECIFIED.,.F.,.F.,(11,11),(
    0.,2.),.PIECEWISE_BEZIER_KNOTS.);
#4297 = CARTESIAN_POINT('',(-4.133652434855,2.386565346,2.));
#4298 = CARTESIAN_POINT('',(-5.633175666516,-0.210685078366,2.2));
#4299 = CARTESIAN_POINT('',(-5.321071289824,-3.856661309324,2.4));
#4300 = CARTESIAN_POINT('',(-2.360006807163,-7.110849888571,2.6));
#4301 = CARTESIAN_POINT('',(2.722039721381,-7.881031519534,2.8));
#4302 = CARTESIAN_POINT('',(7.649845114228,-4.416640135928,3.));
#4303 = CARTESIAN_POINT('',(8.18619336461,1.583160210902,3.2));
#4304 = CARTESIAN_POINT('',(4.978173242432,5.599250792416,3.4));
#4305 = CARTESIAN_POINT('',(0.67943102275,6.536513566989,3.6));
#4306 = CARTESIAN_POINT('',(-2.634129203193,4.983815770368,3.8));
#4307 = CARTESIAN_POINT('',(-4.133652434855,2.386565346,4.));
#4308 = PCURVE('',#3676,#4309);
#4309 = DEFINITIONAL_REPRESENTATION('',(#4310),#4314);
#4310 = LINE('',#4311,#4312);
#4311 = CARTESIAN_POINT('',(1.,0.));
#4312 = VECTOR('',#4313,1.);
#4313 = DIRECTION('',(0.,1.));
#4314 = ( GEOMETRIC_REPRESENTATION_CONTEXT(2) 
PARAMETRIC_REPRESENTATION_CONTEXT() REPRESENTATION_CONTEXT('2D SPACE',''
  ) );
#4315 = PCURVE('',#3860,#4316);
#4316 = DEFINITIONAL_REPRESENTATION('',(#4317),#4321);
#4317 = LINE('',#4318,#4319);
#4318 = CARTESIAN_POINT('',(2.617993877991,0.));
#4319 = VECTOR('',#4320,1.);
#4320 = DIRECTION('',(0.,1.));
#4321 = ( GEOMETRIC_REPRESENTATION_CONTEXT(2) 
PARAMETRIC_REPRESENTATION_CONTEXT() REPRESENTATION_CONTEXT('2D SPACE',''
  ) );
#4322 = ORIENTED_EDGE('',*,*,#4323,.F.);
#4323 = EDGE_CURVE('',#4146,#4293,#4324,.T.);
#4324 = SURFACE_CURVE('',#4325,(#4337,#4344),.PCURVE_S1.);
#4325 = B_SPLINE_CURVE_WITH_KNOTS('',6,(#4326,#4327,#4328,#4329,#4330,
    #4331,#4332,#4333,#4334,#4335,#4336),.UNSPECIFIED.,.F.,.F.,(7,4,7),(
    0.,0.528174081598,1.),.UNSPECIFIED.);
#4326 = CARTESIAN_POINT('',(5.543277195068,2.29610059419,4.));
#4327 = CARTESIAN_POINT('',(5.049395722064,3.23482538457,4.));
#4328 = CARTESIAN_POINT('',(4.355529417517,4.068293046109,4.));
#4329 = CARTESIAN_POINT('',(3.484882478027,4.740884712195,4.));
#4330 = CARTESIAN_POINT('',(2.481519742579,5.20079110103,4.));
#4331 = CARTESIAN_POINT('',(0.457155104386,5.604069327516,4.));
#4332 = CARTESIAN_POINT('',(-1.534187473954,5.1048738524,4.));
#4333 = CARTESIAN_POINT('',(-2.412956286604,4.664964386211,4.));
#4334 = CARTESIAN_POINT('',(-3.172205956681,4.035424063087,4.));
#4335 = CARTESIAN_POINT('',(-3.757161806253,3.256105283989,4.));
#4336 = CARTESIAN_POINT('',(-4.133652434855,2.386565346,4.));
#4337 = PCURVE('',#3676,#4338);
#4338 = DEFINITIONAL_REPRESENTATION('',(#4339),#4343);
#4339 = LINE('',#4340,#4341);
#4340 = CARTESIAN_POINT('',(0.,2.));
#4341 = VECTOR('',#4342,1.);
#4342 = DIRECTION('',(1.,0.));
#4343 = ( GEOMETRIC_REPRESENTATION_CONTEXT(2) 
PARAMETRIC_REPRESENTATION_CONTEXT() REPRESENTATION_CONTEXT('2D SPACE',''
  ) );
#4344 = PCURVE('',#4345,#4467);
#4345 = B_SPLINE_SURFACE_WITH_KNOTS('',6,10,(
    (#4346,#4347,#4348,#4349,#4350,#4351,#4352,#4353,#4354,#4355,#4356)
    ,(#4357,#4358,#4359,#4360,#4361,#4362,#4363,#4364,#4365,#4366,#4367)
    ,(#4368,#4369,#4370,#4371,#4372,#4373,#4374,#4375,#4376,#4377,#4378)
    ,(#4379,#4380,#4381,#4382,#4383,#4384,#4385,#4386,#4387,#4388,#4389)
    ,(#4390,#4391,#4392,#4393,#4394,#4395,#4396,#4397,#4398,#4399,#4400)
    ,(#4401,#4402,#4403,#4404,#4405,#4406,#4407,#4408,#4409,#4410,#4411)
    ,(#4412,#4413,#4414,#4415,#4416,#4417,#4418,#4419,#4420,#4421,#4422)
    ,(#4423,#4424,#4425,#4426,#4427,#4428,#4429,#4430,#4431,#4432,#4433)
    ,(#4434,#4435,#4436,#4437,#4438,#4439,#4440,#4441,#4442,#4443,#4444)
    ,(#4445,#4446,#4447,#4448,#4449,#4450,#4451,#4452,#4453,#4454,#4455)
    ,(#4456,#4457,#4458,#4459,#4460,#4461,#4462,#4463,#4464,#4465,#4466
    )),.UNSPECIFIED.,.F.,.F.,.F.,(7,4,7),(11,11),(0.,0.528174081598,1.),
  (0.,2.),.UNSPECIFIED.);
#4346 = CARTESIAN_POINT('',(5.543277195068,2.296100594191,4.));
#4347 = CARTESIAN_POINT('',(4.100594643346,5.779044376757,4.2));
#4348 = CARTESIAN_POINT('',(0.225723335538,8.257820816749,4.4));
#4349 = CARTESIAN_POINT('',(-5.285506305606,7.795047933968,4.6));
#4350 = CARTESIAN_POINT('',(-9.94255047509,3.316224350135,4.8));
#4351 = CARTESIAN_POINT('',(-10.25853349686,-4.249223704497,5.));
#4352 = CARTESIAN_POINT('',(-4.685520137331,-9.375369589091,5.2));
#4353 = CARTESIAN_POINT('',(1.774513903097,-9.249348604512,5.4));
#4354 = CARTESIAN_POINT('',(5.998771598573,-5.679550596103,5.6));
#4355 = CARTESIAN_POINT('',(6.985959746791,-1.186843188379,5.8));
#4356 = CARTESIAN_POINT('',(5.543277195068,2.29610059419,6.));
#4357 = CARTESIAN_POINT('',(5.049395722064,3.23482538457,4.));
#4358 = CARTESIAN_POINT('',(3.016894989302,6.40745428567,4.2));
#4359 = CARTESIAN_POINT('',(-1.231674356853,8.163984464684,4.4));
#4360 = CARTESIAN_POINT('',(-6.5722887419,6.738473739341,4.6));
#4361 = CARTESIAN_POINT('',(-10.36552957517,1.512248567849,4.8));
#4362 = CARTESIAN_POINT('',(-9.344543549039,-5.986452309087,5.));
#4363 = CARTESIAN_POINT('',(-2.959244664546,-10.0485805027,5.2));
#4364 = CARTESIAN_POINT('',(3.374110228806,-8.787342476947,5.4));
#4365 = CARTESIAN_POINT('',(6.901594331315,-4.531628818284,5.6));
#4366 = CARTESIAN_POINT('',(7.081896454827,6.219648346808E-02,5.8));
#4367 = CARTESIAN_POINT('',(5.049395722064,3.23482538457,6.));
#4368 = CARTESIAN_POINT('',(4.355529417517,4.068293046109,4.));
#4369 = CARTESIAN_POINT('',(1.799345508256,6.804952890222,4.2));
#4370 = CARTESIAN_POINT('',(-2.669029471556,7.759642682504,4.4));
#4371 = CARTESIAN_POINT('',(-7.633916510766,5.407777966098,4.6));
#4372 = CARTESIAN_POINT('',(-10.40414462257,-0.381783829654,4.8));
#4373 = CARTESIAN_POINT('',(-8.060456450902,-7.528889323071,5.));
#4374 = CARTESIAN_POINT('',(-1.089596287715,-10.3539733508,5.2));
#4375 = CARTESIAN_POINT('',(4.875217972772,-7.98454717204,5.4));
#4376 = CARTESIAN_POINT('',(7.559813359974,-3.191393871387,5.6));
#4377 = CARTESIAN_POINT('',(6.91171332678,1.331633201995,5.8));
#4378 = CARTESIAN_POINT('',(4.355529417517,4.068293046109,6.));
#4379 = CARTESIAN_POINT('',(3.484882478027,4.740884712195,4.));
#4380 = CARTESIAN_POINT('',(0.506096761359,6.930500950513,4.2));
#4381 = CARTESIAN_POINT('',(-4.003393314739,7.042739480014,4.4));
#4382 = CARTESIAN_POINT('',(-8.392230048007,3.856248491207,4.6));
#4383 = CARTESIAN_POINT('',(-10.02534121363,-2.265923398199,4.8));
#4384 = CARTESIAN_POINT('',(-6.449214494488,-8.773605019839,5.));
#4385 = CARTESIAN_POINT('',(0.829137384948,-10.24472578903,5.2));
#4386 = CARTESIAN_POINT('',(6.184980532364,-6.859022774381,5.4));
#4387 = CARTESIAN_POINT('',(7.916535769479,-1.719243678545,5.6));
#4388 = CARTESIAN_POINT('',(6.463668194698,2.551268473875,5.8));
#4389 = CARTESIAN_POINT('',(3.484882478027,4.740884712195,6.));
#4390 = CARTESIAN_POINT('',(2.481519742579,5.200791101031,4.));
#4391 = CARTESIAN_POINT('',(-0.786233680591,6.759975939635,4.2));
#4392 = CARTESIAN_POINT('',(-5.144894269399,6.039582527283,4.4));
#4393 = CARTESIAN_POINT('',(-8.781532961146,2.168037752925,4.6));
#4394 = CARTESIAN_POINT('',(-9.227950473847,-4.021366510479,4.8));
#4395 = CARTESIAN_POINT('',(-4.592365221229,-9.624719789903,5.));
#4396 = CARTESIAN_POINT('',(2.679505439732,-9.702922712108,5.2));
#4397 = CARTESIAN_POINT('',(7.209791795018,-5.462106838836,5.4));
#4398 = CARTESIAN_POINT('',(7.931369944884,-0.199662075426,5.6));
#4399 = CARTESIAN_POINT('',(5.749273165751,3.641606262425,5.8));
#4400 = CARTESIAN_POINT('',(2.481519742579,5.20079110103,6.));
#4401 = CARTESIAN_POINT('',(0.457155104386,5.604069327516,4.));
#4402 = CARTESIAN_POINT('',(-3.06398550152,5.891308351014,4.2));
#4403 = CARTESIAN_POINT('',(-6.788442410623,3.721087740243,4.4));
#4404 = CARTESIAN_POINT('',(-8.760435797063,-1.071921133942,4.6));
#4405 = CARTESIAN_POINT('',(-7.018580049488,-6.870907967163,4.8));
#4406 = CARTESIAN_POINT('',(-0.846023171207,-10.3710370043,5.));
#4407 = CARTESIAN_POINT('',(5.812200337139,-7.917586086971,5.2));
#4408 = CARTESIAN_POINT('',(8.470883598675,-2.477575696134,5.4));
#4409 = CARTESIAN_POINT('',(7.301777669019,2.571670119783,5.6));
#4410 = CARTESIAN_POINT('',(3.978295710294,5.316830304018,5.8));
#4411 = CARTESIAN_POINT('',(0.457155104386,5.604069327516,6.));
#4412 = CARTESIAN_POINT('',(-1.534187473954,5.1048738524,4.));
#4413 = CARTESIAN_POINT('',(-4.741674312393,4.140915432919,4.2));
#4414 = CARTESIAN_POINT('',(-7.278913016304,0.937416660433,4.4));
#4415 = CARTESIAN_POINT('',(-7.362339170644,-3.975308416943,4.6));
#4416 = CARTESIAN_POINT('',(-3.819652333272,-8.491884521869,4.8));
#4417 = CARTESIAN_POINT('',(2.839207392732,-9.447212825429,5.));
#4418 = CARTESIAN_POINT('',(7.868196526835,-4.979290119519,5.2));
#4419 = CARTESIAN_POINT('',(8.334060478401,0.741991250789,5.4));
#4420 = CARTESIAN_POINT('',(5.556188024639,4.794799195887,5.6));
#4421 = CARTESIAN_POINT('',(1.673299364488,6.068832271881,5.8));
#4422 = CARTESIAN_POINT('',(-1.534187473954,5.1048738524,6.));
#4423 = CARTESIAN_POINT('',(-2.412956286604,4.664964386211,4.));
#4424 = CARTESIAN_POINT('',(-5.344039855599,3.148859237525,4.2));
#4425 = CARTESIAN_POINT('',(-7.219265124594,-0.41430552884,4.4));
#4426 = CARTESIAN_POINT('',(-6.407728600479,-5.187007276852,4.6));
#4427 = CARTESIAN_POINT('',(-2.15657073826,-8.917440563554,4.8));
#4428 = CARTESIAN_POINT('',(4.465479899654,-8.63310488247,5.));
#4429 = CARTESIAN_POINT('',(8.524084702066,-3.392863620165,5.2));
#4430 = CARTESIAN_POINT('',(7.93604315014,2.232319293268,5.4));
#4431 = CARTESIAN_POINT('',(4.509778722645,5.652551095127,5.6));
#4432 = CARTESIAN_POINT('',(0.518127282393,6.181069534897,5.8));
#4433 = CARTESIAN_POINT('',(-2.412956286604,4.664964386211,6.));
#4434 = CARTESIAN_POINT('',(-3.172205956681,4.035424063087,4.));
#4435 = CARTESIAN_POINT('',(-5.707737674823,2.042268277251,4.2));
#4436 = CARTESIAN_POINT('',(-6.854120875518,-1.722242574813,4.4));
#4437 = CARTESIAN_POINT('',(-5.199431211036,-6.15490413455,4.6));
#4438 = CARTESIAN_POINT('',(-0.434103390532,-8.955967250575,4.8));
#4439 = CARTESIAN_POINT('',(5.87056716101,-7.468061124932,5.));
#4440 = CARTESIAN_POINT('',(8.805189861275,-1.693052466228,5.2));
#4441 = CARTESIAN_POINT('',(7.208638151503,3.598953434672,5.4));
#4442 = CARTESIAN_POINT('',(3.292080008257,6.253583107451,5.6));
#4443 = CARTESIAN_POINT('',(-0.636674238537,6.028579848925,5.8));
#4444 = CARTESIAN_POINT('',(-3.172205956681,4.035424063087,6.));
#4445 = CARTESIAN_POINT('',(-3.757161806253,3.256105283989,4.));
#4446 = CARTESIAN_POINT('',(-5.803033094151,0.895410898214,4.2));
#4447 = CARTESIAN_POINT('',(-6.202827399034,-2.895159990863,4.4));
#4448 = CARTESIAN_POINT('',(-3.816062374807,-6.807409583085,4.6));
#4449 = CARTESIAN_POINT('',(1.229855700551,-8.597342931861,4.8));
#4450 = CARTESIAN_POINT('',(6.953101727809,-6.025833446463,5.));
#4451 = CARTESIAN_POINT('',(8.684861942079,4.85579119146E-03,5.2));
#4452 = CARTESIAN_POINT('',(6.195767753537,4.745062615491,5.4));
#4453 = CARTESIAN_POINT('',(1.983944993059,6.551410640411,5.6));
#4454 = CARTESIAN_POINT('',(-1.711290518354,5.616799669764,5.8));
#4455 = CARTESIAN_POINT('',(-3.757161806253,3.256105283989,6.));
#4456 = CARTESIAN_POINT('',(-4.133652434855,2.386565346,4.));
#4457 = CARTESIAN_POINT('',(-5.633175666516,-0.210685078366,4.2));
#4458 = CARTESIAN_POINT('',(-5.321071289824,-3.856661309324,4.4));
#4459 = CARTESIAN_POINT('',(-2.360006807163,-7.110849888571,4.6));
#4460 = CARTESIAN_POINT('',(2.722039721381,-7.881031519534,4.8));
#4461 = CARTESIAN_POINT('',(7.649845114228,-4.416640135928,5.));
#4462 = CARTESIAN_POINT('',(8.18619336461,1.583160210902,5.2));
#4463 = CARTESIAN_POINT('',(4.978173242432,5.599250792416,5.4));
#4464 = CARTESIAN_POINT('',(0.67943102275,6.536513566989,5.6));
#4465 = CARTESIAN_POINT('',(-2.634129203193,4.983815770368,5.8));
#4466 = CARTESIAN_POINT('',(-4.133652434855,2.386565346,6.));
#4467 = DEFINITIONAL_REPRESENTATION('',(#4468),#4472);
#4468 = LINE('',#4469,#4470);
#4469 = CARTESIAN_POINT('',(0.,0.));
#4470 = VECTOR('',#4471,1.);
#4471 = DIRECTION('',(1.,0.));
#4472 = ( GEOMETRIC_REPRESENTATION_CONTEXT(2) 
PARAMETRIC_REPRESENTATION_CONTEXT() REPRESENTATION_CONTEXT('2D SPACE',''
  ) );
#4473 = ADVANCED_FACE('',(#4474),#3860,.T.);
#4474 = FACE_BOUND('',#4475,.T.);
#4475 = EDGE_LOOP('',(#4476,#4477,#4478,#4510));
#4476 = ORIENTED_EDGE('',*,*,#4292,.F.);
#4477 = ORIENTED_EDGE('',*,*,#3842,.T.);
#4478 = ORIENTED_EDGE('',*,*,#4479,.T.);
#4479 = EDGE_CURVE('',#3811,#4480,#4482,.T.);
#4480 = VERTEX_POINT('',#4481);
#4481 = CARTESIAN_POINT('',(-4.133652434855,-2.386565346,4.));
#4482 = SURFACE_CURVE('',#4483,(#4496,#4503),.PCURVE_S1.);
#4483 = ( BOUNDED_CURVE() B_SPLINE_CURVE(11,(#4484,#4485,#4486,#4487,
    #4488,#4489,#4490,#4491,#4492,#4493,#4494,#4495),.UNSPECIFIED.,.F.,
.F.) B_SPLINE_CURVE_WITH_KNOTS((12,12),(0.,2.),
.PIECEWISE_BEZIER_KNOTS.) CURVE() GEOMETRIC_REPRESENTATION_ITEM() 
RATIONAL_B_SPLINE_CURVE((1.013815801033,1.013815801033,1.013815801033,
    1.013815801033,1.013815801033,1.013815801033,1.013815801033,
    1.013815801033,1.013815801033,1.013815801033,1.013815801033,
1.013815801033)) REPRESENTATION_ITEM('') );
#4484 = CARTESIAN_POINT('',(-4.133652434855,-2.386565346,2.));
#4485 = CARTESIAN_POINT('',(-2.770449496982,-4.747702095424,
    2.181818181818));
#4486 = CARTESIAN_POINT('',(7.594629669105E-02,-6.252439517799,
    2.363636363636));
#4487 = CARTESIAN_POINT('',(3.81102105027,-5.863930088437,2.545454545454
    ));
#4488 = CARTESIAN_POINT('',(7.006560468971,-3.020901346774,
    2.727272727273));
#4489 = CARTESIAN_POINT('',(7.913660371367,1.654781467391,2.90909090909)
  );
#4490 = CARTESIAN_POINT('',(5.389912974143,6.026040184831,3.09090909091)
  );
#4491 = CARTESIAN_POINT('',(0.887102925865,7.578310032658,3.272727272727
    ));
#4492 = CARTESIAN_POINT('',(-3.172801897474,6.232406088121,
    3.454545454546));
#4493 = CARTESIAN_POINT('',(-5.376798309691,3.19199118115,3.636363636364
    ));
#4494 = CARTESIAN_POINT('',(-5.496855372729,-2.542859657427E-02,
    3.818181818182));
#4495 = CARTESIAN_POINT('',(-4.133652434855,-2.386565346,4.));
#4496 = PCURVE('',#3860,#4497);
#4497 = DEFINITIONAL_REPRESENTATION('',(#4498),#4502);
#4498 = LINE('',#4499,#4500);
#4499 = CARTESIAN_POINT('',(3.665191429188,0.));
#4500 = VECTOR('',#4501,1.);
#4501 = DIRECTION('',(0.,1.));
#4502 = ( GEOMETRIC_REPRESENTATION_CONTEXT(2) 
PARAMETRIC_REPRESENTATION_CONTEXT() REPRESENTATION_CONTEXT('2D SPACE',''
  ) );
#4503 = PCURVE('',#3980,#4504);
#4504 = DEFINITIONAL_REPRESENTATION('',(#4505),#4509);
#4505 = LINE('',#4506,#4507);
#4506 = CARTESIAN_POINT('',(0.,0.));
#4507 = VECTOR('',#4508,1.);
#4508 = DIRECTION('',(0.,1.));
#4509 = ( GEOMETRIC_REPRESENTATION_CONTEXT(2) 
PARAMETRIC_REPRESENTATION_CONTEXT() REPRESENTATION_CONTEXT('2D SPACE',''
  ) );
#4510 = ORIENTED_EDGE('',*,*,#4511,.F.);
#4511 = EDGE_CURVE('',#4293,#4480,#4512,.T.);
#4512 = SURFACE_CURVE('',#4513,(#4521,#4528),.PCURVE_S1.);
#4513 = ( BOUNDED_CURVE() B_SPLINE_CURVE(6,(#4514,#4515,#4516,#4517,
#4518,#4519,#4520),.UNSPECIFIED.,.F.,.F.) B_SPLINE_CURVE_WITH_KNOTS((7,7
),(2.617993877991,3.665191429188),.PIECEWISE_BEZIER_KNOTS.) CURVE() 
GEOMETRIC_REPRESENTATION_ITEM() RATIONAL_B_SPLINE_CURVE((1.013815801033,
    1.004520331021,0.999080478963,0.997285502839,0.999080478963,
1.004520331021,1.013815801033)) REPRESENTATION_ITEM('') );
#4514 = CARTESIAN_POINT('',(-4.133652434855,2.386565346,4.));
#4515 = CARTESIAN_POINT('',(-4.554040953329,1.658431073086,4.));
#4516 = CARTESIAN_POINT('',(-4.816376706691,0.849950910247,4.));
#4517 = CARTESIAN_POINT('',(-4.90556017208,2.021066074365E-13,4.));
#4518 = CARTESIAN_POINT('',(-4.816376706691,-0.849950910247,4.));
#4519 = CARTESIAN_POINT('',(-4.554040953329,-1.658431073085,4.));
#4520 = CARTESIAN_POINT('',(-4.133652434855,-2.386565346,4.));
#4521 = PCURVE('',#3860,#4522);
#4522 = DEFINITIONAL_REPRESENTATION('',(#4523),#4527);
#4523 = LINE('',#4524,#4525);
#4524 = CARTESIAN_POINT('',(0.,2.));
#4525 = VECTOR('',#4526,1.);
#4526 = DIRECTION('',(1.,0.));
#4527 = ( GEOMETRIC_REPRESENTATION_CONTEXT(2) 
PARAMETRIC_REPRESENTATION_CONTEXT() REPRESENTATION_CONTEXT('2D SPACE',''
  ) );
#4528 = PCURVE('',#4529,#4614);
#4529 = ( BOUNDED_SURFACE() B_SPLINE_SURFACE(6,11,(
    (#4530,#4531,#4532,#4533,#4534,#4535,#4536,#4537,#4538,#4539,#4540
      ,#4541)
    ,(#4542,#4543,#4544,#4545,#4546,#4547,#4548,#4549,#4550,#4551,#4552
      ,#4553)
    ,(#4554,#4555,#4556,#4557,#4558,#4559,#4560,#4561,#4562,#4563,#4564
      ,#4565)
    ,(#4566,#4567,#4568,#4569,#4570,#4571,#4572,#4573,#4574,#4575,#4576
      ,#4577)
    ,(#4578,#4579,#4580,#4581,#4582,#4583,#4584,#4585,#4586,#4587,#4588
      ,#4589)
    ,(#4590,#4591,#4592,#4593,#4594,#4595,#4596,#4597,#4598,#4599,#4600
      ,#4601)
    ,(#4602,#4603,#4604,#4605,#4606,#4607,#4608,#4609,#4610,#4611,#4612
,#4613
    )),.UNSPECIFIED.,.F.,.F.,.F.) B_SPLINE_SURFACE_WITH_KNOTS((7,7),(12,
    12),(2.617993877991,3.665191429188),(0.,2.),
.PIECEWISE_BEZIER_KNOTS.) GEOMETRIC_REPRESENTATION_ITEM() 
RATIONAL_B_SPLINE_SURFACE((
    (1.013815801033,1.013815801033,1.013815801033,1.013815801033
      ,1.013815801033,1.013815801033,1.013815801033,1.013815801033
      ,1.013815801033,1.013815801033,1.013815801033,1.013815801033)
    ,(1.004520331021,1.004520331021,1.004520331021,1.004520331021
      ,1.004520331021,1.004520331022,1.004520331021,1.004520331022
      ,1.004520331021,1.004520331021,1.004520331021,1.004520331021)
    ,(0.999080478963,0.999080478963,0.999080478963,0.999080478963
      ,0.999080478964,0.999080478963,0.999080478964,0.999080478963
      ,0.999080478963,0.999080478963,0.999080478963,0.999080478963)
    ,(0.997285502839,0.997285502839,0.997285502839,0.997285502839
      ,0.997285502839,0.997285502839,0.997285502839,0.997285502839
      ,0.997285502839,0.997285502839,0.997285502839,0.997285502839)
    ,(0.999080478963,0.999080478963,0.999080478963,0.999080478963
      ,0.999080478963,0.999080478963,0.999080478963,0.999080478964
      ,0.999080478963,0.999080478963,0.999080478963,0.999080478963)
    ,(1.004520331021,1.004520331021,1.004520331021,1.004520331021
      ,1.004520331021,1.004520331021,1.004520331021,1.004520331021
      ,1.004520331021,1.004520331021,1.004520331021,1.004520331021)
    ,(1.013815801033,1.013815801033,1.013815801033,1.013815801033
      ,1.013815801033,1.013815801033,1.013815801033,1.013815801033
      ,1.013815801033,1.013815801033,1.013815801033,1.013815801033
))) REPRESENTATION_ITEM('') SURFACE() );
#4530 = CARTESIAN_POINT('',(-4.133652434855,2.386565346,4.));
#4531 = CARTESIAN_POINT('',(-5.496855372729,2.542859657626E-02,
    4.181818181818));
#4532 = CARTESIAN_POINT('',(-5.376798309694,-3.191991181157,
    4.363636363636));
#4533 = CARTESIAN_POINT('',(-3.172801897467,-6.23240608811,
    4.545454545454));
#4534 = CARTESIAN_POINT('',(0.887102925853,-7.578310032667,
    4.727272727273));
#4535 = CARTESIAN_POINT('',(5.389912974156,-6.026040184831,4.90909090909
    ));
#4536 = CARTESIAN_POINT('',(7.91366037136,-1.65478146738,5.09090909091)
  );
#4537 = CARTESIAN_POINT('',(7.006560468969,3.020901346758,5.272727272727
    ));
#4538 = CARTESIAN_POINT('',(3.811021050276,5.863930088449,5.454545454546
    ));
#4539 = CARTESIAN_POINT('',(7.594629668709E-02,6.252439517793,
    5.636363636364));
#4540 = CARTESIAN_POINT('',(-2.770449496981,4.747702095425,
    5.818181818182));
#4541 = CARTESIAN_POINT('',(-4.133652434855,2.386565346,6.));
#4542 = CARTESIAN_POINT('',(-4.554040953329,1.658431073085,4.));
#4543 = CARTESIAN_POINT('',(-5.50133456709,-0.942831036573,
    4.181818181818));
#4544 = CARTESIAN_POINT('',(-4.814535706713,-4.139103012532,
    4.363636363637));
#4545 = CARTESIAN_POINT('',(-2.074976536725,-6.791288538705,
    4.545454545453));
#4546 = CARTESIAN_POINT('',(2.222006465163,-7.422048698636,
    4.727272727276));
#4547 = CARTESIAN_POINT('',(6.451387410544,-5.076618232603,
    4.909090909087));
#4548 = CARTESIAN_POINT('',(8.205146682704,-0.260806663886,
    5.090909090913));
#4549 = CARTESIAN_POINT('',(6.474434984219,4.255092390417,5.272727272724
    ));
#4550 = CARTESIAN_POINT('',(2.778101969957,6.535233514474,5.454545454547
    ));
#4551 = CARTESIAN_POINT('',(-1.025407910997,6.265817299884,
    5.636363636363));
#4552 = CARTESIAN_POINT('',(-3.606747339566,4.259693182746,
    5.818181818182));
#4553 = CARTESIAN_POINT('',(-4.554040953329,1.658431073086,6.));
#4554 = CARTESIAN_POINT('',(-4.816376706691,0.849950910247,4.));
#4555 = CARTESIAN_POINT('',(-5.301867531335,-1.901157031327,
    4.181818181818));
#4556 = CARTESIAN_POINT('',(-4.05914662145,-4.957174397068,
    4.363636363637));
#4557 = CARTESIAN_POINT('',(-0.871794157368,-7.112712990943,
    4.545454545454));
#4558 = CARTESIAN_POINT('',(3.509008994183,-6.986439002206,
    4.727272727274));
#4559 = CARTESIAN_POINT('',(7.30100878128,-3.914336467584,4.90909090909)
  );
#4560 = CARTESIAN_POINT('',(8.199815680111,1.178890163686,5.09090909091)
  );
#4561 = CARTESIAN_POINT('',(5.688391393118,5.363364374277,5.272727272727
    ));
#4562 = CARTESIAN_POINT('',(1.615423165799,6.981484021322,5.454545454546
    ));
#4563 = CARTESIAN_POINT('',(-2.117207235922,6.047121862295,
    5.636363636364));
#4564 = CARTESIAN_POINT('',(-4.330885882046,3.601058851823,
    5.818181818182));
#4565 = CARTESIAN_POINT('',(-4.816376706691,0.849950910247,6.));
#4566 = CARTESIAN_POINT('',(-4.90556017208,2.162655141956E-14,4.));
#4567 = CARTESIAN_POINT('',(-4.905560172081,-2.802049417881,
    4.181818181818));
#4568 = CARTESIAN_POINT('',(-3.145359814702,-5.604029827728,
    4.363636363636));
#4569 = CARTESIAN_POINT('',(0.378699286695,-7.177587606955,
    4.545454545454));
#4570 = CARTESIAN_POINT('',(4.683853005512,-6.289240570886,
    4.727272727273));
#4571 = CARTESIAN_POINT('',(7.893924389943,-2.593768223631,4.90909090909
    ));
#4572 = CARTESIAN_POINT('',(7.893924389942,2.59376822364,5.09090909091)
  );
#4573 = CARTESIAN_POINT('',(4.683853005513,6.289240570866,5.272727272727
    ));
#4574 = CARTESIAN_POINT('',(0.378699286695,7.177587606972,5.454545454546
    ));
#4575 = CARTESIAN_POINT('',(-3.145359814703,5.604029827719,
    5.636363636364));
#4576 = CARTESIAN_POINT('',(-4.90556017208,2.802049417883,5.818181818182
    ));
#4577 = CARTESIAN_POINT('',(-4.90556017208,2.033081231491E-13,6.));
#4578 = CARTESIAN_POINT('',(-4.816376706691,-0.849950910247,4.));
#4579 = CARTESIAN_POINT('',(-4.330885882047,-3.601058851821,
    4.181818181818));
#4580 = CARTESIAN_POINT('',(-2.11720723592,-6.047121862303,
    4.363636363636));
#4581 = CARTESIAN_POINT('',(1.615423165797,-6.981484021305,
    4.545454545455));
#4582 = CARTESIAN_POINT('',(5.68839139312,-5.363364374297,4.727272727273
    ));
#4583 = CARTESIAN_POINT('',(8.199815680113,-1.178890163675,
    4.909090909091));
#4584 = CARTESIAN_POINT('',(7.301008781276,3.914336467589,5.09090909091)
  );
#4585 = CARTESIAN_POINT('',(3.509008994187,6.98643900219,5.272727272727)
  );
#4586 = CARTESIAN_POINT('',(-0.87179415737,7.112712990958,5.454545454546
    ));
#4587 = CARTESIAN_POINT('',(-4.059146621449,4.95717439706,5.636363636363
    ));
#4588 = CARTESIAN_POINT('',(-5.301867531336,1.901157031329,
    5.818181818182));
#4589 = CARTESIAN_POINT('',(-4.816376706691,-0.849950910247,6.));
#4590 = CARTESIAN_POINT('',(-4.554040953329,-1.658431073085,4.));
#4591 = CARTESIAN_POINT('',(-3.606747339567,-4.259693182743,
    4.181818181818));
#4592 = CARTESIAN_POINT('',(-1.025407910995,-6.265817299893,
    4.363636363636));
#4593 = CARTESIAN_POINT('',(2.778101969953,-6.535233514456,
    4.545454545454));
#4594 = CARTESIAN_POINT('',(6.474434984222,-4.255092390438,
    4.727272727273));
#4595 = CARTESIAN_POINT('',(8.205146682706,0.260806663897,4.90909090909)
  );
#4596 = CARTESIAN_POINT('',(6.451387410536,5.07661823261,5.09090909091)
  );
#4597 = CARTESIAN_POINT('',(2.222006465174,7.422048698618,5.272727272727
    ));
#4598 = CARTESIAN_POINT('',(-2.074976536734,6.791288538721,
    5.454545454546));
#4599 = CARTESIAN_POINT('',(-4.814535706709,4.139103012524,
    5.636363636363));
#4600 = CARTESIAN_POINT('',(-5.501334567091,0.942831036575,
    5.818181818182));
#4601 = CARTESIAN_POINT('',(-4.554040953329,-1.658431073085,6.));
#4602 = CARTESIAN_POINT('',(-4.133652434855,-2.386565346,4.));
#4603 = CARTESIAN_POINT('',(-2.770449496982,-4.747702095424,
    4.181818181818));
#4604 = CARTESIAN_POINT('',(7.594629669105E-02,-6.252439517799,
    4.363636363636));
#4605 = CARTESIAN_POINT('',(3.81102105027,-5.863930088437,4.545454545454
    ));
#4606 = CARTESIAN_POINT('',(7.006560468971,-3.020901346774,
    4.727272727273));
#4607 = CARTESIAN_POINT('',(7.913660371367,1.654781467391,4.90909090909)
  );
#4608 = CARTESIAN_POINT('',(5.389912974143,6.026040184831,5.09090909091)
  );
#4609 = CARTESIAN_POINT('',(0.887102925865,7.578310032658,5.272727272727
    ));
#4610 = CARTESIAN_POINT('',(-3.172801897474,6.232406088121,
    5.454545454546));
#4611 = CARTESIAN_POINT('',(-5.376798309691,3.19199118115,5.636363636364
    ));
#4612 = CARTESIAN_POINT('',(-5.496855372729,-2.542859657426E-02,
    5.818181818182));
#4613 = CARTESIAN_POINT('',(-4.133652434855,-2.386565346,6.));
#4614 = DEFINITIONAL_REPRESENTATION('',(#4615),#4619);
#4615 = LINE('',#4616,#4617);
#4616 = CARTESIAN_POINT('',(0.,0.));
#4617 = VECTOR('',#4618,1.);
#4618 = DIRECTION('',(1.,0.));
#4619 = ( GEOMETRIC_REPRESENTATION_CONTEXT(2) 
PARAMETRIC_REPRESENTATION_CONTEXT() REPRESENTATION_CONTEXT('2D SPACE',''
  ) );
#4620 = ADVANCED_FACE('',(#4621),#3980,.T.);
#4621 = FACE_BOUND('',#4622,.T.);
#4622 = EDGE_LOOP('',(#4623,#4624,#4625,#4626));
#4623 = ORIENTED_EDGE('',*,*,#4479,.F.);
#4624 = ORIENTED_EDGE('',*,*,#3958,.T.);
#4625 = ORIENTED_EDGE('',*,*,#4112,.T.);
#4626 = ORIENTED_EDGE('',*,*,#4627,.F.);
#4627 = EDGE_CURVE('',#4480,#4113,#4628,.T.);
#4628 = SURFACE_CURVE('',#4629,(#4641,#4648),.PCURVE_S1.);
#4629 = B_SPLINE_CURVE_WITH_KNOTS('',6,(#4630,#4631,#4632,#4633,#4634,
    #4635,#4636,#4637,#4638,#4639,#4640),.UNSPECIFIED.,.F.,.F.,(7,4,7),(
    0.,0.471825918402,1.),.UNSPECIFIED.);
#4630 = CARTESIAN_POINT('',(-4.133652434855,-2.386565346,4.));
#4631 = CARTESIAN_POINT('',(-3.757161806254,-3.256105283988,4.));
#4632 = CARTESIAN_POINT('',(-3.172205956681,-4.035424063087,4.));
#4633 = CARTESIAN_POINT('',(-2.412956286605,-4.664964386211,4.));
#4634 = CARTESIAN_POINT('',(-1.534187473954,-5.1048738524,4.));
#4635 = CARTESIAN_POINT('',(0.457155104386,-5.604069327516,4.));
#4636 = CARTESIAN_POINT('',(2.481519742579,-5.200791101031,4.));
#4637 = CARTESIAN_POINT('',(3.484882478027,-4.740884712195,4.));
#4638 = CARTESIAN_POINT('',(4.355529417517,-4.06829304611,4.));
#4639 = CARTESIAN_POINT('',(5.049395722064,-3.234825384571,4.));
#4640 = CARTESIAN_POINT('',(5.543277195068,-2.296100594191,4.));
#4641 = PCURVE('',#3980,#4642);
#4642 = DEFINITIONAL_REPRESENTATION('',(#4643),#4647);
#4643 = LINE('',#4644,#4645);
#4644 = CARTESIAN_POINT('',(0.,2.));
#4645 = VECTOR('',#4646,1.);
#4646 = DIRECTION('',(1.,0.));
#4647 = ( GEOMETRIC_REPRESENTATION_CONTEXT(2) 
PARAMETRIC_REPRESENTATION_CONTEXT() REPRESENTATION_CONTEXT('2D SPACE',''
  ) );
#4648 = PCURVE('',#4649,#4771);
#4649 = B_SPLINE_SURFACE_WITH_KNOTS('',6,10,(
    (#4650,#4651,#4652,#4653,#4654,#4655,#4656,#4657,#4658,#4659,#4660)
    ,(#4661,#4662,#4663,#4664,#4665,#4666,#4667,#4668,#4669,#4670,#4671)
    ,(#4672,#4673,#4674,#4675,#4676,#4677,#4678,#4679,#4680,#4681,#4682)
    ,(#4683,#4684,#4685,#4686,#4687,#4688,#4689,#4690,#4691,#4692,#4693)
    ,(#4694,#4695,#4696,#4697,#4698,#4699,#4700,#4701,#4702,#4703,#4704)
    ,(#4705,#4706,#4707,#4708,#4709,#4710,#4711,#4712,#4713,#4714,#4715)
    ,(#4716,#4717,#4718,#4719,#4720,#4721,#4722,#4723,#4724,#4725,#4726)
    ,(#4727,#4728,#4729,#4730,#4731,#4732,#4733,#4734,#4735,#4736,#4737)
    ,(#4738,#4739,#4740,#4741,#4742,#4743,#4744,#4745,#4746,#4747,#4748)
    ,(#4749,#4750,#4751,#4752,#4753,#4754,#4755,#4756,#4757,#4758,#4759)
    ,(#4760,#4761,#4762,#4763,#4764,#4765,#4766,#4767,#4768,#4769,#4770
    )),.UNSPECIFIED.,.F.,.F.,.F.,(7,4,7),(11,11),(0.,0.471825918402,1.),
  (0.,2.),.UNSPECIFIED.);
#4650 = CARTESIAN_POINT('',(-4.133652434855,-2.386565346,4.));
#4651 = CARTESIAN_POINT('',(-2.634129203194,-4.983815770366,4.2));
#4652 = CARTESIAN_POINT('',(0.679431022755,-6.536513566998,4.4));
#4653 = CARTESIAN_POINT('',(4.978173242419,-5.599250792393,4.6));
#4654 = CARTESIAN_POINT('',(8.186193364632,-1.58316021094,4.8));
#4655 = CARTESIAN_POINT('',(7.649845114203,4.416640135972,5.));
#4656 = CARTESIAN_POINT('',(2.722039721403,7.881031519497,5.2));
#4657 = CARTESIAN_POINT('',(-2.360006807176,7.110849888593,5.4));
#4658 = CARTESIAN_POINT('',(-5.321071289819,3.856661309315,5.6));
#4659 = CARTESIAN_POINT('',(-5.633175666517,0.210685078368,5.8));
#4660 = CARTESIAN_POINT('',(-4.133652434855,-2.386565346,6.));
#4661 = CARTESIAN_POINT('',(-3.757161806253,-3.256105283989,4.));
#4662 = CARTESIAN_POINT('',(-1.711290518355,-5.616799669763,4.2));
#4663 = CARTESIAN_POINT('',(1.983944993066,-6.551410640419,4.4));
#4664 = CARTESIAN_POINT('',(6.19576775352,-4.74506261547,4.6));
#4665 = CARTESIAN_POINT('',(8.684861942108,-4.855791226023E-03,4.8));
#4666 = CARTESIAN_POINT('',(6.953101727775,6.025833446504,5.));
#4667 = CARTESIAN_POINT('',(1.22985570058,8.597342931826,5.2));
#4668 = CARTESIAN_POINT('',(-3.816062374824,6.807409583105,5.4));
#4669 = CARTESIAN_POINT('',(-6.202827399027,2.895159990855,5.6));
#4670 = CARTESIAN_POINT('',(-5.803033094153,-0.895410898212,5.8));
#4671 = CARTESIAN_POINT('',(-3.757161806254,-3.256105283988,6.));
#4672 = CARTESIAN_POINT('',(-3.172205956681,-4.035424063087,4.));
#4673 = CARTESIAN_POINT('',(-0.636674238539,-6.028579848923,4.2));
#4674 = CARTESIAN_POINT('',(3.292080008266,-6.253583107458,4.4));
#4675 = CARTESIAN_POINT('',(7.208638151481,-3.598953434654,4.6));
#4676 = CARTESIAN_POINT('',(8.805189861312,1.693052466198,4.8));
#4677 = CARTESIAN_POINT('',(5.870567160966,7.468061124966,5.));
#4678 = CARTESIAN_POINT('',(-0.434103390495,8.955967250546,5.2));
#4679 = CARTESIAN_POINT('',(-5.199431211058,6.154904134568,5.4));
#4680 = CARTESIAN_POINT('',(-6.854120875509,1.722242574806,5.6));
#4681 = CARTESIAN_POINT('',(-5.707737674825,-2.042268277249,5.8));
#4682 = CARTESIAN_POINT('',(-3.172205956681,-4.035424063087,6.));
#4683 = CARTESIAN_POINT('',(-2.412956286604,-4.664964386211,4.));
#4684 = CARTESIAN_POINT('',(0.51812728239,-6.181069534896,4.2));
#4685 = CARTESIAN_POINT('',(4.509778722655,-5.652551095133,4.4));
#4686 = CARTESIAN_POINT('',(7.936043150115,-2.232319293254,4.6));
#4687 = CARTESIAN_POINT('',(8.524084702109,3.392863620142,4.8));
#4688 = CARTESIAN_POINT('',(4.465479899604,8.633104882497,5.));
#4689 = CARTESIAN_POINT('',(-2.156570738218,8.917440563531,5.2));
#4690 = CARTESIAN_POINT('',(-6.407728600504,5.187007276866,5.4));
#4691 = CARTESIAN_POINT('',(-7.219265124584,0.414305528834,5.6));
#4692 = CARTESIAN_POINT('',(-5.344039855601,-3.148859237524,5.8));
#4693 = CARTESIAN_POINT('',(-2.412956286605,-4.664964386211,6.));
#4694 = CARTESIAN_POINT('',(-1.534187473954,-5.1048738524,4.));
#4695 = CARTESIAN_POINT('',(1.673299364486,-6.06883227188,4.2));
#4696 = CARTESIAN_POINT('',(5.556188024651,-4.794799195891,4.4));
#4697 = CARTESIAN_POINT('',(8.334060478373,-0.74199125078,4.6));
#4698 = CARTESIAN_POINT('',(7.868196526882,4.979290119505,4.8));
#4699 = CARTESIAN_POINT('',(2.839207392677,9.447212825445,5.));
#4700 = CARTESIAN_POINT('',(-3.819652333226,8.491884521855,5.2));
#4701 = CARTESIAN_POINT('',(-7.362339170672,3.975308416951,5.4));
#4702 = CARTESIAN_POINT('',(-7.278913016293,-0.937416660436,5.6));
#4703 = CARTESIAN_POINT('',(-4.741674312395,-4.140915432919,5.8));
#4704 = CARTESIAN_POINT('',(-1.534187473954,-5.1048738524,6.));
#4705 = CARTESIAN_POINT('',(0.457155104386,-5.604069327516,4.));
#4706 = CARTESIAN_POINT('',(3.978295710291,-5.316830304018,4.2));
#4707 = CARTESIAN_POINT('',(7.301777669031,-2.571670119781,4.4));
#4708 = CARTESIAN_POINT('',(8.470883598645,2.477575696131,4.6));
#4709 = CARTESIAN_POINT('',(5.81220033719,7.917586086976,4.8));
#4710 = CARTESIAN_POINT('',(-0.846023171267,10.371037004302,5.));
#4711 = CARTESIAN_POINT('',(-7.018580049437,6.870907967168,5.2));
#4712 = CARTESIAN_POINT('',(-8.760435797093,1.071921133939,5.4));
#4713 = CARTESIAN_POINT('',(-6.788442410611,-3.721087740242,5.6));
#4714 = CARTESIAN_POINT('',(-3.063985501522,-5.891308351014,5.8));
#4715 = CARTESIAN_POINT('',(0.457155104386,-5.604069327516,6.));
#4716 = CARTESIAN_POINT('',(2.481519742579,-5.200791101031,4.));
#4717 = CARTESIAN_POINT('',(5.749273165748,-3.641606262426,4.2));
#4718 = CARTESIAN_POINT('',(7.931369944896,0.199662075431,4.4));
#4719 = CARTESIAN_POINT('',(7.209791794989,5.462106838822,4.6));
#4720 = CARTESIAN_POINT('',(2.67950543978,9.702922712131,4.8));
#4721 = CARTESIAN_POINT('',(-4.592365221286,9.624719789876,5.));
#4722 = CARTESIAN_POINT('',(-9.2279504738,4.021366510502,5.2));
#4723 = CARTESIAN_POINT('',(-8.781532961175,-2.168037752939,5.4));
#4724 = CARTESIAN_POINT('',(-5.144894269388,-6.039582527278,5.6));
#4725 = CARTESIAN_POINT('',(-0.786233680593,-6.759975939636,5.8));
#4726 = CARTESIAN_POINT('',(2.481519742579,-5.200791101031,6.));
#4727 = CARTESIAN_POINT('',(3.484882478027,-4.740884712195,4.));
#4728 = CARTESIAN_POINT('',(6.463668194696,-2.551268473877,4.2));
#4729 = CARTESIAN_POINT('',(7.91653576949,1.719243678552,4.4));
#4730 = CARTESIAN_POINT('',(6.184980532337,6.859022774362,4.6));
#4731 = CARTESIAN_POINT('',(0.829137384992,10.244725789061,4.8));
#4732 = CARTESIAN_POINT('',(-6.44921449454,8.773605019802,5.));
#4733 = CARTESIAN_POINT('',(-10.02534121358,2.265923398231,5.2));
#4734 = CARTESIAN_POINT('',(-8.392230048033,-3.856248491226,5.4));
#4735 = CARTESIAN_POINT('',(-4.003393314729,-7.042739480006,5.6));
#4736 = CARTESIAN_POINT('',(0.506096761356,-6.930500950514,5.8));
#4737 = CARTESIAN_POINT('',(3.484882478027,-4.740884712195,6.));
#4738 = CARTESIAN_POINT('',(4.355529417517,-4.068293046109,4.));
#4739 = CARTESIAN_POINT('',(6.911713326778,-1.331633201997,4.2));
#4740 = CARTESIAN_POINT('',(7.559813359983,3.191393871396,4.4));
#4741 = CARTESIAN_POINT('',(4.875217972749,7.984547172018,4.6));
#4742 = CARTESIAN_POINT('',(-1.089596287677,10.35397335084,4.8));
#4743 = CARTESIAN_POINT('',(-8.060456450947,7.528889323027,5.));
#4744 = CARTESIAN_POINT('',(-10.40414462253,0.381783829691,5.2));
#4745 = CARTESIAN_POINT('',(-7.633916510789,-5.407777966121,5.4));
#4746 = CARTESIAN_POINT('',(-2.669029471547,-7.759642682495,5.6));
#4747 = CARTESIAN_POINT('',(1.799345508254,-6.804952890223,5.8));
#4748 = CARTESIAN_POINT('',(4.355529417517,-4.06829304611,6.));
#4749 = CARTESIAN_POINT('',(5.049395722064,-3.23482538457,4.));
#4750 = CARTESIAN_POINT('',(7.081896454826,-6.219648347067E-02,4.2));
#4751 = CARTESIAN_POINT('',(6.901594331322,4.531628818294,4.4));
#4752 = CARTESIAN_POINT('',(3.374110228788,8.787342476919,4.6));
#4753 = CARTESIAN_POINT('',(-2.959244664515,10.048580502755,4.8));
#4754 = CARTESIAN_POINT('',(-9.344543549075,5.986452309032,5.));
#4755 = CARTESIAN_POINT('',(-10.36552957514,-1.512248567803,5.2));
#4756 = CARTESIAN_POINT('',(-6.572288741918,-6.738473739369,5.4));
#4757 = CARTESIAN_POINT('',(-1.231674356846,-8.163984464673,5.6));
#4758 = CARTESIAN_POINT('',(3.0168949893,-6.407454285673,5.8));
#4759 = CARTESIAN_POINT('',(5.049395722064,-3.234825384571,6.));
#4760 = CARTESIAN_POINT('',(5.543277195068,-2.296100594191,4.));
#4761 = CARTESIAN_POINT('',(6.98595974679,1.186843188376,4.2));
#4762 = CARTESIAN_POINT('',(5.998771598578,5.679550596115,4.4));
#4763 = CARTESIAN_POINT('',(1.774513903085,9.249348604482,4.6));
#4764 = CARTESIAN_POINT('',(-4.68552013731,9.375369589141,4.8));
#4765 = CARTESIAN_POINT('',(-10.25853349689,4.249223704438,5.));
#4766 = CARTESIAN_POINT('',(-9.94255047507,-3.316224350084,5.2));
#4767 = CARTESIAN_POINT('',(-5.285506305619,-7.795047933998,5.4));
#4768 = CARTESIAN_POINT('',(0.225723335543,-8.257820816737,5.6));
#4769 = CARTESIAN_POINT('',(4.100594643344,-5.779044376759,5.8));
#4770 = CARTESIAN_POINT('',(5.543277195068,-2.296100594191,6.));
#4771 = DEFINITIONAL_REPRESENTATION('',(#4772),#4776);
#4772 = LINE('',#4773,#4774);
#4773 = CARTESIAN_POINT('',(0.,0.));
#4774 = VECTOR('',#4775,1.);
#4775 = DIRECTION('',(1.,0.));
#4776 = ( GEOMETRIC_REPRESENTATION_CONTEXT(2) 
PARAMETRIC_REPRESENTATION_CONTEXT() REPRESENTATION_CONTEXT('2D SPACE',''
  ) );
#4777 = ADVANCED_FACE('',(#4778),#4195,.T.);
#4778 = FACE_BOUND('',#4779,.T.);
#4779 = EDGE_LOOP('',(#4780,#4812,#4813,#4845));
#4780 = ORIENTED_EDGE('',*,*,#4781,.F.);
#4781 = EDGE_CURVE('',#4113,#4782,#4784,.T.);
#4782 = VERTEX_POINT('',#4783);
#4783 = CARTESIAN_POINT('',(5.543277195068,-2.296100594191,6.));
#4784 = SURFACE_CURVE('',#4785,(#4798,#4805),.PCURVE_S1.);
#4785 = ( BOUNDED_CURVE() B_SPLINE_CURVE(11,(#4786,#4787,#4788,#4789,
    #4790,#4791,#4792,#4793,#4794,#4795,#4796,#4797),.UNSPECIFIED.,.F.,
.F.) B_SPLINE_CURVE_WITH_KNOTS((12,12),(0.,2.),
.PIECEWISE_BEZIER_KNOTS.) CURVE() GEOMETRIC_REPRESENTATION_ITEM() 
RATIONAL_B_SPLINE_CURVE((1.007744716361,1.007744716361,1.007744716361,
    1.007744716361,1.007744716361,1.007744716361,1.007744716361,
    1.007744716361,1.007744716361,1.007744716361,1.007744716361,
1.007744716361)) REPRESENTATION_ITEM('') );
#4786 = CARTESIAN_POINT('',(5.543277195068,-2.296100594191,4.));
#4787 = CARTESIAN_POINT('',(6.854806787542,0.870211935415,4.181818181818
    ));
#4788 = CARTESIAN_POINT('',(6.177279757141,4.860327336466,4.363636363636
    ));
#4789 = CARTESIAN_POINT('',(2.931617908043,8.287919815117,4.545454545455
    ));
#4790 = CARTESIAN_POINT('',(-2.349001160816,9.299162562427,
    4.727272727271));
#4791 = CARTESIAN_POINT('',(-7.706083905783,6.625791874,4.909090909093)
  );
#4792 = CARTESIAN_POINT('',(-10.13416655099,0.763881821322,
    5.090909090907));
#4793 = CARTESIAN_POINT('',(-8.236495557076,-4.914506257398,
    5.272727272729));
#4794 = CARTESIAN_POINT('',(-3.787477400579,-7.933411205843,
    5.454545454545));
#4795 = CARTESIAN_POINT('',(0.931225987163,-7.804766823953,
    5.636363636364));
#4796 = CARTESIAN_POINT('',(4.231747602592,-5.462413123799,
    5.818181818182));
#4797 = CARTESIAN_POINT('',(5.543277195068,-2.296100594191,6.));
#4798 = PCURVE('',#4195,#4799);
#4799 = DEFINITIONAL_REPRESENTATION('',(#4800),#4804);
#4800 = LINE('',#4801,#4802);
#4801 = CARTESIAN_POINT('',(5.890486225481,0.));
#4802 = VECTOR('',#4803,1.);
#4803 = DIRECTION('',(0.,1.));
#4804 = ( GEOMETRIC_REPRESENTATION_CONTEXT(2) 
PARAMETRIC_REPRESENTATION_CONTEXT() REPRESENTATION_CONTEXT('2D SPACE',''
  ) );
#4805 = PCURVE('',#4649,#4806);
#4806 = DEFINITIONAL_REPRESENTATION('',(#4807),#4811);
#4807 = LINE('',#4808,#4809);
#4808 = CARTESIAN_POINT('',(1.,0.));
#4809 = VECTOR('',#4810,1.);
#4810 = DIRECTION('',(0.,1.));
#4811 = ( GEOMETRIC_REPRESENTATION_CONTEXT(2) 
PARAMETRIC_REPRESENTATION_CONTEXT() REPRESENTATION_CONTEXT('2D SPACE',''
  ) );
#4812 = ORIENTED_EDGE('',*,*,#4177,.T.);
#4813 = ORIENTED_EDGE('',*,*,#4814,.T.);
#4814 = EDGE_CURVE('',#4146,#4815,#4817,.T.);
#4815 = VERTEX_POINT('',#4816);
#4816 = CARTESIAN_POINT('',(5.543277195068,2.29610059419,6.));
#4817 = SURFACE_CURVE('',#4818,(#4831,#4838),.PCURVE_S1.);
#4818 = ( BOUNDED_CURVE() B_SPLINE_CURVE(11,(#4819,#4820,#4821,#4822,
    #4823,#4824,#4825,#4826,#4827,#4828,#4829,#4830),.UNSPECIFIED.,.F.,
.F.) B_SPLINE_CURVE_WITH_KNOTS((12,12),(0.,2.),
.PIECEWISE_BEZIER_KNOTS.) CURVE() GEOMETRIC_REPRESENTATION_ITEM() 
RATIONAL_B_SPLINE_CURVE((1.007744716361,1.007744716361,1.007744716361,
    1.007744716361,1.007744716361,1.007744716361,1.007744716361,
    1.007744716361,1.007744716361,1.007744716361,1.007744716361,
1.007744716361)) REPRESENTATION_ITEM('') );
#4819 = CARTESIAN_POINT('',(5.543277195068,2.296100594191,4.));
#4820 = CARTESIAN_POINT('',(4.231747602593,5.462413123796,4.181818181818
    ));
#4821 = CARTESIAN_POINT('',(0.93122598716,7.804766823962,4.363636363636)
  );
#4822 = CARTESIAN_POINT('',(-3.787477400575,7.933411205825,
    4.545454545455));
#4823 = CARTESIAN_POINT('',(-8.236495557075,4.914506257419,
    4.727272727271));
#4824 = CARTESIAN_POINT('',(-10.13416655101,-0.763881821334,
    4.909090909093));
#4825 = CARTESIAN_POINT('',(-7.706083905766,-6.625791874005,
    5.090909090907));
#4826 = CARTESIAN_POINT('',(-2.349001160833,-9.29916256241,
    5.272727272729));
#4827 = CARTESIAN_POINT('',(2.931617908054,-8.287919815134,
    5.454545454545));
#4828 = CARTESIAN_POINT('',(6.177279757137,-4.860327336457,
    5.636363636364));
#4829 = CARTESIAN_POINT('',(6.854806787543,-0.870211935418,
    5.818181818182));
#4830 = CARTESIAN_POINT('',(5.543277195068,2.29610059419,6.));
#4831 = PCURVE('',#4195,#4832);
#4832 = DEFINITIONAL_REPRESENTATION('',(#4833),#4837);
#4833 = LINE('',#4834,#4835);
#4834 = CARTESIAN_POINT('',(6.675884388878,0.));
#4835 = VECTOR('',#4836,1.);
#4836 = DIRECTION('',(0.,1.));
#4837 = ( GEOMETRIC_REPRESENTATION_CONTEXT(2) 
PARAMETRIC_REPRESENTATION_CONTEXT() REPRESENTATION_CONTEXT('2D SPACE',''
  ) );
#4838 = PCURVE('',#4345,#4839);
#4839 = DEFINITIONAL_REPRESENTATION('',(#4840),#4844);
#4840 = LINE('',#4841,#4842);
#4841 = CARTESIAN_POINT('',(0.,0.));
#4842 = VECTOR('',#4843,1.);
#4843 = DIRECTION('',(0.,1.));
#4844 = ( GEOMETRIC_REPRESENTATION_CONTEXT(2) 
PARAMETRIC_REPRESENTATION_CONTEXT() REPRESENTATION_CONTEXT('2D SPACE',''
  ) );
#4845 = ORIENTED_EDGE('',*,*,#4846,.F.);
#4846 = EDGE_CURVE('',#4782,#4815,#4847,.T.);
#4847 = SURFACE_CURVE('',#4848,(#4856,#4863),.PCURVE_S1.);
#4848 = ( BOUNDED_CURVE() B_SPLINE_CURVE(6,(#4849,#4850,#4851,#4852,
#4853,#4854,#4855),.UNSPECIFIED.,.F.,.F.) B_SPLINE_CURVE_WITH_KNOTS((7,7
),(5.890486225481,6.675884388878),.PIECEWISE_BEZIER_KNOTS.) CURVE() 
GEOMETRIC_REPRESENTATION_ITEM() RATIONAL_B_SPLINE_CURVE((1.007744716361,
    1.002554895352,0.999483957836,0.998466654399,0.999483957836,
1.002554895352,1.007744716361)) REPRESENTATION_ITEM('') );
#4849 = CARTESIAN_POINT('',(5.543277195068,-2.296100594191,6.));
#4850 = CARTESIAN_POINT('',(5.845391909743,-1.56673115263,6.));
#4851 = CARTESIAN_POINT('',(6.030696573177,-0.794320187759,6.));
#4852 = CARTESIAN_POINT('',(6.093149589838,-2.602516721177E-13,6.));
#4853 = CARTESIAN_POINT('',(6.030696573177,0.794320187759,6.));
#4854 = CARTESIAN_POINT('',(5.845391909743,1.56673115263,6.));
#4855 = CARTESIAN_POINT('',(5.543277195068,2.29610059419,6.));
#4856 = PCURVE('',#4195,#4857);
#4857 = DEFINITIONAL_REPRESENTATION('',(#4858),#4862);
#4858 = LINE('',#4859,#4860);
#4859 = CARTESIAN_POINT('',(0.,2.));
#4860 = VECTOR('',#4861,1.);
#4861 = DIRECTION('',(1.,0.));
#4862 = ( GEOMETRIC_REPRESENTATION_CONTEXT(2) 
PARAMETRIC_REPRESENTATION_CONTEXT() REPRESENTATION_CONTEXT('2D SPACE',''
  ) );
#4863 = PCURVE('',#4864,#4949);
#4864 = ( BOUNDED_SURFACE() B_SPLINE_SURFACE(6,11,(
    (#4865,#4866,#4867,#4868,#4869,#4870,#4871,#4872,#4873,#4874,#4875
      ,#4876)
    ,(#4877,#4878,#4879,#4880,#4881,#4882,#4883,#4884,#4885,#4886,#4887
      ,#4888)
    ,(#4889,#4890,#4891,#4892,#4893,#4894,#4895,#4896,#4897,#4898,#4899
      ,#4900)
    ,(#4901,#4902,#4903,#4904,#4905,#4906,#4907,#4908,#4909,#4910,#4911
      ,#4912)
    ,(#4913,#4914,#4915,#4916,#4917,#4918,#4919,#4920,#4921,#4922,#4923
      ,#4924)
    ,(#4925,#4926,#4927,#4928,#4929,#4930,#4931,#4932,#4933,#4934,#4935
      ,#4936)
    ,(#4937,#4938,#4939,#4940,#4941,#4942,#4943,#4944,#4945,#4946,#4947
,#4948
    )),.UNSPECIFIED.,.F.,.F.,.F.) B_SPLINE_SURFACE_WITH_KNOTS((7,7),(12,
    12),(5.890486225481,6.675884388878),(0.,2.),
.PIECEWISE_BEZIER_KNOTS.) GEOMETRIC_REPRESENTATION_ITEM() 
RATIONAL_B_SPLINE_SURFACE((
    (1.007744716361,1.007744716361,1.007744716361,1.007744716361
      ,1.007744716361,1.007744716361,1.007744716361,1.007744716361
      ,1.007744716361,1.007744716361,1.007744716361,1.007744716361)
    ,(1.002554895352,1.002554895352,1.002554895352,1.002554895352
      ,1.002554895352,1.002554895353,1.002554895352,1.002554895353
      ,1.002554895352,1.002554895352,1.002554895352,1.002554895352)
    ,(0.999483957836,0.999483957836,0.999483957836,0.999483957835
      ,0.999483957836,0.999483957835,0.999483957836,0.999483957835
      ,0.999483957836,0.999483957836,0.999483957836,0.999483957836)
    ,(0.998466654399,0.998466654399,0.998466654399,0.998466654399
      ,0.998466654399,0.998466654399,0.998466654399,0.998466654399
      ,0.998466654399,0.998466654399,0.998466654399,0.998466654399)
    ,(0.999483957836,0.999483957836,0.999483957836,0.999483957835
      ,0.999483957836,0.999483957835,0.999483957836,0.999483957835
      ,0.999483957836,0.999483957836,0.999483957836,0.999483957836)
    ,(1.002554895352,1.002554895352,1.002554895352,1.002554895352
      ,1.002554895353,1.002554895352,1.002554895353,1.002554895352
      ,1.002554895353,1.002554895352,1.002554895352,1.002554895352)
    ,(1.007744716361,1.007744716361,1.007744716361,1.007744716361
      ,1.007744716361,1.007744716361,1.007744716361,1.007744716361
      ,1.007744716361,1.007744716361,1.007744716361,1.007744716361
))) REPRESENTATION_ITEM('') SURFACE() );
#4865 = CARTESIAN_POINT('',(5.543277195068,-2.296100594191,6.));
#4866 = CARTESIAN_POINT('',(6.854806787542,0.870211935415,6.181818181818
    ));
#4867 = CARTESIAN_POINT('',(6.177279757141,4.860327336466,6.363636363636
    ));
#4868 = CARTESIAN_POINT('',(2.931617908043,8.287919815117,6.545454545455
    ));
#4869 = CARTESIAN_POINT('',(-2.349001160816,9.299162562427,
    6.727272727271));
#4870 = CARTESIAN_POINT('',(-7.706083905783,6.625791874,6.909090909093)
  );
#4871 = CARTESIAN_POINT('',(-10.13416655099,0.763881821322,
    7.090909090907));
#4872 = CARTESIAN_POINT('',(-8.236495557076,-4.914506257398,
    7.272727272729));
#4873 = CARTESIAN_POINT('',(-3.787477400579,-7.933411205843,
    7.454545454545));
#4874 = CARTESIAN_POINT('',(0.931225987163,-7.804766823953,
    7.636363636364));
#4875 = CARTESIAN_POINT('',(4.231747602592,-5.462413123799,
    7.818181818182));
#4876 = CARTESIAN_POINT('',(5.543277195068,-2.296100594191,8.));
#4877 = CARTESIAN_POINT('',(5.845391909743,-1.56673115263,6.));
#4878 = CARTESIAN_POINT('',(6.740306651425,1.77214889846,6.181818181818)
  );
#4879 = CARTESIAN_POINT('',(5.537771013406,5.673117122775,6.363636363636
    ));
#4880 = CARTESIAN_POINT('',(1.841115803506,8.673654181486,6.545454545457
    ));
#4881 = CARTESIAN_POINT('',(-3.572559854792,8.990087334077,
    6.727272727269));
#4882 = CARTESIAN_POINT('',(-8.577887705044,5.611846166938,
    6.909090909096));
#4883 = CARTESIAN_POINT('',(-10.23467605789,-0.569544442218,
    7.090909090904));
#4884 = CARTESIAN_POINT('',(-7.589858097252,-5.99824209695,
    7.272727272731));
#4885 = CARTESIAN_POINT('',(-2.743620581364,-8.431757252663,
    7.454545454543));
#4886 = CARTESIAN_POINT('',(1.958156126064,-7.682238623699,
    7.636363636365));
#4887 = CARTESIAN_POINT('',(4.95047716806,-4.905611203722,7.818181818182
    ));
#4888 = CARTESIAN_POINT('',(5.845391909743,-1.56673115263,8.));
#4889 = CARTESIAN_POINT('',(6.030696573177,-0.794320187759,6.));
#4890 = CARTESIAN_POINT('',(6.484411203442,2.650405639571,6.181818181818
    ));
#4891 = CARTESIAN_POINT('',(4.774195781797,6.380062537526,6.363636363637
    ));
#4892 = CARTESIAN_POINT('',(0.696654841688,8.885154792623,6.545454545453
    ));
#4893 = CARTESIAN_POINT('',(-4.739769710866,8.490157922131,
    6.727272727275));
#4894 = CARTESIAN_POINT('',(-9.284481018949,4.46687674247,6.909090909089
    ));
#4895 = CARTESIAN_POINT('',(-10.12445948831,-1.910470018834,
    7.090909090911));
#4896 = CARTESIAN_POINT('',(-6.776507851223,-6.973316269677,
    7.272727272726));
#4897 = CARTESIAN_POINT('',(-1.627769907216,-8.762514980688,
    7.454545454546));
#4898 = CARTESIAN_POINT('',(2.959359608633,-7.39867110043,7.636363636363
    ));
#4899 = CARTESIAN_POINT('',(5.57698194291,-4.239046015091,7.818181818182
    ));
#4900 = CARTESIAN_POINT('',(6.030696573177,-0.794320187759,8.));
#4901 = CARTESIAN_POINT('',(6.093149589838,-1.978853173759E-14,6.));
#4902 = CARTESIAN_POINT('',(6.093149589838,3.480398907028,6.181818181818
    ));
#4903 = CARTESIAN_POINT('',(3.906821482678,6.960712099833,6.363636363637
    ));
#4904 = CARTESIAN_POINT('',(-0.470378778869,8.915213237473,
    6.545454545453));
#4905 = CARTESIAN_POINT('',(-5.817769228843,7.811805840846,
    6.727272727275));
#4906 = CARTESIAN_POINT('',(-9.804968336257,3.221694818443,
    6.909090909088));
#4907 = CARTESIAN_POINT('',(-9.804968336234,-3.221694818451,
    7.090909090911));
#4908 = CARTESIAN_POINT('',(-5.817769228858,-7.811805840827,
    7.272727272726));
#4909 = CARTESIAN_POINT('',(-0.470378778863,-8.915213237491,
    7.454545454546));
#4910 = CARTESIAN_POINT('',(3.906821482677,-6.960712099824,
    7.636363636363));
#4911 = CARTESIAN_POINT('',(6.093149589838,-3.480398907031,
    7.818181818182));
#4912 = CARTESIAN_POINT('',(6.093149589838,-2.61744063346E-13,8.));
#4913 = CARTESIAN_POINT('',(6.030696573177,0.794320187759,6.));
#4914 = CARTESIAN_POINT('',(5.576981942911,4.239046015089,6.181818181818
    ));
#4915 = CARTESIAN_POINT('',(2.959359608631,7.39867110044,6.363636363636)
  );
#4916 = CARTESIAN_POINT('',(-1.627769907216,8.76251498067,6.545454545455
    ));
#4917 = CARTESIAN_POINT('',(-6.776507851216,6.973316269696,
    6.727272727271));
#4918 = CARTESIAN_POINT('',(-10.12445948832,1.910470018823,
    6.909090909093));
#4919 = CARTESIAN_POINT('',(-9.28448101893,-4.466876742474,
    7.090909090907));
#4920 = CARTESIAN_POINT('',(-4.739769710879,-8.490157922116,
    7.272727272729));
#4921 = CARTESIAN_POINT('',(0.696654841693,-8.885154792639,
    7.454545454544));
#4922 = CARTESIAN_POINT('',(4.774195781797,-6.380062537517,
    7.636363636364));
#4923 = CARTESIAN_POINT('',(6.484411203442,-2.650405639574,
    7.818181818182));
#4924 = CARTESIAN_POINT('',(6.030696573177,0.794320187759,8.));
#4925 = CARTESIAN_POINT('',(5.845391909743,1.56673115263,6.));
#4926 = CARTESIAN_POINT('',(4.950477168061,4.90561120372,6.181818181818)
  );
#4927 = CARTESIAN_POINT('',(1.958156126061,7.682238623708,6.363636363636
    ));
#4928 = CARTESIAN_POINT('',(-2.743620581361,8.431757252644,
    6.545454545455));
#4929 = CARTESIAN_POINT('',(-7.589858097251,5.998242096974,
    6.727272727272));
#4930 = CARTESIAN_POINT('',(-10.2346760579,0.569544442205,6.909090909092
    ));
#4931 = CARTESIAN_POINT('',(-8.577887705031,-5.611846166944,
    7.090909090908));
#4932 = CARTESIAN_POINT('',(-3.572559854805,-8.990087334058,
    7.272727272728));
#4933 = CARTESIAN_POINT('',(1.841115803514,-8.673654181504,
    7.454545454545));
#4934 = CARTESIAN_POINT('',(5.537771013402,-5.673117122766,
    7.636363636364));
#4935 = CARTESIAN_POINT('',(6.740306651425,-1.772148898462,
    7.818181818182));
#4936 = CARTESIAN_POINT('',(5.845391909743,1.56673115263,8.));
#4937 = CARTESIAN_POINT('',(5.543277195068,2.296100594191,6.));
#4938 = CARTESIAN_POINT('',(4.231747602593,5.462413123796,6.181818181818
    ));
#4939 = CARTESIAN_POINT('',(0.93122598716,7.804766823962,6.363636363636)
  );
#4940 = CARTESIAN_POINT('',(-3.787477400575,7.933411205825,
    6.545454545455));
#4941 = CARTESIAN_POINT('',(-8.236495557075,4.914506257419,
    6.727272727271));
#4942 = CARTESIAN_POINT('',(-10.13416655101,-0.763881821334,
    6.909090909093));
#4943 = CARTESIAN_POINT('',(-7.706083905766,-6.625791874005,
    7.090909090907));
#4944 = CARTESIAN_POINT('',(-2.349001160833,-9.29916256241,
    7.272727272729));
#4945 = CARTESIAN_POINT('',(2.931617908054,-8.287919815134,
    7.454545454545));
#4946 = CARTESIAN_POINT('',(6.177279757137,-4.860327336457,
    7.636363636364));
#4947 = CARTESIAN_POINT('',(6.854806787543,-0.870211935418,
    7.818181818182));
#4948 = CARTESIAN_POINT('',(5.543277195068,2.29610059419,8.));
#4949 = DEFINITIONAL_REPRESENTATION('',(#4950),#4954);
#4950 = LINE('',#4951,#4952);
#4951 = CARTESIAN_POINT('',(0.,0.));
#4952 = VECTOR('',#4953,1.);
#4953 = DIRECTION('',(1.,0.));
#4954 = ( GEOMETRIC_REPRESENTATION_CONTEXT(2) 
PARAMETRIC_REPRESENTATION_CONTEXT() REPRESENTATION_CONTEXT('2D SPACE',''
  ) );
#4955 = ADVANCED_FACE('',(#4956),#4345,.T.);
#4956 = FACE_BOUND('',#4957,.T.);
#4957 = EDGE_LOOP('',(#4958,#4959,#4960,#4991));
#4958 = ORIENTED_EDGE('',*,*,#4814,.F.);
#4959 = ORIENTED_EDGE('',*,*,#4323,.T.);
#4960 = ORIENTED_EDGE('',*,*,#4961,.T.);
#4961 = EDGE_CURVE('',#4293,#4962,#4964,.T.);
#4962 = VERTEX_POINT('',#4963);
#4963 = CARTESIAN_POINT('',(-4.133652434855,2.386565346,6.));
#4964 = SURFACE_CURVE('',#4965,(#4977,#4984),.PCURVE_S1.);
#4965 = B_SPLINE_CURVE_WITH_KNOTS('',10,(#4966,#4967,#4968,#4969,#4970,
    #4971,#4972,#4973,#4974,#4975,#4976),.UNSPECIFIED.,.F.,.F.,(11,11),(
    0.,2.),.PIECEWISE_BEZIER_KNOTS.);
#4966 = CARTESIAN_POINT('',(-4.133652434855,2.386565346,4.));
#4967 = CARTESIAN_POINT('',(-5.633175666516,-0.210685078366,4.2));
#4968 = CARTESIAN_POINT('',(-5.321071289824,-3.856661309324,4.4));
#4969 = CARTESIAN_POINT('',(-2.360006807163,-7.110849888571,4.6));
#4970 = CARTESIAN_POINT('',(2.722039721381,-7.881031519534,4.8));
#4971 = CARTESIAN_POINT('',(7.649845114228,-4.416640135928,5.));
#4972 = CARTESIAN_POINT('',(8.18619336461,1.583160210902,5.2));
#4973 = CARTESIAN_POINT('',(4.978173242432,5.599250792416,5.4));
#4974 = CARTESIAN_POINT('',(0.67943102275,6.536513566989,5.6));
#4975 = CARTESIAN_POINT('',(-2.634129203193,4.983815770368,5.8));
#4976 = CARTESIAN_POINT('',(-4.133652434855,2.386565346,6.));
#4977 = PCURVE('',#4345,#4978);
#4978 = DEFINITIONAL_REPRESENTATION('',(#4979),#4983);
#4979 = LINE('',#4980,#4981);
#4980 = CARTESIAN_POINT('',(1.,0.));
#4981 = VECTOR('',#4982,1.);
#4982 = DIRECTION('',(0.,1.));
#4983 = ( GEOMETRIC_REPRESENTATION_CONTEXT(2) 
PARAMETRIC_REPRESENTATION_CONTEXT() REPRESENTATION_CONTEXT('2D SPACE',''
  ) );
#4984 = PCURVE('',#4529,#4985);
#4985 = DEFINITIONAL_REPRESENTATION('',(#4986),#4990);
#4986 = LINE('',#4987,#4988);
#4987 = CARTESIAN_POINT('',(2.617993877991,0.));
#4988 = VECTOR('',#4989,1.);
#4989 = DIRECTION('',(0.,1.));
#4990 = ( GEOMETRIC_REPRESENTATION_CONTEXT(2) 
PARAMETRIC_REPRESENTATION_CONTEXT() REPRESENTATION_CONTEXT('2D SPACE',''
  ) );
#4991 = ORIENTED_EDGE('',*,*,#4992,.F.);
#4992 = EDGE_CURVE('',#4815,#4962,#4993,.T.);
#4993 = SURFACE_CURVE('',#4994,(#5006,#5013),.PCURVE_S1.);
#4994 = B_SPLINE_CURVE_WITH_KNOTS('',6,(#4995,#4996,#4997,#4998,#4999,
    #5000,#5001,#5002,#5003,#5004,#5005),.UNSPECIFIED.,.F.,.F.,(7,4,7),(
    0.,0.528174081598,1.),.UNSPECIFIED.);
#4995 = CARTESIAN_POINT('',(5.543277195068,2.29610059419,6.));
#4996 = CARTESIAN_POINT('',(5.049395722064,3.23482538457,6.));
#4997 = CARTESIAN_POINT('',(4.355529417517,4.068293046109,6.));
#4998 = CARTESIAN_POINT('',(3.484882478027,4.740884712195,6.));
#4999 = CARTESIAN_POINT('',(2.481519742579,5.20079110103,6.));
#5000 = CARTESIAN_POINT('',(0.457155104386,5.604069327516,6.));
#5001 = CARTESIAN_POINT('',(-1.534187473954,5.1048738524,6.));
#5002 = CARTESIAN_POINT('',(-2.412956286604,4.664964386211,6.));
#5003 = CARTESIAN_POINT('',(-3.172205956681,4.035424063087,6.));
#5004 = CARTESIAN_POINT('',(-3.757161806253,3.256105283989,6.));
#5005 = CARTESIAN_POINT('',(-4.133652434855,2.386565346,6.));
#5006 = PCURVE('',#4345,#5007);
#5007 = DEFINITIONAL_REPRESENTATION('',(#5008),#5012);
#5008 = LINE('',#5009,#5010);
#5009 = CARTESIAN_POINT('',(0.,2.));
#5010 = VECTOR('',#5011,1.);
#5011 = DIRECTION('',(1.,0.));
#5012 = ( GEOMETRIC_REPRESENTATION_CONTEXT(2) 
PARAMETRIC_REPRESENTATION_CONTEXT() REPRESENTATION_CONTEXT('2D SPACE',''
  ) );
#5013 = PCURVE('',#5014,#5136);
#5014 = B_SPLINE_SURFACE_WITH_KNOTS('',6,10,(
    (#5015,#5016,#5017,#5018,#5019,#5020,#5021,#5022,#5023,#5024,#5025)
    ,(#5026,#5027,#5028,#5029,#5030,#5031,#5032,#5033,#5034,#5035,#5036)
    ,(#5037,#5038,#5039,#5040,#5041,#5042,#5043,#5044,#5045,#5046,#5047)
    ,(#5048,#5049,#5050,#5051,#5052,#5053,#5054,#5055,#5056,#5057,#5058)
    ,(#5059,#5060,#5061,#5062,#5063,#5064,#5065,#5066,#5067,#5068,#5069)
    ,(#5070,#5071,#5072,#5073,#5074,#5075,#5076,#5077,#5078,#5079,#5080)
    ,(#5081,#5082,#5083,#5084,#5085,#5086,#5087,#5088,#5089,#5090,#5091)
    ,(#5092,#5093,#5094,#5095,#5096,#5097,#5098,#5099,#5100,#5101,#5102)
    ,(#5103,#5104,#5105,#5106,#5107,#5108,#5109,#5110,#5111,#5112,#5113)
    ,(#5114,#5115,#5116,#5117,#5118,#5119,#5120,#5121,#5122,#5123,#5124)
    ,(#5125,#5126,#5127,#5128,#5129,#5130,#5131,#5132,#5133,#5134,#5135
    )),.UNSPECIFIED.,.F.,.F.,.F.,(7,4,7),(11,11),(0.,0.528174081598,1.),
  (0.,2.),.UNSPECIFIED.);
#5015 = CARTESIAN_POINT('',(5.543277195068,2.296100594191,6.));
#5016 = CARTESIAN_POINT('',(4.100594643346,5.779044376757,6.2));
#5017 = CARTESIAN_POINT('',(0.225723335538,8.257820816749,6.4));
#5018 = CARTESIAN_POINT('',(-5.285506305606,7.795047933968,6.6));
#5019 = CARTESIAN_POINT('',(-9.94255047509,3.316224350135,6.8));
#5020 = CARTESIAN_POINT('',(-10.25853349686,-4.249223704497,7.));
#5021 = CARTESIAN_POINT('',(-4.685520137331,-9.375369589091,7.2));
#5022 = CARTESIAN_POINT('',(1.774513903097,-9.249348604512,7.4));
#5023 = CARTESIAN_POINT('',(5.998771598573,-5.679550596103,7.6));
#5024 = CARTESIAN_POINT('',(6.985959746791,-1.186843188379,7.8));
#5025 = CARTESIAN_POINT('',(5.543277195068,2.29610059419,8.));
#5026 = CARTESIAN_POINT('',(5.049395722064,3.23482538457,6.));
#5027 = CARTESIAN_POINT('',(3.016894989302,6.40745428567,6.2));
#5028 = CARTESIAN_POINT('',(-1.231674356853,8.163984464684,6.4));
#5029 = CARTESIAN_POINT('',(-6.5722887419,6.738473739341,6.6));
#5030 = CARTESIAN_POINT('',(-10.36552957517,1.512248567849,6.8));
#5031 = CARTESIAN_POINT('',(-9.344543549039,-5.986452309087,7.));
#5032 = CARTESIAN_POINT('',(-2.959244664546,-10.0485805027,7.2));
#5033 = CARTESIAN_POINT('',(3.374110228806,-8.787342476947,7.4));
#5034 = CARTESIAN_POINT('',(6.901594331315,-4.531628818284,7.6));
#5035 = CARTESIAN_POINT('',(7.081896454827,6.219648346808E-02,7.8));
#5036 = CARTESIAN_POINT('',(5.049395722064,3.23482538457,8.));
#5037 = CARTESIAN_POINT('',(4.355529417517,4.068293046109,6.));
#5038 = CARTESIAN_POINT('',(1.799345508256,6.804952890222,6.2));
#5039 = CARTESIAN_POINT('',(-2.669029471556,7.759642682504,6.4));
#5040 = CARTESIAN_POINT('',(-7.633916510766,5.407777966098,6.6));
#5041 = CARTESIAN_POINT('',(-10.40414462257,-0.381783829654,6.8));
#5042 = CARTESIAN_POINT('',(-8.060456450902,-7.528889323071,7.));
#5043 = CARTESIAN_POINT('',(-1.089596287715,-10.3539733508,7.2));
#5044 = CARTESIAN_POINT('',(4.875217972772,-7.98454717204,7.4));
#5045 = CARTESIAN_POINT('',(7.559813359974,-3.191393871387,7.6));
#5046 = CARTESIAN_POINT('',(6.91171332678,1.331633201995,7.8));
#5047 = CARTESIAN_POINT('',(4.355529417517,4.068293046109,8.));
#5048 = CARTESIAN_POINT('',(3.484882478027,4.740884712195,6.));
#5049 = CARTESIAN_POINT('',(0.506096761359,6.930500950513,6.2));
#5050 = CARTESIAN_POINT('',(-4.003393314739,7.042739480014,6.4));
#5051 = CARTESIAN_POINT('',(-8.392230048007,3.856248491207,6.6));
#5052 = CARTESIAN_POINT('',(-10.02534121363,-2.265923398199,6.8));
#5053 = CARTESIAN_POINT('',(-6.449214494488,-8.773605019839,7.));
#5054 = CARTESIAN_POINT('',(0.829137384948,-10.24472578903,7.2));
#5055 = CARTESIAN_POINT('',(6.184980532364,-6.859022774381,7.4));
#5056 = CARTESIAN_POINT('',(7.916535769479,-1.719243678545,7.6));
#5057 = CARTESIAN_POINT('',(6.463668194698,2.551268473875,7.8));
#5058 = CARTESIAN_POINT('',(3.484882478027,4.740884712195,8.));
#5059 = CARTESIAN_POINT('',(2.481519742579,5.200791101031,6.));
#5060 = CARTESIAN_POINT('',(-0.786233680591,6.759975939635,6.2));
#5061 = CARTESIAN_POINT('',(-5.144894269399,6.039582527283,6.4));
#5062 = CARTESIAN_POINT('',(-8.781532961146,2.168037752925,6.6));
#5063 = CARTESIAN_POINT('',(-9.227950473847,-4.021366510479,6.8));
#5064 = CARTESIAN_POINT('',(-4.592365221229,-9.624719789903,7.));
#5065 = CARTESIAN_POINT('',(2.679505439732,-9.702922712108,7.2));
#5066 = CARTESIAN_POINT('',(7.209791795018,-5.462106838836,7.4));
#5067 = CARTESIAN_POINT('',(7.931369944884,-0.199662075426,7.6));
#5068 = CARTESIAN_POINT('',(5.749273165751,3.641606262425,7.8));
#5069 = CARTESIAN_POINT('',(2.481519742579,5.20079110103,8.));
#5070 = CARTESIAN_POINT('',(0.457155104386,5.604069327516,6.));
#5071 = CARTESIAN_POINT('',(-3.06398550152,5.891308351014,6.2));
#5072 = CARTESIAN_POINT('',(-6.788442410623,3.721087740243,6.4));
#5073 = CARTESIAN_POINT('',(-8.760435797063,-1.071921133942,6.6));
#5074 = CARTESIAN_POINT('',(-7.018580049488,-6.870907967163,6.8));
#5075 = CARTESIAN_POINT('',(-0.846023171207,-10.3710370043,7.));
#5076 = CARTESIAN_POINT('',(5.812200337139,-7.917586086971,7.2));
#5077 = CARTESIAN_POINT('',(8.470883598675,-2.477575696134,7.4));
#5078 = CARTESIAN_POINT('',(7.301777669019,2.571670119783,7.6));
#5079 = CARTESIAN_POINT('',(3.978295710294,5.316830304018,7.8));
#5080 = CARTESIAN_POINT('',(0.457155104386,5.604069327516,8.));
#5081 = CARTESIAN_POINT('',(-1.534187473954,5.1048738524,6.));
#5082 = CARTESIAN_POINT('',(-4.741674312393,4.140915432919,6.2));
#5083 = CARTESIAN_POINT('',(-7.278913016304,0.937416660433,6.4));
#5084 = CARTESIAN_POINT('',(-7.362339170644,-3.975308416943,6.6));
#5085 = CARTESIAN_POINT('',(-3.819652333272,-8.491884521869,6.8));
#5086 = CARTESIAN_POINT('',(2.839207392732,-9.447212825429,7.));
#5087 = CARTESIAN_POINT('',(7.868196526835,-4.979290119519,7.2));
#5088 = CARTESIAN_POINT('',(8.334060478401,0.741991250789,7.4));
#5089 = CARTESIAN_POINT('',(5.556188024639,4.794799195887,7.6));
#5090 = CARTESIAN_POINT('',(1.673299364488,6.068832271881,7.8));
#5091 = CARTESIAN_POINT('',(-1.534187473954,5.1048738524,8.));
#5092 = CARTESIAN_POINT('',(-2.412956286604,4.664964386211,6.));
#5093 = CARTESIAN_POINT('',(-5.344039855599,3.148859237525,6.2));
#5094 = CARTESIAN_POINT('',(-7.219265124594,-0.41430552884,6.4));
#5095 = CARTESIAN_POINT('',(-6.407728600479,-5.187007276852,6.6));
#5096 = CARTESIAN_POINT('',(-2.15657073826,-8.917440563554,6.8));
#5097 = CARTESIAN_POINT('',(4.465479899654,-8.63310488247,7.));
#5098 = CARTESIAN_POINT('',(8.524084702066,-3.392863620165,7.2));
#5099 = CARTESIAN_POINT('',(7.93604315014,2.232319293268,7.4));
#5100 = CARTESIAN_POINT('',(4.509778722645,5.652551095127,7.6));
#5101 = CARTESIAN_POINT('',(0.518127282393,6.181069534897,7.8));
#5102 = CARTESIAN_POINT('',(-2.412956286604,4.664964386211,8.));
#5103 = CARTESIAN_POINT('',(-3.172205956681,4.035424063087,6.));
#5104 = CARTESIAN_POINT('',(-5.707737674823,2.042268277251,6.2));
#5105 = CARTESIAN_POINT('',(-6.854120875518,-1.722242574813,6.4));
#5106 = CARTESIAN_POINT('',(-5.199431211036,-6.15490413455,6.6));
#5107 = CARTESIAN_POINT('',(-0.434103390532,-8.955967250575,6.8));
#5108 = CARTESIAN_POINT('',(5.87056716101,-7.468061124932,7.));
#5109 = CARTESIAN_POINT('',(8.805189861275,-1.693052466228,7.2));
#5110 = CARTESIAN_POINT('',(7.208638151503,3.598953434672,7.4));
#5111 = CARTESIAN_POINT('',(3.292080008257,6.253583107451,7.6));
#5112 = CARTESIAN_POINT('',(-0.636674238537,6.028579848925,7.8));
#5113 = CARTESIAN_POINT('',(-3.172205956681,4.035424063087,8.));
#5114 = CARTESIAN_POINT('',(-3.757161806253,3.256105283989,6.));
#5115 = CARTESIAN_POINT('',(-5.803033094151,0.895410898214,6.2));
#5116 = CARTESIAN_POINT('',(-6.202827399034,-2.895159990863,6.4));
#5117 = CARTESIAN_POINT('',(-3.816062374807,-6.807409583085,6.6));
#5118 = CARTESIAN_POINT('',(1.229855700551,-8.597342931861,6.8));
#5119 = CARTESIAN_POINT('',(6.953101727809,-6.025833446463,7.));
#5120 = CARTESIAN_POINT('',(8.684861942079,4.855791191458E-03,7.2));
#5121 = CARTESIAN_POINT('',(6.195767753537,4.745062615491,7.4));
#5122 = CARTESIAN_POINT('',(1.983944993059,6.551410640411,7.6));
#5123 = CARTESIAN_POINT('',(-1.711290518354,5.616799669764,7.8));
#5124 = CARTESIAN_POINT('',(-3.757161806253,3.256105283989,8.));
#5125 = CARTESIAN_POINT('',(-4.133652434855,2.386565346,6.));
#5126 = CARTESIAN_POINT('',(-5.633175666516,-0.210685078366,6.2));
#5127 = CARTESIAN_POINT('',(-5.321071289824,-3.856661309324,6.4));
#5128 = CARTESIAN_POINT('',(-2.360006807163,-7.110849888571,6.6));
#5129 = CARTESIAN_POINT('',(2.722039721381,-7.881031519534,6.8));
#5130 = CARTESIAN_POINT('',(7.649845114228,-4.416640135928,7.));
#5131 = CARTESIAN_POINT('',(8.18619336461,1.583160210902,7.2));
#5132 = CARTESIAN_POINT('',(4.978173242432,5.599250792416,7.4));
#5133 = CARTESIAN_POINT('',(0.67943102275,6.536513566989,7.6));
#5134 = CARTESIAN_POINT('',(-2.634129203193,4.983815770368,7.8));
#5135 = CARTESIAN_POINT('',(-4.133652434855,2.386565346,8.));
#5136 = DEFINITIONAL_REPRESENTATION('',(#5137),#5141);
#5137 = LINE('',#5138,#5139);
#5138 = CARTESIAN_POINT('',(0.,0.));
#5139 = VECTOR('',#5140,1.);
#5140 = DIRECTION('',(1.,0.));
#5141 = ( GEOMETRIC_REPRESENTATION_CONTEXT(2) 
PARAMETRIC_REPRESENTATION_CONTEXT() REPRESENTATION_CONTEXT('2D SPACE',''
  ) );
#5142 = ADVANCED_FACE('',(#5143),#4529,.T.);
#5143 = FACE_BOUND('',#5144,.T.);
#5144 = EDGE_LOOP('',(#5145,#5146,#5147,#5179));
#5145 = ORIENTED_EDGE('',*,*,#4961,.F.);
#5146 = ORIENTED_EDGE('',*,*,#4511,.T.);
#5147 = ORIENTED_EDGE('',*,*,#5148,.T.);
#5148 = EDGE_CURVE('',#4480,#5149,#5151,.T.);
#5149 = VERTEX_POINT('',#5150);
#5150 = CARTESIAN_POINT('',(-4.133652434855,-2.386565346,6.));
#5151 = SURFACE_CURVE('',#5152,(#5165,#5172),.PCURVE_S1.);
#5152 = ( BOUNDED_CURVE() B_SPLINE_CURVE(11,(#5153,#5154,#5155,#5156,
    #5157,#5158,#5159,#5160,#5161,#5162,#5163,#5164),.UNSPECIFIED.,.F.,
.F.) B_SPLINE_CURVE_WITH_KNOTS((12,12),(0.,2.),
.PIECEWISE_BEZIER_KNOTS.) CURVE() GEOMETRIC_REPRESENTATION_ITEM() 
RATIONAL_B_SPLINE_CURVE((1.013815801033,1.013815801033,1.013815801033,
    1.013815801033,1.013815801033,1.013815801033,1.013815801033,
    1.013815801033,1.013815801033,1.013815801033,1.013815801033,
1.013815801033)) REPRESENTATION_ITEM('') );
#5153 = CARTESIAN_POINT('',(-4.133652434855,-2.386565346,4.));
#5154 = CARTESIAN_POINT('',(-2.770449496982,-4.747702095424,
    4.181818181818));
#5155 = CARTESIAN_POINT('',(7.594629669105E-02,-6.252439517799,
    4.363636363636));
#5156 = CARTESIAN_POINT('',(3.81102105027,-5.863930088437,4.545454545454
    ));
#5157 = CARTESIAN_POINT('',(7.006560468971,-3.020901346774,
    4.727272727273));
#5158 = CARTESIAN_POINT('',(7.913660371367,1.654781467391,4.90909090909)
  );
#5159 = CARTESIAN_POINT('',(5.389912974143,6.026040184831,5.09090909091)
  );
#5160 = CARTESIAN_POINT('',(0.887102925865,7.578310032658,5.272727272727
    ));
#5161 = CARTESIAN_POINT('',(-3.172801897474,6.232406088121,
    5.454545454546));
#5162 = CARTESIAN_POINT('',(-5.376798309691,3.19199118115,5.636363636364
    ));
#5163 = CARTESIAN_POINT('',(-5.496855372729,-2.542859657426E-02,
    5.818181818182));
#5164 = CARTESIAN_POINT('',(-4.133652434855,-2.386565346,6.));
#5165 = PCURVE('',#4529,#5166);
#5166 = DEFINITIONAL_REPRESENTATION('',(#5167),#5171);
#5167 = LINE('',#5168,#5169);
#5168 = CARTESIAN_POINT('',(3.665191429188,0.));
#5169 = VECTOR('',#5170,1.);
#5170 = DIRECTION('',(0.,1.));
#5171 = ( GEOMETRIC_REPRESENTATION_CONTEXT(2) 
PARAMETRIC_REPRESENTATION_CONTEXT() REPRESENTATION_CONTEXT('2D SPACE',''
  ) );
#5172 = PCURVE('',#4649,#5173);
#5173 = DEFINITIONAL_REPRESENTATION('',(#5174),#5178);
#5174 = LINE('',#5175,#5176);
#5175 = CARTESIAN_POINT('',(0.,0.));
#5176 = VECTOR('',#5177,1.);
#5177 = DIRECTION('',(0.,1.));
#5178 = ( GEOMETRIC_REPRESENTATION_CONTEXT(2) 
PARAMETRIC_REPRESENTATION_CONTEXT() REPRESENTATION_CONTEXT('2D SPACE',''
  ) );
#5179 = ORIENTED_EDGE('',*,*,#5180,.F.);
#5180 = EDGE_CURVE('',#4962,#5149,#5181,.T.);
#5181 = SURFACE_CURVE('',#5182,(#5190,#5197),.PCURVE_S1.);
#5182 = ( BOUNDED_CURVE() B_SPLINE_CURVE(6,(#5183,#5184,#5185,#5186,
#5187,#5188,#5189),.UNSPECIFIED.,.F.,.F.) B_SPLINE_CURVE_WITH_KNOTS((7,7
),(2.617993877991,3.665191429188),.PIECEWISE_BEZIER_KNOTS.) CURVE() 
GEOMETRIC_REPRESENTATION_ITEM() RATIONAL_B_SPLINE_CURVE((1.013815801033,
    1.004520331021,0.999080478963,0.997285502839,0.999080478963,
1.004520331021,1.013815801033)) REPRESENTATION_ITEM('') );
#5183 = CARTESIAN_POINT('',(-4.133652434855,2.386565346,6.));
#5184 = CARTESIAN_POINT('',(-4.554040953329,1.658431073086,6.));
#5185 = CARTESIAN_POINT('',(-4.816376706691,0.849950910247,6.));
#5186 = CARTESIAN_POINT('',(-4.90556017208,2.033081231491E-13,6.));
#5187 = CARTESIAN_POINT('',(-4.816376706691,-0.849950910247,6.));
#5188 = CARTESIAN_POINT('',(-4.554040953329,-1.658431073085,6.));
#5189 = CARTESIAN_POINT('',(-4.133652434855,-2.386565346,6.));
#5190 = PCURVE('',#4529,#5191);
#5191 = DEFINITIONAL_REPRESENTATION('',(#5192),#5196);
#5192 = LINE('',#5193,#5194);
#5193 = CARTESIAN_POINT('',(0.,2.));
#5194 = VECTOR('',#5195,1.);
#5195 = DIRECTION('',(1.,0.));
#5196 = ( GEOMETRIC_REPRESENTATION_CONTEXT(2) 
PARAMETRIC_REPRESENTATION_CONTEXT() REPRESENTATION_CONTEXT('2D SPACE',''
  ) );
#5197 = PCURVE('',#5198,#5283);
#5198 = ( BOUNDED_SURFACE() B_SPLINE_SURFACE(6,11,(
    (#5199,#5200,#5201,#5202,#5203,#5204,#5205,#5206,#5207,#5208,#5209
      ,#5210)
    ,(#5211,#5212,#5213,#5214,#5215,#5216,#5217,#5218,#5219,#5220,#5221
      ,#5222)
    ,(#5223,#5224,#5225,#5226,#5227,#5228,#5229,#5230,#5231,#5232,#5233
      ,#5234)
    ,(#5235,#5236,#5237,#5238,#5239,#5240,#5241,#5242,#5243,#5244,#5245
      ,#5246)
    ,(#5247,#5248,#5249,#5250,#5251,#5252,#5253,#5254,#5255,#5256,#5257
      ,#5258)
    ,(#5259,#5260,#5261,#5262,#5263,#5264,#5265,#5266,#5267,#5268,#5269
      ,#5270)
    ,(#5271,#5272,#5273,#5274,#5275,#5276,#5277,#5278,#5279,#5280,#5281
,#5282
    )),.UNSPECIFIED.,.F.,.F.,.F.) B_SPLINE_SURFACE_WITH_KNOTS((7,7),(12,
    12),(2.617993877991,3.665191429188),(0.,2.),
.PIECEWISE_BEZIER_KNOTS.) GEOMETRIC_REPRESENTATION_ITEM() 
RATIONAL_B_SPLINE_SURFACE((
    (1.013815801033,1.013815801033,1.013815801033,1.013815801033
      ,1.013815801033,1.013815801033,1.013815801033,1.013815801033
      ,1.013815801033,1.013815801033,1.013815801033,1.013815801033)
    ,(1.004520331021,1.004520331021,1.004520331021,1.004520331021
      ,1.004520331021,1.004520331022,1.004520331021,1.004520331022
      ,1.004520331021,1.004520331021,1.004520331021,1.004520331021)
    ,(0.999080478963,0.999080478963,0.999080478963,0.999080478963
      ,0.999080478964,0.999080478963,0.999080478964,0.999080478963
      ,0.999080478963,0.999080478963,0.999080478963,0.999080478963)
    ,(0.997285502839,0.997285502839,0.997285502839,0.997285502839
      ,0.997285502839,0.997285502839,0.997285502839,0.997285502839
      ,0.997285502839,0.997285502839,0.997285502839,0.997285502839)
    ,(0.999080478963,0.999080478963,0.999080478963,0.999080478963
      ,0.999080478963,0.999080478963,0.999080478963,0.999080478964
      ,0.999080478963,0.999080478963,0.999080478963,0.999080478963)
    ,(1.004520331021,1.004520331021,1.004520331021,1.004520331021
      ,1.004520331021,1.004520331021,1.004520331021,1.004520331021
      ,1.004520331021,1.004520331021,1.004520331021,1.004520331021)
    ,(1.013815801033,1.013815801033,1.013815801033,1.013815801033
      ,1.013815801033,1.013815801033,1.013815801033,1.013815801033
      ,1.013815801033,1.013815801033,1.013815801033,1.013815801033
))) REPRESENTATION_ITEM('') SURFACE() );
#5199 = CARTESIAN_POINT('',(-4.133652434855,2.386565346,6.));
#5200 = CARTESIAN_POINT('',(-5.496855372729,2.542859657626E-02,
    6.181818181818));
#5201 = CARTESIAN_POINT('',(-5.376798309694,-3.191991181157,
    6.363636363636));
#5202 = CARTESIAN_POINT('',(-3.172801897467,-6.23240608811,
    6.545454545454));
#5203 = CARTESIAN_POINT('',(0.887102925853,-7.578310032667,
    6.727272727273));
#5204 = CARTESIAN_POINT('',(5.389912974156,-6.026040184831,6.90909090909
    ));
#5205 = CARTESIAN_POINT('',(7.91366037136,-1.65478146738,7.09090909091)
  );
#5206 = CARTESIAN_POINT('',(7.006560468969,3.020901346758,7.272727272727
    ));
#5207 = CARTESIAN_POINT('',(3.811021050276,5.863930088449,7.454545454546
    ));
#5208 = CARTESIAN_POINT('',(7.594629668709E-02,6.252439517793,
    7.636363636364));
#5209 = CARTESIAN_POINT('',(-2.770449496981,4.747702095425,
    7.818181818182));
#5210 = CARTESIAN_POINT('',(-4.133652434855,2.386565346,8.));
#5211 = CARTESIAN_POINT('',(-4.554040953329,1.658431073085,6.));
#5212 = CARTESIAN_POINT('',(-5.50133456709,-0.942831036573,
    6.181818181818));
#5213 = CARTESIAN_POINT('',(-4.814535706713,-4.139103012532,
    6.363636363637));
#5214 = CARTESIAN_POINT('',(-2.074976536725,-6.791288538705,
    6.545454545453));
#5215 = CARTESIAN_POINT('',(2.222006465163,-7.422048698636,
    6.727272727276));
#5216 = CARTESIAN_POINT('',(6.451387410544,-5.076618232603,
    6.909090909087));
#5217 = CARTESIAN_POINT('',(8.205146682704,-0.260806663886,
    7.090909090913));
#5218 = CARTESIAN_POINT('',(6.474434984219,4.255092390417,7.272727272724
    ));
#5219 = CARTESIAN_POINT('',(2.778101969957,6.535233514474,7.454545454547
    ));
#5220 = CARTESIAN_POINT('',(-1.025407910997,6.265817299884,
    7.636363636363));
#5221 = CARTESIAN_POINT('',(-3.606747339566,4.259693182746,
    7.818181818182));
#5222 = CARTESIAN_POINT('',(-4.554040953329,1.658431073086,8.));
#5223 = CARTESIAN_POINT('',(-4.816376706691,0.849950910247,6.));
#5224 = CARTESIAN_POINT('',(-5.301867531335,-1.901157031327,
    6.181818181818));
#5225 = CARTESIAN_POINT('',(-4.05914662145,-4.957174397068,
    6.363636363637));
#5226 = CARTESIAN_POINT('',(-0.871794157368,-7.112712990943,
    6.545454545454));
#5227 = CARTESIAN_POINT('',(3.509008994183,-6.986439002206,
    6.727272727274));
#5228 = CARTESIAN_POINT('',(7.30100878128,-3.914336467584,6.90909090909)
  );
#5229 = CARTESIAN_POINT('',(8.199815680111,1.178890163686,7.09090909091)
  );
#5230 = CARTESIAN_POINT('',(5.688391393118,5.363364374277,7.272727272727
    ));
#5231 = CARTESIAN_POINT('',(1.615423165799,6.981484021322,7.454545454546
    ));
#5232 = CARTESIAN_POINT('',(-2.117207235922,6.047121862295,
    7.636363636364));
#5233 = CARTESIAN_POINT('',(-4.330885882046,3.601058851823,
    7.818181818182));
#5234 = CARTESIAN_POINT('',(-4.816376706691,0.849950910247,8.));
#5235 = CARTESIAN_POINT('',(-4.90556017208,2.282806713212E-14,6.));
#5236 = CARTESIAN_POINT('',(-4.905560172081,-2.802049417881,
    6.181818181818));
#5237 = CARTESIAN_POINT('',(-3.145359814702,-5.604029827728,
    6.363636363636));
#5238 = CARTESIAN_POINT('',(0.378699286695,-7.177587606955,
    6.545454545454));
#5239 = CARTESIAN_POINT('',(4.683853005512,-6.289240570886,
    6.727272727273));
#5240 = CARTESIAN_POINT('',(7.893924389943,-2.593768223631,6.90909090909
    ));
#5241 = CARTESIAN_POINT('',(7.893924389942,2.59376822364,7.09090909091)
  );
#5242 = CARTESIAN_POINT('',(4.683853005513,6.289240570866,7.272727272727
    ));
#5243 = CARTESIAN_POINT('',(0.378699286695,7.177587606972,7.454545454546
    ));
#5244 = CARTESIAN_POINT('',(-3.145359814703,5.604029827719,
    7.636363636364));
#5245 = CARTESIAN_POINT('',(-4.90556017208,2.802049417883,7.818181818182
    ));
#5246 = CARTESIAN_POINT('',(-4.90556017208,2.045096388617E-13,8.));
#5247 = CARTESIAN_POINT('',(-4.816376706691,-0.849950910247,6.));
#5248 = CARTESIAN_POINT('',(-4.330885882047,-3.601058851821,
    6.181818181818));
#5249 = CARTESIAN_POINT('',(-2.11720723592,-6.047121862303,
    6.363636363636));
#5250 = CARTESIAN_POINT('',(1.615423165797,-6.981484021305,
    6.545454545455));
#5251 = CARTESIAN_POINT('',(5.68839139312,-5.363364374297,6.727272727273
    ));
#5252 = CARTESIAN_POINT('',(8.199815680113,-1.178890163675,
    6.909090909091));
#5253 = CARTESIAN_POINT('',(7.301008781276,3.914336467589,7.09090909091)
  );
#5254 = CARTESIAN_POINT('',(3.509008994187,6.98643900219,7.272727272727)
  );
#5255 = CARTESIAN_POINT('',(-0.87179415737,7.112712990958,7.454545454546
    ));
#5256 = CARTESIAN_POINT('',(-4.059146621449,4.95717439706,7.636363636363
    ));
#5257 = CARTESIAN_POINT('',(-5.301867531336,1.901157031329,
    7.818181818182));
#5258 = CARTESIAN_POINT('',(-4.816376706691,-0.849950910247,8.));
#5259 = CARTESIAN_POINT('',(-4.554040953329,-1.658431073085,6.));
#5260 = CARTESIAN_POINT('',(-3.606747339567,-4.259693182743,
    6.181818181818));
#5261 = CARTESIAN_POINT('',(-1.025407910995,-6.265817299893,
    6.363636363636));
#5262 = CARTESIAN_POINT('',(2.778101969953,-6.535233514456,
    6.545454545454));
#5263 = CARTESIAN_POINT('',(6.474434984222,-4.255092390438,
    6.727272727273));
#5264 = CARTESIAN_POINT('',(8.205146682706,0.260806663897,6.90909090909)
  );
#5265 = CARTESIAN_POINT('',(6.451387410536,5.07661823261,7.09090909091)
  );
#5266 = CARTESIAN_POINT('',(2.222006465174,7.422048698618,7.272727272727
    ));
#5267 = CARTESIAN_POINT('',(-2.074976536734,6.791288538721,
    7.454545454546));
#5268 = CARTESIAN_POINT('',(-4.814535706709,4.139103012524,
    7.636363636363));
#5269 = CARTESIAN_POINT('',(-5.501334567091,0.942831036575,
    7.818181818182));
#5270 = CARTESIAN_POINT('',(-4.554040953329,-1.658431073085,8.));
#5271 = CARTESIAN_POINT('',(-4.133652434855,-2.386565346,6.));
#5272 = CARTESIAN_POINT('',(-2.770449496982,-4.747702095424,
    6.181818181818));
#5273 = CARTESIAN_POINT('',(7.594629669105E-02,-6.252439517799,
    6.363636363636));
#5274 = CARTESIAN_POINT('',(3.81102105027,-5.863930088437,6.545454545454
    ));
#5275 = CARTESIAN_POINT('',(7.006560468971,-3.020901346774,
    6.727272727273));
#5276 = CARTESIAN_POINT('',(7.913660371367,1.654781467391,6.90909090909)
  );
#5277 = CARTESIAN_POINT('',(5.389912974143,6.026040184831,7.09090909091)
  );
#5278 = CARTESIAN_POINT('',(0.887102925865,7.578310032658,7.272727272727
    ));
#5279 = CARTESIAN_POINT('',(-3.172801897474,6.232406088121,
    7.454545454546));
#5280 = CARTESIAN_POINT('',(-5.376798309691,3.19199118115,7.636363636364
    ));
#5281 = CARTESIAN_POINT('',(-5.496855372729,-2.542859657426E-02,
    7.818181818182));
#5282 = CARTESIAN_POINT('',(-4.133652434855,-2.386565346,8.));
#5283 = DEFINITIONAL_REPRESENTATION('',(#5284),#5288);
#5284 = LINE('',#5285,#5286);
#5285 = CARTESIAN_POINT('',(0.,0.));
#5286 = VECTOR('',#5287,1.);
#5287 = DIRECTION('',(1.,0.));
#5288 = ( GEOMETRIC_REPRESENTATION_CONTEXT(2) 
PARAMETRIC_REPRESENTATION_CONTEXT() REPRESENTATION_CONTEXT('2D SPACE',''
  ) );
#5289 = ADVANCED_FACE('',(#5290),#4649,.T.);
#5290 = FACE_BOUND('',#5291,.T.);
#5291 = EDGE_LOOP('',(#5292,#5293,#5294,#5295));
#5292 = ORIENTED_EDGE('',*,*,#5148,.F.);
#5293 = ORIENTED_EDGE('',*,*,#4627,.T.);
#5294 = ORIENTED_EDGE('',*,*,#4781,.T.);
#5295 = ORIENTED_EDGE('',*,*,#5296,.F.);
#5296 = EDGE_CURVE('',#5149,#4782,#5297,.T.);
#5297 = SURFACE_CURVE('',#5298,(#5310,#5317),.PCURVE_S1.);
#5298 = B_SPLINE_CURVE_WITH_KNOTS('',6,(#5299,#5300,#5301,#5302,#5303,
    #5304,#5305,#5306,#5307,#5308,#5309),.UNSPECIFIED.,.F.,.F.,(7,4,7),(
    0.,0.471825918402,1.),.UNSPECIFIED.);
#5299 = CARTESIAN_POINT('',(-4.133652434855,-2.386565346,6.));
#5300 = CARTESIAN_POINT('',(-3.757161806254,-3.256105283988,6.));
#5301 = CARTESIAN_POINT('',(-3.172205956681,-4.035424063087,6.));
#5302 = CARTESIAN_POINT('',(-2.412956286605,-4.664964386211,6.));
#5303 = CARTESIAN_POINT('',(-1.534187473954,-5.1048738524,6.));
#5304 = CARTESIAN_POINT('',(0.457155104386,-5.604069327516,6.));
#5305 = CARTESIAN_POINT('',(2.481519742579,-5.200791101031,6.));
#5306 = CARTESIAN_POINT('',(3.484882478027,-4.740884712195,6.));
#5307 = CARTESIAN_POINT('',(4.355529417517,-4.06829304611,6.));
#5308 = CARTESIAN_POINT('',(5.049395722064,-3.234825384571,6.));
#5309 = CARTESIAN_POINT('',(5.543277195068,-2.296100594191,6.));
#5310 = PCURVE('',#4649,#5311);
#5311 = DEFINITIONAL_REPRESENTATION('',(#5312),#5316);
#5312 = LINE('',#5313,#5314);
#5313 = CARTESIAN_POINT('',(0.,2.));
#5314 = VECTOR('',#5315,1.);
#5315 = DIRECTION('',(1.,0.));
#5316 = ( GEOMETRIC_REPRESENTATION_CONTEXT(2) 
PARAMETRIC_REPRESENTATION_CONTEXT() REPRESENTATION_CONTEXT('2D SPACE',''
  ) );
#5317 = PCURVE('',#5318,#5440);
#5318 = B_SPLINE_SURFACE_WITH_KNOTS('',6,10,(
    (#5319,#5320,#5321,#5322,#5323,#5324,#5325,#5326,#5327,#5328,#5329)
    ,(#5330,#5331,#5332,#5333,#5334,#5335,#5336,#5337,#5338,#5339,#5340)
    ,(#5341,#5342,#5343,#5344,#5345,#5346,#5347,#5348,#5349,#5350,#5351)
    ,(#5352,#5353,#5354,#5355,#5356,#5357,#5358,#5359,#5360,#5361,#5362)
    ,(#5363,#5364,#5365,#5366,#5367,#5368,#5369,#5370,#5371,#5372,#5373)
    ,(#5374,#5375,#5376,#5377,#5378,#5379,#5380,#5381,#5382,#5383,#5384)
    ,(#5385,#5386,#5387,#5388,#5389,#5390,#5391,#5392,#5393,#5394,#5395)
    ,(#5396,#5397,#5398,#5399,#5400,#5401,#5402,#5403,#5404,#5405,#5406)
    ,(#5407,#5408,#5409,#5410,#5411,#5412,#5413,#5414,#5415,#5416,#5417)
    ,(#5418,#5419,#5420,#5421,#5422,#5423,#5424,#5425,#5426,#5427,#5428)
    ,(#5429,#5430,#5431,#5432,#5433,#5434,#5435,#5436,#5437,#5438,#5439
    )),.UNSPECIFIED.,.F.,.F.,.F.,(7,4,7),(11,11),(0.,0.471825918402,1.),
  (0.,2.),.UNSPECIFIED.);
#5319 = CARTESIAN_POINT('',(-4.133652434855,-2.386565346,6.));
#5320 = CARTESIAN_POINT('',(-2.634129203194,-4.983815770366,6.2));
#5321 = CARTESIAN_POINT('',(0.679431022755,-6.536513566998,6.4));
#5322 = CARTESIAN_POINT('',(4.978173242419,-5.599250792393,6.6));
#5323 = CARTESIAN_POINT('',(8.186193364632,-1.58316021094,6.8));
#5324 = CARTESIAN_POINT('',(7.649845114203,4.416640135972,7.));
#5325 = CARTESIAN_POINT('',(2.722039721403,7.881031519497,7.2));
#5326 = CARTESIAN_POINT('',(-2.360006807176,7.110849888593,7.4));
#5327 = CARTESIAN_POINT('',(-5.321071289819,3.856661309315,7.6));
#5328 = CARTESIAN_POINT('',(-5.633175666517,0.210685078368,7.8));
#5329 = CARTESIAN_POINT('',(-4.133652434855,-2.386565346,8.));
#5330 = CARTESIAN_POINT('',(-3.757161806253,-3.256105283989,6.));
#5331 = CARTESIAN_POINT('',(-1.711290518355,-5.616799669763,6.2));
#5332 = CARTESIAN_POINT('',(1.983944993066,-6.551410640419,6.4));
#5333 = CARTESIAN_POINT('',(6.19576775352,-4.74506261547,6.6));
#5334 = CARTESIAN_POINT('',(8.684861942108,-4.855791226025E-03,6.8));
#5335 = CARTESIAN_POINT('',(6.953101727775,6.025833446504,7.));
#5336 = CARTESIAN_POINT('',(1.22985570058,8.597342931826,7.2));
#5337 = CARTESIAN_POINT('',(-3.816062374824,6.807409583105,7.4));
#5338 = CARTESIAN_POINT('',(-6.202827399027,2.895159990855,7.6));
#5339 = CARTESIAN_POINT('',(-5.803033094153,-0.895410898212,7.8));
#5340 = CARTESIAN_POINT('',(-3.757161806254,-3.256105283988,8.));
#5341 = CARTESIAN_POINT('',(-3.172205956681,-4.035424063087,6.));
#5342 = CARTESIAN_POINT('',(-0.636674238539,-6.028579848923,6.2));
#5343 = CARTESIAN_POINT('',(3.292080008266,-6.253583107458,6.4));
#5344 = CARTESIAN_POINT('',(7.208638151481,-3.598953434654,6.6));
#5345 = CARTESIAN_POINT('',(8.805189861312,1.693052466198,6.8));
#5346 = CARTESIAN_POINT('',(5.870567160966,7.468061124966,7.));
#5347 = CARTESIAN_POINT('',(-0.434103390495,8.955967250546,7.2));
#5348 = CARTESIAN_POINT('',(-5.199431211058,6.154904134568,7.4));
#5349 = CARTESIAN_POINT('',(-6.854120875509,1.722242574806,7.6));
#5350 = CARTESIAN_POINT('',(-5.707737674825,-2.042268277249,7.8));
#5351 = CARTESIAN_POINT('',(-3.172205956681,-4.035424063087,8.));
#5352 = CARTESIAN_POINT('',(-2.412956286604,-4.664964386211,6.));
#5353 = CARTESIAN_POINT('',(0.51812728239,-6.181069534896,6.2));
#5354 = CARTESIAN_POINT('',(4.509778722655,-5.652551095133,6.4));
#5355 = CARTESIAN_POINT('',(7.936043150115,-2.232319293254,6.6));
#5356 = CARTESIAN_POINT('',(8.524084702109,3.392863620142,6.8));
#5357 = CARTESIAN_POINT('',(4.465479899604,8.633104882497,7.));
#5358 = CARTESIAN_POINT('',(-2.156570738218,8.917440563531,7.2));
#5359 = CARTESIAN_POINT('',(-6.407728600504,5.187007276866,7.4));
#5360 = CARTESIAN_POINT('',(-7.219265124584,0.414305528834,7.6));
#5361 = CARTESIAN_POINT('',(-5.344039855601,-3.148859237524,7.8));
#5362 = CARTESIAN_POINT('',(-2.412956286605,-4.664964386211,8.));
#5363 = CARTESIAN_POINT('',(-1.534187473954,-5.1048738524,6.));
#5364 = CARTESIAN_POINT('',(1.673299364486,-6.06883227188,6.2));
#5365 = CARTESIAN_POINT('',(5.556188024651,-4.794799195891,6.4));
#5366 = CARTESIAN_POINT('',(8.334060478373,-0.74199125078,6.6));
#5367 = CARTESIAN_POINT('',(7.868196526882,4.979290119505,6.8));
#5368 = CARTESIAN_POINT('',(2.839207392677,9.447212825445,7.));
#5369 = CARTESIAN_POINT('',(-3.819652333226,8.491884521855,7.2));
#5370 = CARTESIAN_POINT('',(-7.362339170672,3.975308416951,7.4));
#5371 = CARTESIAN_POINT('',(-7.278913016293,-0.937416660436,7.6));
#5372 = CARTESIAN_POINT('',(-4.741674312395,-4.140915432919,7.8));
#5373 = CARTESIAN_POINT('',(-1.534187473954,-5.1048738524,8.));
#5374 = CARTESIAN_POINT('',(0.457155104386,-5.604069327516,6.));
#5375 = CARTESIAN_POINT('',(3.978295710291,-5.316830304018,6.2));
#5376 = CARTESIAN_POINT('',(7.301777669031,-2.571670119781,6.4));
#5377 = CARTESIAN_POINT('',(8.470883598645,2.477575696131,6.6));
#5378 = CARTESIAN_POINT('',(5.81220033719,7.917586086976,6.8));
#5379 = CARTESIAN_POINT('',(-0.846023171267,10.371037004302,7.));
#5380 = CARTESIAN_POINT('',(-7.018580049437,6.870907967168,7.2));
#5381 = CARTESIAN_POINT('',(-8.760435797093,1.071921133939,7.4));
#5382 = CARTESIAN_POINT('',(-6.788442410611,-3.721087740242,7.6));
#5383 = CARTESIAN_POINT('',(-3.063985501522,-5.891308351014,7.8));
#5384 = CARTESIAN_POINT('',(0.457155104386,-5.604069327516,8.));
#5385 = CARTESIAN_POINT('',(2.481519742579,-5.200791101031,6.));
#5386 = CARTESIAN_POINT('',(5.749273165748,-3.641606262426,6.2));
#5387 = CARTESIAN_POINT('',(7.931369944896,0.199662075431,6.4));
#5388 = CARTESIAN_POINT('',(7.209791794989,5.462106838822,6.6));
#5389 = CARTESIAN_POINT('',(2.67950543978,9.702922712131,6.8));
#5390 = CARTESIAN_POINT('',(-4.592365221286,9.624719789876,7.));
#5391 = CARTESIAN_POINT('',(-9.2279504738,4.021366510502,7.2));
#5392 = CARTESIAN_POINT('',(-8.781532961175,-2.168037752939,7.4));
#5393 = CARTESIAN_POINT('',(-5.144894269388,-6.039582527278,7.6));
#5394 = CARTESIAN_POINT('',(-0.786233680593,-6.759975939636,7.8));
#5395 = CARTESIAN_POINT('',(2.481519742579,-5.200791101031,8.));
#5396 = CARTESIAN_POINT('',(3.484882478027,-4.740884712195,6.));
#5397 = CARTESIAN_POINT('',(6.463668194696,-2.551268473877,6.2));
#5398 = CARTESIAN_POINT('',(7.91653576949,1.719243678552,6.4));
#5399 = CARTESIAN_POINT('',(6.184980532337,6.859022774362,6.6));
#5400 = CARTESIAN_POINT('',(0.829137384992,10.244725789061,6.8));
#5401 = CARTESIAN_POINT('',(-6.44921449454,8.773605019802,7.));
#5402 = CARTESIAN_POINT('',(-10.02534121358,2.265923398231,7.2));
#5403 = CARTESIAN_POINT('',(-8.392230048033,-3.856248491226,7.4));
#5404 = CARTESIAN_POINT('',(-4.003393314729,-7.042739480006,7.6));
#5405 = CARTESIAN_POINT('',(0.506096761356,-6.930500950514,7.8));
#5406 = CARTESIAN_POINT('',(3.484882478027,-4.740884712195,8.));
#5407 = CARTESIAN_POINT('',(4.355529417517,-4.068293046109,6.));
#5408 = CARTESIAN_POINT('',(6.911713326778,-1.331633201997,6.2));
#5409 = CARTESIAN_POINT('',(7.559813359983,3.191393871396,6.4));
#5410 = CARTESIAN_POINT('',(4.875217972749,7.984547172018,6.6));
#5411 = CARTESIAN_POINT('',(-1.089596287677,10.35397335084,6.8));
#5412 = CARTESIAN_POINT('',(-8.060456450947,7.528889323027,7.));
#5413 = CARTESIAN_POINT('',(-10.40414462253,0.381783829691,7.2));
#5414 = CARTESIAN_POINT('',(-7.633916510789,-5.407777966121,7.4));
#5415 = CARTESIAN_POINT('',(-2.669029471547,-7.759642682495,7.6));
#5416 = CARTESIAN_POINT('',(1.799345508254,-6.804952890223,7.8));
#5417 = CARTESIAN_POINT('',(4.355529417517,-4.06829304611,8.));
#5418 = CARTESIAN_POINT('',(5.049395722064,-3.23482538457,6.));
#5419 = CARTESIAN_POINT('',(7.081896454826,-6.219648347067E-02,6.2));
#5420 = CARTESIAN_POINT('',(6.901594331322,4.531628818294,6.4));
#5421 = CARTESIAN_POINT('',(3.374110228788,8.787342476919,6.6));
#5422 = CARTESIAN_POINT('',(-2.959244664515,10.048580502755,6.8));
#5423 = CARTESIAN_POINT('',(-9.344543549075,5.986452309032,7.));
#5424 = CARTESIAN_POINT('',(-10.36552957514,-1.512248567803,7.2));
#5425 = CARTESIAN_POINT('',(-6.572288741918,-6.738473739369,7.4));
#5426 = CARTESIAN_POINT('',(-1.231674356846,-8.163984464673,7.6));
#5427 = CARTESIAN_POINT('',(3.0168949893,-6.407454285673,7.8));
#5428 = CARTESIAN_POINT('',(5.049395722064,-3.234825384571,8.));
#5429 = CARTESIAN_POINT('',(5.543277195068,-2.296100594191,6.));
#5430 = CARTESIAN_POINT('',(6.98595974679,1.186843188376,6.2));
#5431 = CARTESIAN_POINT('',(5.998771598578,5.679550596115,6.4));
#5432 = CARTESIAN_POINT('',(1.774513903085,9.249348604482,6.6));
#5433 = CARTESIAN_POINT('',(-4.68552013731,9.375369589141,6.8));
#5434 = CARTESIAN_POINT('',(-10.25853349689,4.249223704438,7.));
#5435 = CARTESIAN_POINT('',(-9.94255047507,-3.316224350084,7.2));
#5436 = CARTESIAN_POINT('',(-5.285506305619,-7.795047933998,7.4));
#5437 = CARTESIAN_POINT('',(0.225723335543,-8.257820816737,7.6));
#5438 = CARTESIAN_POINT('',(4.100594643344,-5.779044376759,7.8));
#5439 = CARTESIAN_POINT('',(5.543277195068,-2.296100594191,8.));
#5440 = DEFINITIONAL_REPRESENTATION('',(#5441),#5445);
#5441 = LINE('',#5442,#5443);
#5442 = CARTESIAN_POINT('',(0.,0.));
#5443 = VECTOR('',#5444,1.);
#5444 = DIRECTION('',(1.,0.));
#5445 = ( GEOMETRIC_REPRESENTATION_CONTEXT(2) 
PARAMETRIC_REPRESENTATION_CONTEXT() REPRESENTATION_CONTEXT('2D SPACE',''
  ) );
#5446 = ADVANCED_FACE('',(#5447),#4864,.T.);
#5447 = FACE_BOUND('',#5448,.T.);
#5448 = EDGE_LOOP('',(#5449,#5481,#5482,#5514));
#5449 = ORIENTED_EDGE('',*,*,#5450,.F.);
#5450 = EDGE_CURVE('',#4782,#5451,#5453,.T.);
#5451 = VERTEX_POINT('',#5452);
#5452 = CARTESIAN_POINT('',(5.543277195068,-2.296100594191,8.));
#5453 = SURFACE_CURVE('',#5454,(#5467,#5474),.PCURVE_S1.);
#5454 = ( BOUNDED_CURVE() B_SPLINE_CURVE(11,(#5455,#5456,#5457,#5458,
    #5459,#5460,#5461,#5462,#5463,#5464,#5465,#5466),.UNSPECIFIED.,.F.,
.F.) B_SPLINE_CURVE_WITH_KNOTS((12,12),(0.,2.),
.PIECEWISE_BEZIER_KNOTS.) CURVE() GEOMETRIC_REPRESENTATION_ITEM() 
RATIONAL_B_SPLINE_CURVE((1.007744716361,1.007744716361,1.007744716361,
    1.007744716361,1.007744716361,1.007744716361,1.007744716361,
    1.007744716361,1.007744716361,1.007744716361,1.007744716361,
1.007744716361)) REPRESENTATION_ITEM('') );
#5455 = CARTESIAN_POINT('',(5.543277195068,-2.296100594191,6.));
#5456 = CARTESIAN_POINT('',(6.854806787542,0.870211935415,6.181818181818
    ));
#5457 = CARTESIAN_POINT('',(6.177279757141,4.860327336466,6.363636363636
    ));
#5458 = CARTESIAN_POINT('',(2.931617908043,8.287919815117,6.545454545455
    ));
#5459 = CARTESIAN_POINT('',(-2.349001160816,9.299162562427,
    6.727272727271));
#5460 = CARTESIAN_POINT('',(-7.706083905783,6.625791874,6.909090909093)
  );
#5461 = CARTESIAN_POINT('',(-10.13416655099,0.763881821322,
    7.090909090907));
#5462 = CARTESIAN_POINT('',(-8.236495557076,-4.914506257398,
    7.272727272729));
#5463 = CARTESIAN_POINT('',(-3.787477400579,-7.933411205843,
    7.454545454545));
#5464 = CARTESIAN_POINT('',(0.931225987163,-7.804766823953,
    7.636363636364));
#5465 = CARTESIAN_POINT('',(4.231747602592,-5.462413123799,
    7.818181818182));
#5466 = CARTESIAN_POINT('',(5.543277195068,-2.296100594191,8.));
#5467 = PCURVE('',#4864,#5468);
#5468 = DEFINITIONAL_REPRESENTATION('',(#5469),#5473);
#5469 = LINE('',#5470,#5471);
#5470 = CARTESIAN_POINT('',(5.890486225481,0.));
#5471 = VECTOR('',#5472,1.);
#5472 = DIRECTION('',(0.,1.));
#5473 = ( GEOMETRIC_REPRESENTATION_CONTEXT(2) 
PARAMETRIC_REPRESENTATION_CONTEXT() REPRESENTATION_CONTEXT('2D SPACE',''
  ) );
#5474 = PCURVE('',#5318,#5475);
#5475 = DEFINITIONAL_REPRESENTATION('',(#5476),#5480);
#5476 = LINE('',#5477,#5478);
#5477 = CARTESIAN_POINT('',(1.,0.));
#5478 = VECTOR('',#5479,1.);
#5479 = DIRECTION('',(0.,1.));
#5480 = ( GEOMETRIC_REPRESENTATION_CONTEXT(2) 
PARAMETRIC_REPRESENTATION_CONTEXT() REPRESENTATION_CONTEXT('2D SPACE',''
  ) );
#5481 = ORIENTED_EDGE('',*,*,#4846,.T.);
#5482 = ORIENTED_EDGE('',*,*,#5483,.T.);
#5483 = EDGE_CURVE('',#4815,#5484,#5486,.T.);
#5484 = VERTEX_POINT('',#5485);
#5485 = CARTESIAN_POINT('',(5.543277195068,2.29610059419,8.));
#5486 = SURFACE_CURVE('',#5487,(#5500,#5507),.PCURVE_S1.);
#5487 = ( BOUNDED_CURVE() B_SPLINE_CURVE(11,(#5488,#5489,#5490,#5491,
    #5492,#5493,#5494,#5495,#5496,#5497,#5498,#5499),.UNSPECIFIED.,.F.,
.F.) B_SPLINE_CURVE_WITH_KNOTS((12,12),(0.,2.),
.PIECEWISE_BEZIER_KNOTS.) CURVE() GEOMETRIC_REPRESENTATION_ITEM() 
RATIONAL_B_SPLINE_CURVE((1.007744716361,1.007744716361,1.007744716361,
    1.007744716361,1.007744716361,1.007744716361,1.007744716361,
    1.007744716361,1.007744716361,1.007744716361,1.007744716361,
1.007744716361)) REPRESENTATION_ITEM('') );
#5488 = CARTESIAN_POINT('',(5.543277195068,2.296100594191,6.));
#5489 = CARTESIAN_POINT('',(4.231747602593,5.462413123796,6.181818181818
    ));
#5490 = CARTESIAN_POINT('',(0.93122598716,7.804766823962,6.363636363636)
  );
#5491 = CARTESIAN_POINT('',(-3.787477400575,7.933411205825,
    6.545454545455));
#5492 = CARTESIAN_POINT('',(-8.236495557075,4.914506257419,
    6.727272727271));
#5493 = CARTESIAN_POINT('',(-10.13416655101,-0.763881821334,
    6.909090909093));
#5494 = CARTESIAN_POINT('',(-7.706083905766,-6.625791874005,
    7.090909090907));
#5495 = CARTESIAN_POINT('',(-2.349001160833,-9.29916256241,
    7.272727272729));
#5496 = CARTESIAN_POINT('',(2.931617908054,-8.287919815134,
    7.454545454545));
#5497 = CARTESIAN_POINT('',(6.177279757137,-4.860327336457,
    7.636363636364));
#5498 = CARTESIAN_POINT('',(6.854806787543,-0.870211935418,
    7.818181818182));
#5499 = CARTESIAN_POINT('',(5.543277195068,2.29610059419,8.));
#5500 = PCURVE('',#4864,#5501);
#5501 = DEFINITIONAL_REPRESENTATION('',(#5502),#5506);
#5502 = LINE('',#5503,#5504);
#5503 = CARTESIAN_POINT('',(6.675884388878,0.));
#5504 = VECTOR('',#5505,1.);
#5505 = DIRECTION('',(0.,1.));
#5506 = ( GEOMETRIC_REPRESENTATION_CONTEXT(2) 
PARAMETRIC_REPRESENTATION_CONTEXT() REPRESENTATION_CONTEXT('2D SPACE',''
  ) );
#5507 = PCURVE('',#5014,#5508);
#5508 = DEFINITIONAL_REPRESENTATION('',(#5509),#5513);
#5509 = LINE('',#5510,#5511);
#5510 = CARTESIAN_POINT('',(0.,0.));
#5511 = VECTOR('',#5512,1.);
#5512 = DIRECTION('',(0.,1.));
#5513 = ( GEOMETRIC_REPRESENTATION_CONTEXT(2) 
PARAMETRIC_REPRESENTATION_CONTEXT() REPRESENTATION_CONTEXT('2D SPACE',''
  ) );
#5514 = ORIENTED_EDGE('',*,*,#5515,.F.);
#5515 = EDGE_CURVE('',#5451,#5484,#5516,.T.);
#5516 = SURFACE_CURVE('',#5517,(#5525,#5532),.PCURVE_S1.);
#5517 = ( BOUNDED_CURVE() B_SPLINE_CURVE(6,(#5518,#5519,#5520,#5521,
#5522,#5523,#5524),.UNSPECIFIED.,.F.,.F.) B_SPLINE_CURVE_WITH_KNOTS((7,7
),(5.890486225481,6.675884388878),.PIECEWISE_BEZIER_KNOTS.) CURVE() 
GEOMETRIC_REPRESENTATION_ITEM() RATIONAL_B_SPLINE_CURVE((1.007744716361,
    1.002554895352,0.999483957836,0.998466654399,0.999483957836,
1.002554895352,1.007744716361)) REPRESENTATION_ITEM('') );
#5518 = CARTESIAN_POINT('',(5.543277195068,-2.296100594191,8.));
#5519 = CARTESIAN_POINT('',(5.845391909743,-1.56673115263,8.));
#5520 = CARTESIAN_POINT('',(6.030696573177,-0.794320187759,8.));
#5521 = CARTESIAN_POINT('',(6.093149589838,-2.61744063346E-13,8.));
#5522 = CARTESIAN_POINT('',(6.030696573177,0.794320187759,8.));
#5523 = CARTESIAN_POINT('',(5.845391909743,1.56673115263,8.));
#5524 = CARTESIAN_POINT('',(5.543277195068,2.29610059419,8.));
#5525 = PCURVE('',#4864,#5526);
#5526 = DEFINITIONAL_REPRESENTATION('',(#5527),#5531);
#5527 = LINE('',#5528,#5529);
#5528 = CARTESIAN_POINT('',(0.,2.));
#5529 = VECTOR('',#5530,1.);
#5530 = DIRECTION('',(1.,0.));
#5531 = ( GEOMETRIC_REPRESENTATION_CONTEXT(2) 
PARAMETRIC_REPRESENTATION_CONTEXT() REPRESENTATION_CONTEXT('2D SPACE',''
  ) );
#5532 = PCURVE('',#5533,#5538);
#5533 = PLANE('',#5534);
#5534 = AXIS2_PLACEMENT_3D('',#5535,#5536,#5537);
#5535 = CARTESIAN_POINT('',(0.62878076423,-2.3886365805E-14,8.));
#5536 = DIRECTION('',(0.,0.,1.));
#5537 = DIRECTION('',(1.,-7.347880794884E-16,0.));
#5538 = DEFINITIONAL_REPRESENTATION('',(#5539),#5547);
#5539 = ( BOUNDED_CURVE() B_SPLINE_CURVE(6,(#5540,#5541,#5542,#5543,
#5544,#5545,#5546),.UNSPECIFIED.,.F.,.F.) B_SPLINE_CURVE_WITH_KNOTS((7,7
),(5.890486225481,6.675884388878),.PIECEWISE_BEZIER_KNOTS.) CURVE() 
GEOMETRIC_REPRESENTATION_ITEM() RATIONAL_B_SPLINE_CURVE((1.007744716361,
    1.002554895352,0.999483957836,0.998466654399,0.999483957836,
1.002554895352,1.007744716361)) REPRESENTATION_ITEM('') );
#5540 = CARTESIAN_POINT('',(4.914496430837,-2.296100594191));
#5541 = CARTESIAN_POINT('',(5.216611145512,-1.56673115263));
#5542 = CARTESIAN_POINT('',(5.401915808946,-0.794320187759));
#5543 = CARTESIAN_POINT('',(5.464368825608,-2.338425444661E-13));
#5544 = CARTESIAN_POINT('',(5.401915808946,0.794320187759));
#5545 = CARTESIAN_POINT('',(5.216611145512,1.56673115263));
#5546 = CARTESIAN_POINT('',(4.914496430838,2.29610059419));
#5547 = ( GEOMETRIC_REPRESENTATION_CONTEXT(2) 
PARAMETRIC_REPRESENTATION_CONTEXT() REPRESENTATION_CONTEXT('2D SPACE',''
  ) );
#5548 = ADVANCED_FACE('',(#5549),#5014,.T.);
#5549 = FACE_BOUND('',#5550,.T.);
#5550 = EDGE_LOOP('',(#5551,#5552,#5553,#5584));
#5551 = ORIENTED_EDGE('',*,*,#5483,.F.);
#5552 = ORIENTED_EDGE('',*,*,#4992,.T.);
#5553 = ORIENTED_EDGE('',*,*,#5554,.T.);
#5554 = EDGE_CURVE('',#4962,#5555,#5557,.T.);
#5555 = VERTEX_POINT('',#5556);
#5556 = CARTESIAN_POINT('',(-4.133652434855,2.386565346,8.));
#5557 = SURFACE_CURVE('',#5558,(#5570,#5577),.PCURVE_S1.);
#5558 = B_SPLINE_CURVE_WITH_KNOTS('',10,(#5559,#5560,#5561,#5562,#5563,
    #5564,#5565,#5566,#5567,#5568,#5569),.UNSPECIFIED.,.F.,.F.,(11,11),(
    0.,2.),.PIECEWISE_BEZIER_KNOTS.);
#5559 = CARTESIAN_POINT('',(-4.133652434855,2.386565346,6.));
#5560 = CARTESIAN_POINT('',(-5.633175666516,-0.210685078366,6.2));
#5561 = CARTESIAN_POINT('',(-5.321071289824,-3.856661309324,6.4));
#5562 = CARTESIAN_POINT('',(-2.360006807163,-7.110849888571,6.6));
#5563 = CARTESIAN_POINT('',(2.722039721381,-7.881031519534,6.8));
#5564 = CARTESIAN_POINT('',(7.649845114228,-4.416640135928,7.));
#5565 = CARTESIAN_POINT('',(8.18619336461,1.583160210902,7.2));
#5566 = CARTESIAN_POINT('',(4.978173242432,5.599250792416,7.4));
#5567 = CARTESIAN_POINT('',(0.67943102275,6.536513566989,7.6));
#5568 = CARTESIAN_POINT('',(-2.634129203193,4.983815770368,7.8));
#5569 = CARTESIAN_POINT('',(-4.133652434855,2.386565346,8.));
#5570 = PCURVE('',#5014,#5571);
#5571 = DEFINITIONAL_REPRESENTATION('',(#5572),#5576);
#5572 = LINE('',#5573,#5574);
#5573 = CARTESIAN_POINT('',(1.,0.));
#5574 = VECTOR('',#5575,1.);
#5575 = DIRECTION('',(0.,1.));
#5576 = ( GEOMETRIC_REPRESENTATION_CONTEXT(2) 
PARAMETRIC_REPRESENTATION_CONTEXT() REPRESENTATION_CONTEXT('2D SPACE',''
  ) );
#5577 = PCURVE('',#5198,#5578);
#5578 = DEFINITIONAL_REPRESENTATION('',(#5579),#5583);
#5579 = LINE('',#5580,#5581);
#5580 = CARTESIAN_POINT('',(2.617993877991,0.));
#5581 = VECTOR('',#5582,1.);
#5582 = DIRECTION('',(0.,1.));
#5583 = ( GEOMETRIC_REPRESENTATION_CONTEXT(2) 
PARAMETRIC_REPRESENTATION_CONTEXT() REPRESENTATION_CONTEXT('2D SPACE',''
  ) );
#5584 = ORIENTED_EDGE('',*,*,#5585,.F.);
#5585 = EDGE_CURVE('',#5484,#5555,#5586,.T.);
#5586 = SURFACE_CURVE('',#5587,(#5599,#5606),.PCURVE_S1.);
#5587 = B_SPLINE_CURVE_WITH_KNOTS('',6,(#5588,#5589,#5590,#5591,#5592,
    #5593,#5594,#5595,#5596,#5597,#5598),.UNSPECIFIED.,.F.,.F.,(7,4,7),(
    0.,0.528174081598,1.),.UNSPECIFIED.);
#5588 = CARTESIAN_POINT('',(5.543277195068,2.29610059419,8.));
#5589 = CARTESIAN_POINT('',(5.049395722064,3.23482538457,8.));
#5590 = CARTESIAN_POINT('',(4.355529417517,4.068293046109,8.));
#5591 = CARTESIAN_POINT('',(3.484882478027,4.740884712195,8.));
#5592 = CARTESIAN_POINT('',(2.481519742579,5.20079110103,8.));
#5593 = CARTESIAN_POINT('',(0.457155104386,5.604069327516,8.));
#5594 = CARTESIAN_POINT('',(-1.534187473954,5.1048738524,8.));
#5595 = CARTESIAN_POINT('',(-2.412956286604,4.664964386211,8.));
#5596 = CARTESIAN_POINT('',(-3.172205956681,4.035424063087,8.));
#5597 = CARTESIAN_POINT('',(-3.757161806253,3.256105283989,8.));
#5598 = CARTESIAN_POINT('',(-4.133652434855,2.386565346,8.));
#5599 = PCURVE('',#5014,#5600);
#5600 = DEFINITIONAL_REPRESENTATION('',(#5601),#5605);
#5601 = LINE('',#5602,#5603);
#5602 = CARTESIAN_POINT('',(0.,2.));
#5603 = VECTOR('',#5604,1.);
#5604 = DIRECTION('',(1.,0.));
#5605 = ( GEOMETRIC_REPRESENTATION_CONTEXT(2) 
PARAMETRIC_REPRESENTATION_CONTEXT() REPRESENTATION_CONTEXT('2D SPACE',''
  ) );
#5606 = PCURVE('',#5533,#5607);
#5607 = DEFINITIONAL_REPRESENTATION('',(#5608),#5620);
#5608 = B_SPLINE_CURVE_WITH_KNOTS('',6,(#5609,#5610,#5611,#5612,#5613,
    #5614,#5615,#5616,#5617,#5618,#5619),.UNSPECIFIED.,.F.,.F.,(7,4,7),(
    0.,0.528174081598,1.),.UNSPECIFIED.);
#5609 = CARTESIAN_POINT('',(4.914496430838,2.29610059419));
#5610 = CARTESIAN_POINT('',(4.420614957834,3.23482538457));
#5611 = CARTESIAN_POINT('',(3.726748653287,4.068293046109));
#5612 = CARTESIAN_POINT('',(2.856101713797,4.740884712195));
#5613 = CARTESIAN_POINT('',(1.852738978349,5.200791101031));
#5614 = CARTESIAN_POINT('',(-0.171625659844,5.604069327516));
#5615 = CARTESIAN_POINT('',(-2.162968238184,5.1048738524));
#5616 = CARTESIAN_POINT('',(-3.041737050834,4.664964386211));
#5617 = CARTESIAN_POINT('',(-3.800986720911,4.035424063087));
#5618 = CARTESIAN_POINT('',(-4.385942570484,3.256105283989));
#5619 = CARTESIAN_POINT('',(-4.762433199085,2.386565346));
#5620 = ( GEOMETRIC_REPRESENTATION_CONTEXT(2) 
PARAMETRIC_REPRESENTATION_CONTEXT() REPRESENTATION_CONTEXT('2D SPACE',''
  ) );
#5621 = ADVANCED_FACE('',(#5622),#5198,.T.);
#5622 = FACE_BOUND('',#5623,.T.);
#5623 = EDGE_LOOP('',(#5624,#5625,#5626,#5658));
#5624 = ORIENTED_EDGE('',*,*,#5554,.F.);
#5625 = ORIENTED_EDGE('',*,*,#5180,.T.);
#5626 = ORIENTED_EDGE('',*,*,#5627,.T.);
#5627 = EDGE_CURVE('',#5149,#5628,#5630,.T.);
#5628 = VERTEX_POINT('',#5629);
#5629 = CARTESIAN_POINT('',(-4.133652434855,-2.386565346,8.));
#5630 = SURFACE_CURVE('',#5631,(#5644,#5651),.PCURVE_S1.);
#5631 = ( BOUNDED_CURVE() B_SPLINE_CURVE(11,(#5632,#5633,#5634,#5635,
    #5636,#5637,#5638,#5639,#5640,#5641,#5642,#5643),.UNSPECIFIED.,.F.,
.F.) B_SPLINE_CURVE_WITH_KNOTS((12,12),(0.,2.),
.PIECEWISE_BEZIER_KNOTS.) CURVE() GEOMETRIC_REPRESENTATION_ITEM() 
RATIONAL_B_SPLINE_CURVE((1.013815801033,1.013815801033,1.013815801033,
    1.013815801033,1.013815801033,1.013815801033,1.013815801033,
    1.013815801033,1.013815801033,1.013815801033,1.013815801033,
1.013815801033)) REPRESENTATION_ITEM('') );
#5632 = CARTESIAN_POINT('',(-4.133652434855,-2.386565346,6.));
#5633 = CARTESIAN_POINT('',(-2.770449496982,-4.747702095424,
    6.181818181818));
#5634 = CARTESIAN_POINT('',(7.594629669105E-02,-6.252439517799,
    6.363636363636));
#5635 = CARTESIAN_POINT('',(3.81102105027,-5.863930088437,6.545454545454
    ));
#5636 = CARTESIAN_POINT('',(7.006560468971,-3.020901346774,
    6.727272727273));
#5637 = CARTESIAN_POINT('',(7.913660371367,1.654781467391,6.90909090909)
  );
#5638 = CARTESIAN_POINT('',(5.389912974143,6.026040184831,7.09090909091)
  );
#5639 = CARTESIAN_POINT('',(0.887102925865,7.578310032658,7.272727272727
    ));
#5640 = CARTESIAN_POINT('',(-3.172801897474,6.232406088121,
    7.454545454546));
#5641 = CARTESIAN_POINT('',(-5.376798309691,3.19199118115,7.636363636364
    ));
#5642 = CARTESIAN_POINT('',(-5.496855372729,-2.542859657426E-02,
    7.818181818182));
#5643 = CARTESIAN_POINT('',(-4.133652434855,-2.386565346,8.));
#5644 = PCURVE('',#5198,#5645);
#5645 = DEFINITIONAL_REPRESENTATION('',(#5646),#5650);
#5646 = LINE('',#5647,#5648);
#5647 = CARTESIAN_POINT('',(3.665191429188,0.));
#5648 = VECTOR('',#5649,1.);
#5649 = DIRECTION('',(0.,1.));
#5650 = ( GEOMETRIC_REPRESENTATION_CONTEXT(2) 
PARAMETRIC_REPRESENTATION_CONTEXT() REPRESENTATION_CONTEXT('2D SPACE',''
  ) );
#5651 = PCURVE('',#5318,#5652);
#5652 = DEFINITIONAL_REPRESENTATION('',(#5653),#5657);
#5653 = LINE('',#5654,#5655);
#5654 = CARTESIAN_POINT('',(0.,0.));
#5655 = VECTOR('',#5656,1.);
#5656 = DIRECTION('',(0.,1.));
#5657 = ( GEOMETRIC_REPRESENTATION_CONTEXT(2) 
PARAMETRIC_REPRESENTATION_CONTEXT() REPRESENTATION_CONTEXT('2D SPACE',''
  ) );
#5658 = ORIENTED_EDGE('',*,*,#5659,.F.);
#5659 = EDGE_CURVE('',#5555,#5628,#5660,.T.);
#5660 = SURFACE_CURVE('',#5661,(#5669,#5676),.PCURVE_S1.);
#5661 = ( BOUNDED_CURVE() B_SPLINE_CURVE(6,(#5662,#5663,#5664,#5665,
#5666,#5667,#5668),.UNSPECIFIED.,.F.,.F.) B_SPLINE_CURVE_WITH_KNOTS((7,7
),(2.617993877991,3.665191429188),.PIECEWISE_BEZIER_KNOTS.) CURVE() 
GEOMETRIC_REPRESENTATION_ITEM() RATIONAL_B_SPLINE_CURVE((1.013815801033,
    1.004520331021,0.999080478963,0.997285502839,0.999080478963,
1.004520331021,1.013815801033)) REPRESENTATION_ITEM('') );
#5662 = CARTESIAN_POINT('',(-4.133652434855,2.386565346,8.));
#5663 = CARTESIAN_POINT('',(-4.554040953329,1.658431073086,8.));
#5664 = CARTESIAN_POINT('',(-4.816376706691,0.849950910247,8.));
#5665 = CARTESIAN_POINT('',(-4.90556017208,2.045096388617E-13,8.));
#5666 = CARTESIAN_POINT('',(-4.816376706691,-0.849950910247,8.));
#5667 = CARTESIAN_POINT('',(-4.554040953329,-1.658431073085,8.));
#5668 = CARTESIAN_POINT('',(-4.133652434855,-2.386565346,8.));
#5669 = PCURVE('',#5198,#5670);
#5670 = DEFINITIONAL_REPRESENTATION('',(#5671),#5675);
#5671 = LINE('',#5672,#5673);
#5672 = CARTESIAN_POINT('',(0.,2.));
#5673 = VECTOR('',#5674,1.);
#5674 = DIRECTION('',(1.,0.));
#5675 = ( GEOMETRIC_REPRESENTATION_CONTEXT(2) 
PARAMETRIC_REPRESENTATION_CONTEXT() REPRESENTATION_CONTEXT('2D SPACE',''
  ) );
#5676 = PCURVE('',#5533,#5677);
#5677 = DEFINITIONAL_REPRESENTATION('',(#5678),#5686);
#5678 = ( BOUNDED_CURVE() B_SPLINE_CURVE(6,(#5679,#5680,#5681,#5682,
#5683,#5684,#5685),.UNSPECIFIED.,.F.,.F.) B_SPLINE_CURVE_WITH_KNOTS((7,7
),(2.617993877991,3.665191429188),.PIECEWISE_BEZIER_KNOTS.) CURVE() 
GEOMETRIC_REPRESENTATION_ITEM() RATIONAL_B_SPLINE_CURVE((1.013815801033,
    1.004520331021,0.999080478963,0.997285502839,0.999080478963,
1.004520331021,1.013815801033)) REPRESENTATION_ITEM('') );
#5679 = CARTESIAN_POINT('',(-4.762433199085,2.386565346));
#5680 = CARTESIAN_POINT('',(-5.182821717559,1.658431073086));
#5681 = CARTESIAN_POINT('',(-5.445157470921,0.849950910247));
#5682 = CARTESIAN_POINT('',(-5.534340936311,2.243294369188E-13));
#5683 = CARTESIAN_POINT('',(-5.445157470921,-0.849950910247));
#5684 = CARTESIAN_POINT('',(-5.182821717559,-1.658431073085));
#5685 = CARTESIAN_POINT('',(-4.762433199086,-2.386565346));
#5686 = ( GEOMETRIC_REPRESENTATION_CONTEXT(2) 
PARAMETRIC_REPRESENTATION_CONTEXT() REPRESENTATION_CONTEXT('2D SPACE',''
  ) );
#5687 = ADVANCED_FACE('',(#5688),#5318,.T.);
#5688 = FACE_BOUND('',#5689,.T.);
#5689 = EDGE_LOOP('',(#5690,#5691,#5692,#5693));
#5690 = ORIENTED_EDGE('',*,*,#5627,.F.);
#5691 = ORIENTED_EDGE('',*,*,#5296,.T.);
#5692 = ORIENTED_EDGE('',*,*,#5450,.T.);
#5693 = ORIENTED_EDGE('',*,*,#5694,.F.);
#5694 = EDGE_CURVE('',#5628,#5451,#5695,.T.);
#5695 = SURFACE_CURVE('',#5696,(#5708,#5715),.PCURVE_S1.);
#5696 = B_SPLINE_CURVE_WITH_KNOTS('',6,(#5697,#5698,#5699,#5700,#5701,
    #5702,#5703,#5704,#5705,#5706,#5707),.UNSPECIFIED.,.F.,.F.,(7,4,7),(
    0.,0.471825918402,1.),.UNSPECIFIED.);
#5697 = CARTESIAN_POINT('',(-4.133652434855,-2.386565346,8.));
#5698 = CARTESIAN_POINT('',(-3.757161806254,-3.256105283988,8.));
#5699 = CARTESIAN_POINT('',(-3.172205956681,-4.035424063087,8.));
#5700 = CARTESIAN_POINT('',(-2.412956286605,-4.664964386211,8.));
#5701 = CARTESIAN_POINT('',(-1.534187473954,-5.1048738524,8.));
#5702 = CARTESIAN_POINT('',(0.457155104386,-5.604069327516,8.));
#5703 = CARTESIAN_POINT('',(2.481519742579,-5.200791101031,8.));
#5704 = CARTESIAN_POINT('',(3.484882478027,-4.740884712195,8.));
#5705 = CARTESIAN_POINT('',(4.355529417517,-4.06829304611,8.));
#5706 = CARTESIAN_POINT('',(5.049395722064,-3.234825384571,8.));
#5707 = CARTESIAN_POINT('',(5.543277195068,-2.296100594191,8.));
#5708 = PCURVE('',#5318,#5709);
#5709 = DEFINITIONAL_REPRESENTATION('',(#5710),#5714);
#5710 = LINE('',#5711,#5712);
#5711 = CARTESIAN_POINT('',(0.,2.));
#5712 = VECTOR('',#5713,1.);
#5713 = DIRECTION('',(1.,0.));
#5714 = ( GEOMETRIC_REPRESENTATION_CONTEXT(2) 
PARAMETRIC_REPRESENTATION_CONTEXT() REPRESENTATION_CONTEXT('2D SPACE',''
  ) );
#5715 = PCURVE('',#5533,#5716);
#5716 = DEFINITIONAL_REPRESENTATION('',(#5717),#5729);
#5717 = B_SPLINE_CURVE_WITH_KNOTS('',6,(#5718,#5719,#5720,#5721,#5722,
    #5723,#5724,#5725,#5726,#5727,#5728),.UNSPECIFIED.,.F.,.F.,(7,4,7),(
    0.,0.471825918402,1.),.UNSPECIFIED.);
#5718 = CARTESIAN_POINT('',(-4.762433199086,-2.386565346));
#5719 = CARTESIAN_POINT('',(-4.385942570484,-3.256105283988));
#5720 = CARTESIAN_POINT('',(-3.800986720912,-4.035424063087));
#5721 = CARTESIAN_POINT('',(-3.041737050835,-4.664964386211));
#5722 = CARTESIAN_POINT('',(-2.162968238184,-5.1048738524));
#5723 = CARTESIAN_POINT('',(-0.171625659845,-5.604069327516));
#5724 = CARTESIAN_POINT('',(1.852738978348,-5.200791101031));
#5725 = CARTESIAN_POINT('',(2.856101713797,-4.740884712195));
#5726 = CARTESIAN_POINT('',(3.726748653287,-4.06829304611));
#5727 = CARTESIAN_POINT('',(4.420614957834,-3.234825384571));
#5728 = CARTESIAN_POINT('',(4.914496430837,-2.296100594191));
#5729 = ( GEOMETRIC_REPRESENTATION_CONTEXT(2) 
PARAMETRIC_REPRESENTATION_CONTEXT() REPRESENTATION_CONTEXT('2D SPACE',''
  ) );
#5730 = ADVANCED_FACE('',(#5731),#5533,.T.);
#5731 = FACE_BOUND('',#5732,.T.);
#5732 = EDGE_LOOP('',(#5733,#5734,#5735,#5736));
#5733 = ORIENTED_EDGE('',*,*,#5515,.T.);
#5734 = ORIENTED_EDGE('',*,*,#5585,.T.);
#5735 = ORIENTED_EDGE('',*,*,#5659,.T.);
#5736 = ORIENTED_EDGE('',*,*,#5694,.T.);
#5737 = ( GEOMETRIC_REPRESENTATION_CONTEXT(3) 
GLOBAL_UNCERTAINTY_ASSIGNED_CONTEXT((#5741)) 
GLOBAL_UNIT_ASSIGNED_CONTEXT((#5738,#5739,#5740)) REPRESENTATION_CONTEXT
('Context #1','3D Context with UNIT and UNCERTAINTY') );
#5738 = ( LENGTH_UNIT() NAMED_UNIT(*) SI_UNIT(.MILLI.,.METRE.) );
#5739 = ( NAMED_UNIT(*) PLANE_ANGLE_UNIT() SI_UNIT($,.RADIAN.) );
#5740 = ( NAMED_UNIT(*) SI_UNIT($,.STERADIAN.) SOLID_ANGLE_UNIT() );
#5741 = UNCERTAINTY_MEASURE_WITH_UNIT(LENGTH_MEASURE(1.E-04),#5738,
  'distance_accuracy_value','confusion accuracy');
#5742 = CONTEXT_DEPENDENT_SHAPE_REPRESENTATION(#5743,#5745);
#5743 = ( REPRESENTATION_RELATIONSHIP('','',#389,#10) 
REPRESENTATION_RELATIONSHIP_WITH_TRANSFORMATION(#5744) 
SHAPE_REPRESENTATION_RELATIONSHIP() );
#5744 = ITEM_DEFINED_TRANSFORMATION('','',#11,#19);
#5745 = PRODUCT_DEFINITION_SHAPE('Placement','Placement of an item',
  #5746);
#5746 = NEXT_ASSEMBLY_USAGE_OCCURRENCE('2','','',#5,#384,$);
#5747 = PRODUCT_RELATED_PRODUCT_CATEGORY('part',$,(#386));
#5748 = SHAPE_DEFINITION_REPRESENTATION(#5749,#5755);
#5749 = PRODUCT_DEFINITION_SHAPE('','',#5750);
#5750 = PRODUCT_DEFINITION('design','',#5751,#5754);
#5751 = PRODUCT_DEFINITION_FORMATION('','',#5752);
#5752 = PRODUCT('Open CASCADE STEP translator 7.9 2.3',
  'Open CASCADE STEP translator 7.9 2.3','',(#5753));
#5753 = PRODUCT_CONTEXT('',#2,'mechanical');
#5754 = PRODUCT_DEFINITION_CONTEXT('part definition',#2,'design');
#5755 = ADVANCED_BREP_SHAPE_REPRESENTATION('',(#11,#5756),#8490);
#5756 = MANIFOLD_SOLID_BREP('',#5757);
#5757 = CLOSED_SHELL('',(#5758,#5878,#5954,#6030,#6686,#7337,#7364,#7391
    ,#7398,#7576,#7775,#7922,#8090,#8183,#8249,#8311,#8346,#8411,#8447,
    #8483));
#5758 = ADVANCED_FACE('',(#5759),#5773,.F.);
#5759 = FACE_BOUND('',#5760,.F.);
#5760 = EDGE_LOOP('',(#5761,#5796,#5824,#5852));
#5761 = ORIENTED_EDGE('',*,*,#5762,.T.);
#5762 = EDGE_CURVE('',#5763,#5765,#5767,.T.);
#5763 = VERTEX_POINT('',#5764);
#5764 = CARTESIAN_POINT('',(12.,0.,-3.));
#5765 = VERTEX_POINT('',#5766);
#5766 = CARTESIAN_POINT('',(12.,0.,3.));
#5767 = SURFACE_CURVE('',#5768,(#5772,#5784),.PCURVE_S1.);
#5768 = LINE('',#5769,#5770);
#5769 = CARTESIAN_POINT('',(12.,0.,-3.));
#5770 = VECTOR('',#5771,1.);
#5771 = DIRECTION('',(0.,0.,1.));
#5772 = PCURVE('',#5773,#5778);
#5773 = PLANE('',#5774);
#5774 = AXIS2_PLACEMENT_3D('',#5775,#5776,#5777);
#5775 = CARTESIAN_POINT('',(12.,0.,-3.));
#5776 = DIRECTION('',(-0.866025403784,-0.5,0.));
#5777 = DIRECTION('',(-0.5,0.866025403784,0.));
#5778 = DEFINITIONAL_REPRESENTATION('',(#5779),#5783);
#5779 = LINE('',#5780,#5781);
#5780 = CARTESIAN_POINT('',(0.,0.));
#5781 = VECTOR('',#5782,1.);
#5782 = DIRECTION('',(0.,-1.));
#5783 = ( GEOMETRIC_REPRESENTATION_CONTEXT(2) 
PARAMETRIC_REPRESENTATION_CONTEXT() REPRESENTATION_CONTEXT('2D SPACE',''
  ) );
#5784 = PCURVE('',#5785,#5790);
#5785 = PLANE('',#5786);
#5786 = AXIS2_PLACEMENT_3D('',#5787,#5788,#5789);
#5787 = CARTESIAN_POINT('',(6.,-10.39230484541,-3.));
#5788 = DIRECTION('',(-0.866025403784,0.5,0.));
#5789 = DIRECTION('',(0.5,0.866025403784,0.));
#5790 = DEFINITIONAL_REPRESENTATION('',(#5791),#5795);
#5791 = LINE('',#5792,#5793);
#5792 = CARTESIAN_POINT('',(12.,0.));
#5793 = VECTOR('',#5794,1.);
#5794 = DIRECTION('',(0.,-1.));
#5795 = ( GEOMETRIC_REPRESENTATION_CONTEXT(2) 
PARAMETRIC_REPRESENTATION_CONTEXT() REPRESENTATION_CONTEXT('2D SPACE',''
  ) );
#5796 = ORIENTED_EDGE('',*,*,#5797,.T.);
#5797 = EDGE_CURVE('',#5765,#5798,#5800,.T.);
#5798 = VERTEX_POINT('',#5799);
#5799 = CARTESIAN_POINT('',(6.,10.392304845413,3.));
#5800 = SURFACE_CURVE('',#5801,(#5805,#5812),.PCURVE_S1.);
#5801 = LINE('',#5802,#5803);
#5802 = CARTESIAN_POINT('',(12.,0.,3.));
#5803 = VECTOR('',#5804,1.);
#5804 = DIRECTION('',(-0.5,0.866025403784,0.));
#5805 = PCURVE('',#5773,#5806);
#5806 = DEFINITIONAL_REPRESENTATION('',(#5807),#5811);
#5807 = LINE('',#5808,#5809);
#5808 = CARTESIAN_POINT('',(0.,-6.));
#5809 = VECTOR('',#5810,1.);
#5810 = DIRECTION('',(1.,0.));
#5811 = ( GEOMETRIC_REPRESENTATION_CONTEXT(2) 
PARAMETRIC_REPRESENTATION_CONTEXT() REPRESENTATION_CONTEXT('2D SPACE',''
  ) );
#5812 = PCURVE('',#5813,#5818);
#5813 = PLANE('',#5814);
#5814 = AXIS2_PLACEMENT_3D('',#5815,#5816,#5817);
#5815 = CARTESIAN_POINT('',(-1.973729821556E-16,1.973729821556E-16,3.));
#5816 = DIRECTION('',(0.,0.,1.));
#5817 = DIRECTION('',(1.,0.,-0.));
#5818 = DEFINITIONAL_REPRESENTATION('',(#5819),#5823);
#5819 = LINE('',#5820,#5821);
#5820 = CARTESIAN_POINT('',(12.,-1.973729821556E-16));
#5821 = VECTOR('',#5822,1.);
#5822 = DIRECTION('',(-0.5,0.866025403784));
#5823 = ( GEOMETRIC_REPRESENTATION_CONTEXT(2) 
PARAMETRIC_REPRESENTATION_CONTEXT() REPRESENTATION_CONTEXT('2D SPACE',''
  ) );
#5824 = ORIENTED_EDGE('',*,*,#5825,.F.);
#5825 = EDGE_CURVE('',#5826,#5798,#5828,.T.);
#5826 = VERTEX_POINT('',#5827);
#5827 = CARTESIAN_POINT('',(6.,10.392304845413,-3.));
#5828 = SURFACE_CURVE('',#5829,(#5833,#5840),.PCURVE_S1.);
#5829 = LINE('',#5830,#5831);
#5830 = CARTESIAN_POINT('',(6.,10.392304845413,-3.));
#5831 = VECTOR('',#5832,1.);
#5832 = DIRECTION('',(0.,0.,1.));
#5833 = PCURVE('',#5773,#5834);
#5834 = DEFINITIONAL_REPRESENTATION('',(#5835),#5839);
#5835 = LINE('',#5836,#5837);
#5836 = CARTESIAN_POINT('',(12.,0.));
#5837 = VECTOR('',#5838,1.);
#5838 = DIRECTION('',(0.,-1.));
#5839 = ( GEOMETRIC_REPRESENTATION_CONTEXT(2) 
PARAMETRIC_REPRESENTATION_CONTEXT() REPRESENTATION_CONTEXT('2D SPACE',''
  ) );
#5840 = PCURVE('',#5841,#5846);
#5841 = PLANE('',#5842);
#5842 = AXIS2_PLACEMENT_3D('',#5843,#5844,#5845);
#5843 = CARTESIAN_POINT('',(6.,10.392304845413,-3.));
#5844 = DIRECTION('',(0.,-1.,0.));
#5845 = DIRECTION('',(-1.,0.,0.));
#5846 = DEFINITIONAL_REPRESENTATION('',(#5847),#5851);
#5847 = LINE('',#5848,#5849);
#5848 = CARTESIAN_POINT('',(0.,-0.));
#5849 = VECTOR('',#5850,1.);
#5850 = DIRECTION('',(0.,-1.));
#5851 = ( GEOMETRIC_REPRESENTATION_CONTEXT(2) 
PARAMETRIC_REPRESENTATION_CONTEXT() REPRESENTATION_CONTEXT('2D SPACE',''
  ) );
#5852 = ORIENTED_EDGE('',*,*,#5853,.F.);
#5853 = EDGE_CURVE('',#5763,#5826,#5854,.T.);
#5854 = SURFACE_CURVE('',#5855,(#5859,#5866),.PCURVE_S1.);
#5855 = LINE('',#5856,#5857);
#5856 = CARTESIAN_POINT('',(12.,0.,-3.));
#5857 = VECTOR('',#5858,1.);
#5858 = DIRECTION('',(-0.5,0.866025403784,0.));
#5859 = PCURVE('',#5773,#5860);
#5860 = DEFINITIONAL_REPRESENTATION('',(#5861),#5865);
#5861 = LINE('',#5862,#5863);
#5862 = CARTESIAN_POINT('',(0.,0.));
#5863 = VECTOR('',#5864,1.);
#5864 = DIRECTION('',(1.,0.));
#5865 = ( GEOMETRIC_REPRESENTATION_CONTEXT(2) 
PARAMETRIC_REPRESENTATION_CONTEXT() REPRESENTATION_CONTEXT('2D SPACE',''
  ) );
#5866 = PCURVE('',#5867,#5872);
#5867 = PLANE('',#5868);
#5868 = AXIS2_PLACEMENT_3D('',#5869,#5870,#5871);
#5869 = CARTESIAN_POINT('',(-1.973729821556E-16,1.973729821556E-16,-3.)
  );
#5870 = DIRECTION('',(0.,0.,1.));
#5871 = DIRECTION('',(1.,0.,-0.));
#5872 = DEFINITIONAL_REPRESENTATION('',(#5873),#5877);
#5873 = LINE('',#5874,#5875);
#5874 = CARTESIAN_POINT('',(12.,-1.973729821556E-16));
#5875 = VECTOR('',#5876,1.);
#5876 = DIRECTION('',(-0.5,0.866025403784));
#5877 = ( GEOMETRIC_REPRESENTATION_CONTEXT(2) 
PARAMETRIC_REPRESENTATION_CONTEXT() REPRESENTATION_CONTEXT('2D SPACE',''
  ) );
#5878 = ADVANCED_FACE('',(#5879),#5785,.F.);
#5879 = FACE_BOUND('',#5880,.F.);
#5880 = EDGE_LOOP('',(#5881,#5911,#5932,#5933));
#5881 = ORIENTED_EDGE('',*,*,#5882,.T.);
#5882 = EDGE_CURVE('',#5883,#5885,#5887,.T.);
#5883 = VERTEX_POINT('',#5884);
#5884 = CARTESIAN_POINT('',(6.,-10.39230484541,-3.));
#5885 = VERTEX_POINT('',#5886);
#5886 = CARTESIAN_POINT('',(6.,-10.39230484541,3.));
#5887 = SURFACE_CURVE('',#5888,(#5892,#5899),.PCURVE_S1.);
#5888 = LINE('',#5889,#5890);
#5889 = CARTESIAN_POINT('',(6.,-10.39230484541,-3.));
#5890 = VECTOR('',#5891,1.);
#5891 = DIRECTION('',(0.,0.,1.));
#5892 = PCURVE('',#5785,#5893);
#5893 = DEFINITIONAL_REPRESENTATION('',(#5894),#5898);
#5894 = LINE('',#5895,#5896);
#5895 = CARTESIAN_POINT('',(0.,0.));
#5896 = VECTOR('',#5897,1.);
#5897 = DIRECTION('',(0.,-1.));
#5898 = ( GEOMETRIC_REPRESENTATION_CONTEXT(2) 
PARAMETRIC_REPRESENTATION_CONTEXT() REPRESENTATION_CONTEXT('2D SPACE',''
  ) );
#5899 = PCURVE('',#5900,#5905);
#5900 = PLANE('',#5901);
#5901 = AXIS2_PLACEMENT_3D('',#5902,#5903,#5904);
#5902 = CARTESIAN_POINT('',(-6.,-10.39230484541,-3.));
#5903 = DIRECTION('',(2.960594732334E-16,1.,-0.));
#5904 = DIRECTION('',(1.,-2.960594732334E-16,0.));
#5905 = DEFINITIONAL_REPRESENTATION('',(#5906),#5910);
#5906 = LINE('',#5907,#5908);
#5907 = CARTESIAN_POINT('',(12.,0.));
#5908 = VECTOR('',#5909,1.);
#5909 = DIRECTION('',(0.,-1.));
#5910 = ( GEOMETRIC_REPRESENTATION_CONTEXT(2) 
PARAMETRIC_REPRESENTATION_CONTEXT() REPRESENTATION_CONTEXT('2D SPACE',''
  ) );
#5911 = ORIENTED_EDGE('',*,*,#5912,.T.);
#5912 = EDGE_CURVE('',#5885,#5765,#5913,.T.);
#5913 = SURFACE_CURVE('',#5914,(#5918,#5925),.PCURVE_S1.);
#5914 = LINE('',#5915,#5916);
#5915 = CARTESIAN_POINT('',(6.,-10.39230484541,3.));
#5916 = VECTOR('',#5917,1.);
#5917 = DIRECTION('',(0.5,0.866025403784,0.));
#5918 = PCURVE('',#5785,#5919);
#5919 = DEFINITIONAL_REPRESENTATION('',(#5920),#5924);
#5920 = LINE('',#5921,#5922);
#5921 = CARTESIAN_POINT('',(0.,-6.));
#5922 = VECTOR('',#5923,1.);
#5923 = DIRECTION('',(1.,0.));
#5924 = ( GEOMETRIC_REPRESENTATION_CONTEXT(2) 
PARAMETRIC_REPRESENTATION_CONTEXT() REPRESENTATION_CONTEXT('2D SPACE',''
  ) );
#5925 = PCURVE('',#5813,#5926);
#5926 = DEFINITIONAL_REPRESENTATION('',(#5927),#5931);
#5927 = LINE('',#5928,#5929);
#5928 = CARTESIAN_POINT('',(6.,-10.39230484541));
#5929 = VECTOR('',#5930,1.);
#5930 = DIRECTION('',(0.5,0.866025403784));
#5931 = ( GEOMETRIC_REPRESENTATION_CONTEXT(2) 
PARAMETRIC_REPRESENTATION_CONTEXT() REPRESENTATION_CONTEXT('2D SPACE',''
  ) );
#5932 = ORIENTED_EDGE('',*,*,#5762,.F.);
#5933 = ORIENTED_EDGE('',*,*,#5934,.F.);
#5934 = EDGE_CURVE('',#5883,#5763,#5935,.T.);
#5935 = SURFACE_CURVE('',#5936,(#5940,#5947),.PCURVE_S1.);
#5936 = LINE('',#5937,#5938);
#5937 = CARTESIAN_POINT('',(6.,-10.39230484541,-3.));
#5938 = VECTOR('',#5939,1.);
#5939 = DIRECTION('',(0.5,0.866025403784,0.));
#5940 = PCURVE('',#5785,#5941);
#5941 = DEFINITIONAL_REPRESENTATION('',(#5942),#5946);
#5942 = LINE('',#5943,#5944);
#5943 = CARTESIAN_POINT('',(0.,0.));
#5944 = VECTOR('',#5945,1.);
#5945 = DIRECTION('',(1.,0.));
#5946 = ( GEOMETRIC_REPRESENTATION_CONTEXT(2) 
PARAMETRIC_REPRESENTATION_CONTEXT() REPRESENTATION_CONTEXT('2D SPACE',''
  ) );
#5947 = PCURVE('',#5867,#5948);
#5948 = DEFINITIONAL_REPRESENTATION('',(#5949),#5953);
#5949 = LINE('',#5950,#5951);
#5950 = CARTESIAN_POINT('',(6.,-10.39230484541));
#5951 = VECTOR('',#5952,1.);
#5952 = DIRECTION('',(0.5,0.866025403784));
#5953 = ( GEOMETRIC_REPRESENTATION_CONTEXT(2) 
PARAMETRIC_REPRESENTATION_CONTEXT() REPRESENTATION_CONTEXT('2D SPACE',''
  ) );
#5954 = ADVANCED_FACE('',(#5955),#5841,.F.);
#5955 = FACE_BOUND('',#5956,.F.);
#5956 = EDGE_LOOP('',(#5957,#5958,#5981,#6009));
#5957 = ORIENTED_EDGE('',*,*,#5825,.T.);
#5958 = ORIENTED_EDGE('',*,*,#5959,.T.);
#5959 = EDGE_CURVE('',#5798,#5960,#5962,.T.);
#5960 = VERTEX_POINT('',#5961);
#5961 = CARTESIAN_POINT('',(-6.,10.392304845413,3.));
#5962 = SURFACE_CURVE('',#5963,(#5967,#5974),.PCURVE_S1.);
#5963 = LINE('',#5964,#5965);
#5964 = CARTESIAN_POINT('',(6.,10.392304845413,3.));
#5965 = VECTOR('',#5966,1.);
#5966 = DIRECTION('',(-1.,0.,0.));
#5967 = PCURVE('',#5841,#5968);
#5968 = DEFINITIONAL_REPRESENTATION('',(#5969),#5973);
#5969 = LINE('',#5970,#5971);
#5970 = CARTESIAN_POINT('',(0.,-6.));
#5971 = VECTOR('',#5972,1.);
#5972 = DIRECTION('',(1.,0.));
#5973 = ( GEOMETRIC_REPRESENTATION_CONTEXT(2) 
PARAMETRIC_REPRESENTATION_CONTEXT() REPRESENTATION_CONTEXT('2D SPACE',''
  ) );
#5974 = PCURVE('',#5813,#5975);
#5975 = DEFINITIONAL_REPRESENTATION('',(#5976),#5980);
#5976 = LINE('',#5977,#5978);
#5977 = CARTESIAN_POINT('',(6.,10.392304845413));
#5978 = VECTOR('',#5979,1.);
#5979 = DIRECTION('',(-1.,0.));
#5980 = ( GEOMETRIC_REPRESENTATION_CONTEXT(2) 
PARAMETRIC_REPRESENTATION_CONTEXT() REPRESENTATION_CONTEXT('2D SPACE',''
  ) );
#5981 = ORIENTED_EDGE('',*,*,#5982,.F.);
#5982 = EDGE_CURVE('',#5983,#5960,#5985,.T.);
#5983 = VERTEX_POINT('',#5984);
#5984 = CARTESIAN_POINT('',(-6.,10.392304845413,-3.));
#5985 = SURFACE_CURVE('',#5986,(#5990,#5997),.PCURVE_S1.);
#5986 = LINE('',#5987,#5988);
#5987 = CARTESIAN_POINT('',(-6.,10.392304845413,-3.));
#5988 = VECTOR('',#5989,1.);
#5989 = DIRECTION('',(0.,0.,1.));
#5990 = PCURVE('',#5841,#5991);
#5991 = DEFINITIONAL_REPRESENTATION('',(#5992),#5996);
#5992 = LINE('',#5993,#5994);
#5993 = CARTESIAN_POINT('',(12.,0.));
#5994 = VECTOR('',#5995,1.);
#5995 = DIRECTION('',(0.,-1.));
#5996 = ( GEOMETRIC_REPRESENTATION_CONTEXT(2) 
PARAMETRIC_REPRESENTATION_CONTEXT() REPRESENTATION_CONTEXT('2D SPACE',''
  ) );
#5997 = PCURVE('',#5998,#6003);
#5998 = PLANE('',#5999);
#5999 = AXIS2_PLACEMENT_3D('',#6000,#6001,#6002);
#6000 = CARTESIAN_POINT('',(-6.,10.392304845413,-3.));
#6001 = DIRECTION('',(0.866025403784,-0.5,0.));
#6002 = DIRECTION('',(-0.5,-0.866025403784,0.));
#6003 = DEFINITIONAL_REPRESENTATION('',(#6004),#6008);
#6004 = LINE('',#6005,#6006);
#6005 = CARTESIAN_POINT('',(0.,0.));
#6006 = VECTOR('',#6007,1.);
#6007 = DIRECTION('',(0.,-1.));
#6008 = ( GEOMETRIC_REPRESENTATION_CONTEXT(2) 
PARAMETRIC_REPRESENTATION_CONTEXT() REPRESENTATION_CONTEXT('2D SPACE',''
  ) );
#6009 = ORIENTED_EDGE('',*,*,#6010,.F.);
#6010 = EDGE_CURVE('',#5826,#5983,#6011,.T.);
#6011 = SURFACE_CURVE('',#6012,(#6016,#6023),.PCURVE_S1.);
#6012 = LINE('',#6013,#6014);
#6013 = CARTESIAN_POINT('',(6.,10.392304845413,-3.));
#6014 = VECTOR('',#6015,1.);
#6015 = DIRECTION('',(-1.,0.,0.));
#6016 = PCURVE('',#5841,#6017);
#6017 = DEFINITIONAL_REPRESENTATION('',(#6018),#6022);
#6018 = LINE('',#6019,#6020);
#6019 = CARTESIAN_POINT('',(0.,-0.));
#6020 = VECTOR('',#6021,1.);
#6021 = DIRECTION('',(1.,0.));
#6022 = ( GEOMETRIC_REPRESENTATION_CONTEXT(2) 
PARAMETRIC_REPRESENTATION_CONTEXT() REPRESENTATION_CONTEXT('2D SPACE',''
  ) );
#6023 = PCURVE('',#5867,#6024);
#6024 = DEFINITIONAL_REPRESENTATION('',(#6025),#6029);
#6025 = LINE('',#6026,#6027);
#6026 = CARTESIAN_POINT('',(6.,10.392304845413));
#6027 = VECTOR('',#6028,1.);
#6028 = DIRECTION('',(-1.,0.));
#6029 = ( GEOMETRIC_REPRESENTATION_CONTEXT(2) 
PARAMETRIC_REPRESENTATION_CONTEXT() REPRESENTATION_CONTEXT('2D SPACE',''
  ) );
#6030 = ADVANCED_FACE('',(#6031,#6108),#5867,.F.);
#6031 = FACE_BOUND('',#6032,.F.);
#6032 = EDGE_LOOP('',(#6033,#6034,#6035,#6058,#6086,#6107));
#6033 = ORIENTED_EDGE('',*,*,#5853,.T.);
#6034 = ORIENTED_EDGE('',*,*,#6010,.T.);
#6035 = ORIENTED_EDGE('',*,*,#6036,.T.);
#6036 = EDGE_CURVE('',#5983,#6037,#6039,.T.);
#6037 = VERTEX_POINT('',#6038);
#6038 = CARTESIAN_POINT('',(-12.,1.469576158977E-15,-3.));
#6039 = SURFACE_CURVE('',#6040,(#6044,#6051),.PCURVE_S1.);
#6040 = LINE('',#6041,#6042);
#6041 = CARTESIAN_POINT('',(-6.,10.392304845413,-3.));
#6042 = VECTOR('',#6043,1.);
#6043 = DIRECTION('',(-0.5,-0.866025403784,0.));
#6044 = PCURVE('',#5867,#6045);
#6045 = DEFINITIONAL_REPRESENTATION('',(#6046),#6050);
#6046 = LINE('',#6047,#6048);
#6047 = CARTESIAN_POINT('',(-6.,10.392304845413));
#6048 = VECTOR('',#6049,1.);
#6049 = DIRECTION('',(-0.5,-0.866025403784));
#6050 = ( GEOMETRIC_REPRESENTATION_CONTEXT(2) 
PARAMETRIC_REPRESENTATION_CONTEXT() REPRESENTATION_CONTEXT('2D SPACE',''
  ) );
#6051 = PCURVE('',#5998,#6052);
#6052 = DEFINITIONAL_REPRESENTATION('',(#6053),#6057);
#6053 = LINE('',#6054,#6055);
#6054 = CARTESIAN_POINT('',(0.,0.));
#6055 = VECTOR('',#6056,1.);
#6056 = DIRECTION('',(1.,0.));
#6057 = ( GEOMETRIC_REPRESENTATION_CONTEXT(2) 
PARAMETRIC_REPRESENTATION_CONTEXT() REPRESENTATION_CONTEXT('2D SPACE',''
  ) );
#6058 = ORIENTED_EDGE('',*,*,#6059,.T.);
#6059 = EDGE_CURVE('',#6037,#6060,#6062,.T.);
#6060 = VERTEX_POINT('',#6061);
#6061 = CARTESIAN_POINT('',(-6.,-10.39230484541,-3.));
#6062 = SURFACE_CURVE('',#6063,(#6067,#6074),.PCURVE_S1.);
#6063 = LINE('',#6064,#6065);
#6064 = CARTESIAN_POINT('',(-12.,1.469576158977E-15,-3.));
#6065 = VECTOR('',#6066,1.);
#6066 = DIRECTION('',(0.5,-0.866025403784,0.));
#6067 = PCURVE('',#5867,#6068);
#6068 = DEFINITIONAL_REPRESENTATION('',(#6069),#6073);
#6069 = LINE('',#6070,#6071);
#6070 = CARTESIAN_POINT('',(-12.,1.272203176821E-15));
#6071 = VECTOR('',#6072,1.);
#6072 = DIRECTION('',(0.5,-0.866025403784));
#6073 = ( GEOMETRIC_REPRESENTATION_CONTEXT(2) 
PARAMETRIC_REPRESENTATION_CONTEXT() REPRESENTATION_CONTEXT('2D SPACE',''
  ) );
#6074 = PCURVE('',#6075,#6080);
#6075 = PLANE('',#6076);
#6076 = AXIS2_PLACEMENT_3D('',#6077,#6078,#6079);
#6077 = CARTESIAN_POINT('',(-12.,1.469576158977E-15,-3.));
#6078 = DIRECTION('',(0.866025403784,0.5,-0.));
#6079 = DIRECTION('',(0.5,-0.866025403784,0.));
#6080 = DEFINITIONAL_REPRESENTATION('',(#6081),#6085);
#6081 = LINE('',#6082,#6083);
#6082 = CARTESIAN_POINT('',(0.,0.));
#6083 = VECTOR('',#6084,1.);
#6084 = DIRECTION('',(1.,0.));
#6085 = ( GEOMETRIC_REPRESENTATION_CONTEXT(2) 
PARAMETRIC_REPRESENTATION_CONTEXT() REPRESENTATION_CONTEXT('2D SPACE',''
  ) );
#6086 = ORIENTED_EDGE('',*,*,#6087,.T.);
#6087 = EDGE_CURVE('',#6060,#5883,#6088,.T.);
#6088 = SURFACE_CURVE('',#6089,(#6093,#6100),.PCURVE_S1.);
#6089 = LINE('',#6090,#6091);
#6090 = CARTESIAN_POINT('',(-6.,-10.39230484541,-3.));
#6091 = VECTOR('',#6092,1.);
#6092 = DIRECTION('',(1.,-2.960594732334E-16,0.));
#6093 = PCURVE('',#5867,#6094);
#6094 = DEFINITIONAL_REPRESENTATION('',(#6095),#6099);
#6095 = LINE('',#6096,#6097);
#6096 = CARTESIAN_POINT('',(-6.,-10.39230484541));
#6097 = VECTOR('',#6098,1.);
#6098 = DIRECTION('',(1.,-2.960594732334E-16));
#6099 = ( GEOMETRIC_REPRESENTATION_CONTEXT(2) 
PARAMETRIC_REPRESENTATION_CONTEXT() REPRESENTATION_CONTEXT('2D SPACE',''
  ) );
#6100 = PCURVE('',#5900,#6101);
#6101 = DEFINITIONAL_REPRESENTATION('',(#6102),#6106);
#6102 = LINE('',#6103,#6104);
#6103 = CARTESIAN_POINT('',(0.,0.));
#6104 = VECTOR('',#6105,1.);
#6105 = DIRECTION('',(1.,0.));
#6106 = ( GEOMETRIC_REPRESENTATION_CONTEXT(2) 
PARAMETRIC_REPRESENTATION_CONTEXT() REPRESENTATION_CONTEXT('2D SPACE',''
  ) );
#6107 = ORIENTED_EDGE('',*,*,#5934,.T.);
#6108 = FACE_BOUND('',#6109,.F.);
#6109 = EDGE_LOOP('',(#6110,#6228,#6400,#6516));
#6110 = ORIENTED_EDGE('',*,*,#6111,.F.);
#6111 = EDGE_CURVE('',#6112,#6114,#6116,.T.);
#6112 = VERTEX_POINT('',#6113);
#6113 = CARTESIAN_POINT('',(-5.681859124944,2.353503109045,-3.));
#6114 = VERTEX_POINT('',#6115);
#6115 = CARTESIAN_POINT('',(-5.681859124944,-2.353503109045,-3.));
#6116 = SURFACE_CURVE('',#6117,(#6125,#6136),.PCURVE_S1.);
#6117 = ( BOUNDED_CURVE() B_SPLINE_CURVE(6,(#6118,#6119,#6120,#6121,
#6122,#6123,#6124),.UNSPECIFIED.,.F.,.F.) B_SPLINE_CURVE_WITH_KNOTS((7,7
),(5.890486225481,6.675884388878),.PIECEWISE_BEZIER_KNOTS.) CURVE() 
GEOMETRIC_REPRESENTATION_ITEM() RATIONAL_B_SPLINE_CURVE((1.007744716361,
    1.002554895352,0.999483957836,0.998466654399,0.999483957836,
1.002554895352,1.007744716361)) REPRESENTATION_ITEM('') );
#6118 = CARTESIAN_POINT('',(-5.681859124944,2.353503109046,-3.));
#6119 = CARTESIAN_POINT('',(-5.991526707486,1.605899431446,-3.));
#6120 = CARTESIAN_POINT('',(-6.181463987506,0.814178192453,-3.));
#6121 = CARTESIAN_POINT('',(-6.245478329584,2.528500319074E-13,-3.));
#6122 = CARTESIAN_POINT('',(-6.181463987506,-0.814178192453,-3.));
#6123 = CARTESIAN_POINT('',(-5.991526707486,-1.605899431446,-3.));
#6124 = CARTESIAN_POINT('',(-5.681859124945,-2.353503109045,-3.));
#6125 = PCURVE('',#5867,#6126);
#6126 = DEFINITIONAL_REPRESENTATION('',(#6127),#6135);
#6127 = ( BOUNDED_CURVE() B_SPLINE_CURVE(6,(#6128,#6129,#6130,#6131,
#6132,#6133,#6134),.UNSPECIFIED.,.F.,.F.) B_SPLINE_CURVE_WITH_KNOTS((7,7
),(5.890486225481,6.675884388878),.PIECEWISE_BEZIER_KNOTS.) CURVE() 
GEOMETRIC_REPRESENTATION_ITEM() RATIONAL_B_SPLINE_CURVE((1.007744716361,
    1.002554895352,0.999483957836,0.998466654399,0.999483957836,
1.002554895352,1.007744716361)) REPRESENTATION_ITEM('') );
#6128 = CARTESIAN_POINT('',(-5.681859124944,2.353503109046));
#6129 = CARTESIAN_POINT('',(-5.991526707486,1.605899431446));
#6130 = CARTESIAN_POINT('',(-6.181463987506,0.814178192453));
#6131 = CARTESIAN_POINT('',(-6.245478329584,2.526526589253E-13));
#6132 = CARTESIAN_POINT('',(-6.181463987506,-0.814178192453));
#6133 = CARTESIAN_POINT('',(-5.991526707486,-1.605899431446));
#6134 = CARTESIAN_POINT('',(-5.681859124945,-2.353503109045));
#6135 = ( GEOMETRIC_REPRESENTATION_CONTEXT(2) 
PARAMETRIC_REPRESENTATION_CONTEXT() REPRESENTATION_CONTEXT('2D SPACE',''
  ) );
#6136 = PCURVE('',#6137,#6222);
#6137 = ( BOUNDED_SURFACE() B_SPLINE_SURFACE(6,11,(
    (#6138,#6139,#6140,#6141,#6142,#6143,#6144,#6145,#6146,#6147,#6148
      ,#6149)
    ,(#6150,#6151,#6152,#6153,#6154,#6155,#6156,#6157,#6158,#6159,#6160
      ,#6161)
    ,(#6162,#6163,#6164,#6165,#6166,#6167,#6168,#6169,#6170,#6171,#6172
      ,#6173)
    ,(#6174,#6175,#6176,#6177,#6178,#6179,#6180,#6181,#6182,#6183,#6184
      ,#6185)
    ,(#6186,#6187,#6188,#6189,#6190,#6191,#6192,#6193,#6194,#6195,#6196
      ,#6197)
    ,(#6198,#6199,#6200,#6201,#6202,#6203,#6204,#6205,#6206,#6207,#6208
      ,#6209)
    ,(#6210,#6211,#6212,#6213,#6214,#6215,#6216,#6217,#6218,#6219,#6220
,#6221
    )),.UNSPECIFIED.,.F.,.F.,.F.) B_SPLINE_SURFACE_WITH_KNOTS((7,7),(12,
    12),(5.890486225481,6.675884388878),(0.,2.),
.PIECEWISE_BEZIER_KNOTS.) GEOMETRIC_REPRESENTATION_ITEM() 
RATIONAL_B_SPLINE_SURFACE((
    (1.007744716361,1.007744716361,1.007744716361,1.007744716361
      ,1.007744716361,1.007744716361,1.007744716361,1.007744716361
      ,1.007744716361,1.007744716361,1.007744716361,1.007744716361)
    ,(1.002554895352,1.002554895352,1.002554895352,1.002554895352
      ,1.002554895352,1.002554895353,1.002554895352,1.002554895353
      ,1.002554895352,1.002554895352,1.002554895352,1.002554895352)
    ,(0.999483957836,0.999483957836,0.999483957836,0.999483957835
      ,0.999483957836,0.999483957835,0.999483957836,0.999483957835
      ,0.999483957836,0.999483957836,0.999483957836,0.999483957836)
    ,(0.998466654399,0.998466654399,0.998466654399,0.998466654399
      ,0.998466654399,0.998466654399,0.998466654399,0.998466654399
      ,0.998466654399,0.998466654399,0.998466654399,0.998466654399)
    ,(0.999483957836,0.999483957836,0.999483957836,0.999483957835
      ,0.999483957836,0.999483957835,0.999483957836,0.999483957835
      ,0.999483957836,0.999483957836,0.999483957836,0.999483957836)
    ,(1.002554895352,1.002554895352,1.002554895352,1.002554895352
      ,1.002554895353,1.002554895352,1.002554895353,1.002554895352
      ,1.002554895353,1.002554895352,1.002554895352,1.002554895352)
    ,(1.007744716361,1.007744716361,1.007744716361,1.007744716361
      ,1.007744716361,1.007744716361,1.007744716361,1.007744716361
      ,1.007744716361,1.007744716361,1.007744716361,1.007744716361
))) REPRESENTATION_ITEM('') SURFACE() );
#6138 = CARTESIAN_POINT('',(-5.681859124944,2.353503109045,-3.));
#6139 = CARTESIAN_POINT('',(-7.026176957231,-0.891967233801,
    -2.818181818182));
#6140 = CARTESIAN_POINT('',(-6.33171175107,-4.981835519877,
    -2.636363636364));
#6141 = CARTESIAN_POINT('',(-3.004908355744,-8.495117810497,
    -2.454545454545));
#6142 = CARTESIAN_POINT('',(2.407726189836,-9.531641626484,
    -2.272727272728));
#6143 = CARTESIAN_POINT('',(7.898736003429,-6.791436670854,
    -2.090909090908));
#6144 = CARTESIAN_POINT('',(10.387520714773,-0.782978866852,
    -1.909090909092));
#6145 = CARTESIAN_POINT('',(8.442407946004,5.03736891383,-1.727272727272
    ));
#6146 = CARTESIAN_POINT('',(3.882164335593,8.131746485991,
    -1.545454545455));
#6147 = CARTESIAN_POINT('',(-0.954506636842,7.999885994552,
    -1.363636363636));
#6148 = CARTESIAN_POINT('',(-4.337541292657,5.598973451894,
    -1.181818181818));
#6149 = CARTESIAN_POINT('',(-5.681859124944,2.353503109046,-1.));
#6150 = CARTESIAN_POINT('',(-5.991526707486,1.605899431446,-3.));
#6151 = CARTESIAN_POINT('',(-6.90881431771,-1.816452620921,
    -2.818181818182));
#6152 = CARTESIAN_POINT('',(-5.676215288739,-5.814945050844,
    -2.636363636364));
#6153 = CARTESIAN_POINT('',(-1.887143698597,-8.890495536025,
    -2.454545454544));
#6154 = CARTESIAN_POINT('',(3.661873851167,-9.214839517426,
    -2.272727272729));
#6155 = CARTESIAN_POINT('',(8.792334897663,-5.752142321116,
    -2.090909090906));
#6156 = CARTESIAN_POINT('',(10.49054295935,0.583783053277,
    -1.909090909094));
#6157 = CARTESIAN_POINT('',(7.779604549678,6.148198149371,-1.72727272727
    ));
#6158 = CARTESIAN_POINT('',(2.812211095901,8.642551183982,
    -1.545454545456));
#6159 = CARTESIAN_POINT('',(-2.007110029217,7.87429458929,
    -1.363636363636));
#6160 = CARTESIAN_POINT('',(-5.074239097261,5.028251483816,
    -1.181818181818));
#6161 = CARTESIAN_POINT('',(-5.991526707486,1.605899431446,-1.));
#6162 = CARTESIAN_POINT('',(-6.181463987506,0.814178192453,-3.));
#6163 = CARTESIAN_POINT('',(-6.646521483528,-2.71666578056,
    -2.818181818182));
#6164 = CARTESIAN_POINT('',(-4.893550676342,-6.539564100965,
    -2.636363636363));
#6165 = CARTESIAN_POINT('',(-0.714071212732,-9.107283662437,
    -2.454545454547));
#6166 = CARTESIAN_POINT('',(4.85826395364,-8.702411870187,
    -2.272727272725));
#6167 = CARTESIAN_POINT('',(9.51659304442,-4.578548661028,
    -2.090909090913));
#6168 = CARTESIAN_POINT('',(10.377570975521,1.9582317693,-1.909090909087
    ));
#6169 = CARTESIAN_POINT('',(6.945920547501,7.147649176422,
    -1.727272727275));
#6170 = CARTESIAN_POINT('',(1.668464154898,8.981577855203,
    -1.545454545453));
#6171 = CARTESIAN_POINT('',(-3.03334359885,7.583637877942,
    -1.363636363637));
#6172 = CARTESIAN_POINT('',(-5.716406491483,4.345022165469,
    -1.181818181818));
#6173 = CARTESIAN_POINT('',(-6.181463987506,0.814178192453,-1.));
#6174 = CARTESIAN_POINT('',(-6.245478329584,1.954054047301E-14,-3.));
#6175 = CARTESIAN_POINT('',(-6.245478329585,-3.567408879704,
    -2.818181818182));
#6176 = CARTESIAN_POINT('',(-4.004492019743,-7.134729902329,
    -2.636363636364));
#6177 = CARTESIAN_POINT('',(0.482138248337,-9.138093568409,
    -2.454545454545));
#6178 = CARTESIAN_POINT('',(5.963213459569,-8.007100986869,
    -2.272727272728));
#6179 = CARTESIAN_POINT('',(10.050092544657,-3.302237188902,
    -2.090909090908));
#6180 = CARTESIAN_POINT('',(10.050092544646,3.30223718891,
    -1.909090909092));
#6181 = CARTESIAN_POINT('',(5.963213459574,8.00710098685,-1.727272727272
    ));
#6182 = CARTESIAN_POINT('',(0.482138248337,9.138093568427,
    -1.545454545455));
#6183 = CARTESIAN_POINT('',(-4.004492019745,7.13472990232,
    -1.363636363636));
#6184 = CARTESIAN_POINT('',(-6.245478329584,3.567408879706,
    -1.181818181818));
#6185 = CARTESIAN_POINT('',(-6.245478329584,2.543797329165E-13,-1.));
#6186 = CARTESIAN_POINT('',(-6.181463987506,-0.814178192453,-3.));
#6187 = CARTESIAN_POINT('',(-5.716406491484,-4.345022165466,
    -2.818181818182));
#6188 = CARTESIAN_POINT('',(-3.033343598847,-7.58363787795,
    -2.636363636363));
#6189 = CARTESIAN_POINT('',(1.668464154897,-8.981577855187,
    -2.454545454547));
#6190 = CARTESIAN_POINT('',(6.945920547496,-7.147649176438,
    -2.272727272724));
#6191 = CARTESIAN_POINT('',(10.377570975536,-1.958231769294,
    -2.090909090914));
#6192 = CARTESIAN_POINT('',(9.516593044404,4.578548661036,
    -1.909090909086));
#6193 = CARTESIAN_POINT('',(4.85826395365,8.702411870169,-1.727272727276
    ));
#6194 = CARTESIAN_POINT('',(-0.714071212734,9.107283662455,
    -1.545454545452));
#6195 = CARTESIAN_POINT('',(-4.893550676342,6.539564100955,
    -1.363636363637));
#6196 = CARTESIAN_POINT('',(-6.646521483528,2.716665780563,
    -1.181818181818));
#6197 = CARTESIAN_POINT('',(-6.181463987506,-0.814178192453,-1.));
#6198 = CARTESIAN_POINT('',(-5.991526707486,-1.605899431446,-3.));
#6199 = CARTESIAN_POINT('',(-5.074239097262,-5.028251483813,
    -2.818181818182));
#6200 = CARTESIAN_POINT('',(-2.007110029213,-7.874294589301,
    -2.636363636363));
#6201 = CARTESIAN_POINT('',(2.812211095895,-8.64255118396,
    -2.454545454546));
#6202 = CARTESIAN_POINT('',(7.779604549683,-6.148198149397,
    -2.272727272727));
#6203 = CARTESIAN_POINT('',(10.49054295935,-0.583783053261,
    -2.09090909091));
#6204 = CARTESIAN_POINT('',(8.792334897657,5.752142321119,-1.90909090909
    ));
#6205 = CARTESIAN_POINT('',(3.661873851174,9.214839517408,
    -1.727272727273));
#6206 = CARTESIAN_POINT('',(-1.887143698601,8.890495536043,
    -1.545454545455));
#6207 = CARTESIAN_POINT('',(-5.676215288738,5.814945050835,
    -1.363636363636));
#6208 = CARTESIAN_POINT('',(-6.908814317711,1.816452620924,
    -1.181818181818));
#6209 = CARTESIAN_POINT('',(-5.991526707486,-1.605899431446,-1.));
#6210 = CARTESIAN_POINT('',(-5.681859124944,-2.353503109045,-3.));
#6211 = CARTESIAN_POINT('',(-4.337541292658,-5.598973451891,
    -2.818181818182));
#6212 = CARTESIAN_POINT('',(-0.954506636839,-7.999885994562,
    -2.636363636364));
#6213 = CARTESIAN_POINT('',(3.882164335589,-8.13174648597,
    -2.454545454545));
#6214 = CARTESIAN_POINT('',(8.442407946002,-5.037368913855,
    -2.272727272728));
#6215 = CARTESIAN_POINT('',(10.387520714785,0.782978866869,
    -2.090909090908));
#6216 = CARTESIAN_POINT('',(7.898736003411,6.791436670854,
    -1.909090909092));
#6217 = CARTESIAN_POINT('',(2.407726189853,9.531641626471,
    -1.727272727272));
#6218 = CARTESIAN_POINT('',(-3.004908355755,8.495117810512,
    -1.545454545455));
#6219 = CARTESIAN_POINT('',(-6.331711751066,4.981835519869,
    -1.363636363636));
#6220 = CARTESIAN_POINT('',(-7.026176957232,0.891967233803,
    -1.181818181818));
#6221 = CARTESIAN_POINT('',(-5.681859124945,-2.353503109045,-1.));
#6222 = DEFINITIONAL_REPRESENTATION('',(#6223),#6227);
#6223 = LINE('',#6224,#6225);
#6224 = CARTESIAN_POINT('',(0.,0.));
#6225 = VECTOR('',#6226,1.);
#6226 = DIRECTION('',(1.,0.));
#6227 = ( GEOMETRIC_REPRESENTATION_CONTEXT(2) 
PARAMETRIC_REPRESENTATION_CONTEXT() REPRESENTATION_CONTEXT('2D SPACE',''
  ) );
#6228 = ORIENTED_EDGE('',*,*,#6229,.F.);
#6229 = EDGE_CURVE('',#6230,#6112,#6232,.T.);
#6230 = VERTEX_POINT('',#6231);
#6231 = CARTESIAN_POINT('',(4.263556245423,2.461565346,-3.));
#6232 = SURFACE_CURVE('',#6233,(#6245,#6260),.PCURVE_S1.);
#6233 = B_SPLINE_CURVE_WITH_KNOTS('',6,(#6234,#6235,#6236,#6237,#6238,
    #6239,#6240,#6241,#6242,#6243,#6244),.UNSPECIFIED.,.F.,.F.,(7,4,7),(
    0.,0.472573883555,1.),.UNSPECIFIED.);
#6234 = CARTESIAN_POINT('',(4.263556245423,2.461565346,-3.));
#6235 = CARTESIAN_POINT('',(3.872969091981,3.355134635343,-3.));
#6236 = CARTESIAN_POINT('',(3.26870277035,4.155340982201,-3.));
#6237 = CARTESIAN_POINT('',(2.485725981921,4.801230613677,-3.));
#6238 = CARTESIAN_POINT('',(1.580189774077,5.251783126605,-3.));
#6239 = CARTESIAN_POINT('',(-0.46741879397,5.759571643171,-3.));
#6240 = CARTESIAN_POINT('',(-2.546396491809,5.340431569992,-3.));
#6241 = CARTESIAN_POINT('',(-3.574929252743,4.866475641438,-3.));
#6242 = CARTESIAN_POINT('',(-4.466970859479,4.174567744866,-3.));
#6243 = CARTESIAN_POINT('',(-5.177227029686,3.317857221987,-3.));
#6244 = CARTESIAN_POINT('',(-5.681859124944,2.353503109046,-3.));
#6245 = PCURVE('',#5867,#6246);
#6246 = DEFINITIONAL_REPRESENTATION('',(#6247),#6259);
#6247 = B_SPLINE_CURVE_WITH_KNOTS('',6,(#6248,#6249,#6250,#6251,#6252,
    #6253,#6254,#6255,#6256,#6257,#6258),.UNSPECIFIED.,.F.,.F.,(7,4,7),(
    0.,0.472573883555,1.),.UNSPECIFIED.);
#6248 = CARTESIAN_POINT('',(4.263556245423,2.461565346));
#6249 = CARTESIAN_POINT('',(3.872969091981,3.355134635343));
#6250 = CARTESIAN_POINT('',(3.26870277035,4.155340982201));
#6251 = CARTESIAN_POINT('',(2.485725981921,4.801230613677));
#6252 = CARTESIAN_POINT('',(1.580189774077,5.251783126605));
#6253 = CARTESIAN_POINT('',(-0.46741879397,5.759571643171));
#6254 = CARTESIAN_POINT('',(-2.546396491809,5.340431569992));
#6255 = CARTESIAN_POINT('',(-3.574929252743,4.866475641438));
#6256 = CARTESIAN_POINT('',(-4.466970859479,4.174567744866));
#6257 = CARTESIAN_POINT('',(-5.177227029686,3.317857221987));
#6258 = CARTESIAN_POINT('',(-5.681859124944,2.353503109046));
#6259 = ( GEOMETRIC_REPRESENTATION_CONTEXT(2) 
PARAMETRIC_REPRESENTATION_CONTEXT() REPRESENTATION_CONTEXT('2D SPACE',''
  ) );
#6260 = PCURVE('',#6261,#6394);
#6261 = B_SPLINE_SURFACE_WITH_KNOTS('',6,11,(
    (#6262,#6263,#6264,#6265,#6266,#6267,#6268,#6269,#6270,#6271,#6272
      ,#6273)
    ,(#6274,#6275,#6276,#6277,#6278,#6279,#6280,#6281,#6282,#6283,#6284
      ,#6285)
    ,(#6286,#6287,#6288,#6289,#6290,#6291,#6292,#6293,#6294,#6295,#6296
      ,#6297)
    ,(#6298,#6299,#6300,#6301,#6302,#6303,#6304,#6305,#6306,#6307,#6308
      ,#6309)
    ,(#6310,#6311,#6312,#6313,#6314,#6315,#6316,#6317,#6318,#6319,#6320
      ,#6321)
    ,(#6322,#6323,#6324,#6325,#6326,#6327,#6328,#6329,#6330,#6331,#6332
      ,#6333)
    ,(#6334,#6335,#6336,#6337,#6338,#6339,#6340,#6341,#6342,#6343,#6344
      ,#6345)
    ,(#6346,#6347,#6348,#6349,#6350,#6351,#6352,#6353,#6354,#6355,#6356
      ,#6357)
    ,(#6358,#6359,#6360,#6361,#6362,#6363,#6364,#6365,#6366,#6367,#6368
      ,#6369)
    ,(#6370,#6371,#6372,#6373,#6374,#6375,#6376,#6377,#6378,#6379,#6380
      ,#6381)
    ,(#6382,#6383,#6384,#6385,#6386,#6387,#6388,#6389,#6390,#6391,#6392
      ,#6393
    )),.UNSPECIFIED.,.F.,.F.,.F.,(7,4,7),(12,12),(0.,0.472573883555,1.),
  (0.,2.),.UNSPECIFIED.);
#6262 = CARTESIAN_POINT('',(4.263556245423,2.461565346,-3.));
#6263 = CARTESIAN_POINT('',(2.857513407728,4.896902978506,
    -2.818181818182));
#6264 = CARTESIAN_POINT('',(-7.833297856434E-02,6.448928151401,
    -2.636363636364));
#6265 = CARTESIAN_POINT('',(-3.93078587433,6.048209457684,
    -2.454545454545));
#6266 = CARTESIAN_POINT('',(-7.226748043577,3.115835936096,
    -2.272727272727));
#6267 = CARTESIAN_POINT('',(-8.162354390513,-1.706784489334,
    -2.090909090909));
#6268 = CARTESIAN_POINT('',(-5.559295921791,-6.21541401221,
    -1.909090909091));
#6269 = CARTESIAN_POINT('',(-0.914980947121,-7.816465360523,
    -1.727272727273));
#6270 = CARTESIAN_POINT('',(3.27251010061,-6.428265152862,
    -1.545454545454));
#6271 = CARTESIAN_POINT('',(5.545769117006,-3.292302425084,
    -1.363636363636));
#6272 = CARTESIAN_POINT('',(5.669599083119,2.622771349205E-02,
    -1.181818181818));
#6273 = CARTESIAN_POINT('',(4.263556245423,2.461565346,-1.));
#6274 = CARTESIAN_POINT('',(3.872969091981,3.355134635343,-3.));
#6275 = CARTESIAN_POINT('',(1.956520669764,5.567369407515,
    -2.818181818182));
#6276 = CARTESIAN_POINT('',(-1.349569263196,6.575669003481,
    -2.636363636364));
#6277 = CARTESIAN_POINT('',(-5.208062385259,5.407738756223,
    -2.454545454545));
#6278 = CARTESIAN_POINT('',(-7.999426245843,1.761893972199,
    -2.272727272728));
#6279 = CARTESIAN_POINT('',(-8.006295999262,-3.351216658435,
    -2.090909090909));
#6280 = CARTESIAN_POINT('',(-4.4583050266,-7.446807705931,
    -1.909090909091));
#6281 = CARTESIAN_POINT('',(0.603566329575,-8.168892110784,
    -1.727272727272));
#6282 = CARTESIAN_POINT('',(4.610091682201,-5.925757921672,
    -1.545454545455));
#6283 = CARTESIAN_POINT('',(6.31613003023,-2.27316112069,-1.363636363636
    ));
#6284 = CARTESIAN_POINT('',(5.7894175142,1.14289986317,-1.181818181818)
  );
#6285 = CARTESIAN_POINT('',(3.872969091981,3.355134635343,-1.));
#6286 = CARTESIAN_POINT('',(3.26870277035,4.155340982201,-3.));
#6287 = CARTESIAN_POINT('',(0.895177551651,6.022419638583,
    -2.818181818182));
#6288 = CARTESIAN_POINT('',(-2.651156649263,6.39844365654,
    -2.636363636364));
#6289 = CARTESIAN_POINT('',(-6.332238980753,4.461830058454,
    -2.454545454546));
#6290 = CARTESIAN_POINT('',(-8.448385287784,0.223145102832,
    -2.272727272727));
#6291 = CARTESIAN_POINT('',(-7.457024812077,-4.958391966763,
    -2.09090909091));
#6292 = CARTESIAN_POINT('',(-3.062830868901,-8.414982888419,
    -1.90909090909));
#6293 = CARTESIAN_POINT('',(2.206438289679,-8.158225161234,
    -1.727272727273));
#6294 = CARTESIAN_POINT('',(5.827564544361,-5.10339783492,
    -1.545454545454));
#6295 = CARTESIAN_POINT('',(6.842827316585,-1.069779005271,
    -1.363636363636));
#6296 = CARTESIAN_POINT('',(5.64222798905,2.288262325819,-1.181818181818
    ));
#6297 = CARTESIAN_POINT('',(3.26870277035,4.155340982201,-1.));
#6298 = CARTESIAN_POINT('',(2.485725981921,4.801230613677,-3.));
#6299 = CARTESIAN_POINT('',(-0.256730531554,6.221073974338,
    -2.818181818182));
#6300 = CARTESIAN_POINT('',(-3.891041244094,5.918117271266,
    -2.636363636364));
#6301 = CARTESIAN_POINT('',(-7.216830446525,3.266353450245,
    -2.454545454545));
#6302 = CARTESIAN_POINT('',(-8.528866838724,-1.397379607212,
    -2.272727272727));
#6303 = CARTESIAN_POINT('',(-6.538583001801,-6.41173551545,
    -2.090909090909));
#6304 = CARTESIAN_POINT('',(-1.46137307541,-9.040343396461,
    -1.909090909091));
#6305 = CARTESIAN_POINT('',(3.782100025992,-7.771097651715,
    -1.727272727272));
#6306 = CARTESIAN_POINT('',(6.833044447287,-4.007643963417,
    -1.545454545455));
#6307 = CARTESIAN_POINT('',(7.078649729003,0.238813763579,
    -1.363636363636));
#6308 = CARTESIAN_POINT('',(5.228182495398,3.381387253014,
    -1.181818181818));
#6309 = CARTESIAN_POINT('',(2.485725981921,4.801230613677,-1.));
#6310 = CARTESIAN_POINT('',(1.580189774077,5.251783126605,-3.));
#6311 = CARTESIAN_POINT('',(-1.419621732974,6.15438541488,
    -2.818181818182));
#6312 = CARTESIAN_POINT('',(-4.986358951314,5.172534295628,
    -2.636363636364));
#6313 = CARTESIAN_POINT('',(-7.806152382385,1.906633225774,
    -2.454545454545));
#6314 = CARTESIAN_POINT('',(-8.241893425757,-2.988524456075,
    -2.272727272727));
#6315 = CARTESIAN_POINT('',(-5.319638506942,-7.615548801773,
    -2.090909090909));
#6316 = CARTESIAN_POINT('',(0.234022120338,-9.286569390458,
    -1.909090909091));
#6317 = CARTESIAN_POINT('',(5.224347472589,-7.040332318258,
    -1.727272727272));
#6318 = CARTESIAN_POINT('',(7.562177497051,-2.71748721764,
    -1.545454545455));
#6319 = CARTESIAN_POINT('',(7.012739319963,1.562169600566,
    -1.363636363636));
#6320 = CARTESIAN_POINT('',(4.580001281131,4.349180838328,
    -1.181818181818));
#6321 = CARTESIAN_POINT('',(1.580189774077,5.251783126605,-1.));
#6322 = CARTESIAN_POINT('',(-0.46741879397,5.759571643171,-3.));
#6323 = CARTESIAN_POINT('',(-3.757278423425,5.492582652392,
    -2.818181818182));
#6324 = CARTESIAN_POINT('',(-6.879339033802,3.158965702037,
    -2.636363636364));
#6325 = CARTESIAN_POINT('',(-8.391053710399,-1.128532689765,
    -2.454545454546));
#6326 = CARTESIAN_POINT('',(-6.937843902088,-6.098528026262,
    -2.272727272727));
#6327 = CARTESIAN_POINT('',(-2.293158150573,-9.51532494704,
    -2.090909090909));
#6328 = CARTESIAN_POINT('',(3.797479161276,-9.021038475189,
    -1.909090909091));
#6329 = CARTESIAN_POINT('',(7.830431433835,-4.900006699649,
    -1.727272727273));
#6330 = CARTESIAN_POINT('',(8.46322127443,0.239278212633,-1.545454545454
    ));
#6331 = CARTESIAN_POINT('',(6.279937440654,4.226908514503,
    -1.363636363636));
#6332 = CARTESIAN_POINT('',(2.822440835488,6.02656063395,-1.181818181818
    ));
#6333 = CARTESIAN_POINT('',(-0.46741879397,5.759571643171,-1.));
#6334 = CARTESIAN_POINT('',(-2.546396491809,5.340431569991,-3.));
#6335 = CARTESIAN_POINT('',(-5.596843871314,3.88593329512,
    -2.818181818182));
#6336 = CARTESIAN_POINT('',(-7.733524751103,0.515231058522,
    -2.636363636364));
#6337 = CARTESIAN_POINT('',(-7.617294581389,-4.138039452405,
    -2.454545454545));
#6338 = CARTESIAN_POINT('',(-4.415461491621,-8.363712837358,
    -2.272727272727));
#6339 = CARTESIAN_POINT('',(1.273905414925,-9.940093204025,
    -2.090909090909));
#6340 = CARTESIAN_POINT('',(6.921310082618,-7.247327414357,
    -1.909090909091));
#6341 = CARTESIAN_POINT('',(9.278085307437,-1.834427877428,
    -1.727272727273));
#6342 = CARTESIAN_POINT('',(8.010447861058,3.313498500818,
    -1.545454545455));
#6343 = CARTESIAN_POINT('',(4.468114515899,6.333152516105,
    -1.363636363636));
#6344 = CARTESIAN_POINT('',(0.504050887698,6.794929844864,
    -1.181818181818));
#6345 = CARTESIAN_POINT('',(-2.546396491809,5.340431569992,-1.));
#6346 = CARTESIAN_POINT('',(-3.574929252743,4.866475641438,-3.));
#6347 = CARTESIAN_POINT('',(-6.354653638926,2.824480827344,
    -2.818181818182));
#6348 = CARTESIAN_POINT('',(-7.851562739303,-0.963639844739,
    -2.636363636364));
#6349 = CARTESIAN_POINT('',(-6.84442365759,-5.60635234094,
    -2.454545454545));
#6350 = CARTESIAN_POINT('',(-2.825771661169,-9.229821888941,
    -2.272727272728));
#6351 = CARTESIAN_POINT('',(3.179598413555,-9.721240181281,
    -2.090909090908));
#6352 = CARTESIAN_POINT('',(8.325803714088,-5.940820587082,
    -1.909090909092));
#6353 = CARTESIAN_POINT('',(9.652491765516,-6.324791750617E-02,
    -1.727272727272));
#6354 = CARTESIAN_POINT('',(7.396378219576,4.854988260406,
    -1.545454545455));
#6355 = CARTESIAN_POINT('',(3.267197888985,7.204238832357,
    -1.363636363636));
#6356 = CARTESIAN_POINT('',(-0.795204866557,6.908470455533,
    -1.181818181818));
#6357 = CARTESIAN_POINT('',(-3.574929252743,4.866475641438,-1.));
#6358 = CARTESIAN_POINT('',(-4.466970859479,4.174567744866,-3.));
#6359 = CARTESIAN_POINT('',(-6.85147837933,1.623039956514,
    -2.818181818182));
#6360 = CARTESIAN_POINT('',(-7.633100294655,-2.426332547179,
    -2.636363636364));
#6361 = CARTESIAN_POINT('',(-5.76319238579,-6.858132268021,
    -2.454545454545));
#6362 = CARTESIAN_POINT('',(-1.08697595263,-9.712838975679,
    -2.272727272727));
#6363 = CARTESIAN_POINT('',(4.980892741234,-9.07949503165,
    -2.090909090909));
#6364 = CARTESIAN_POINT('',(9.395418619705,-4.355758428781,
    -1.909090909091));
#6365 = CARTESIAN_POINT('',(9.617147493386,1.74104330193,-1.727272727272
    ));
#6366 = CARTESIAN_POINT('',(6.452874550054,6.213595957489,
    -1.545454545455));
#6367 = CARTESIAN_POINT('',(1.904812334868,7.779652929698,
    -1.363636363636));
#6368 = CARTESIAN_POINT('',(-2.082463339627,6.72609553322,
    -1.181818181818));
#6369 = CARTESIAN_POINT('',(-4.466970859479,4.174567744866,-1.));
#6370 = CARTESIAN_POINT('',(-5.177227029686,3.317857221987,-3.));
#6371 = CARTESIAN_POINT('',(-7.072382643186,0.36063205791,
    -2.818181818182));
#6372 = CARTESIAN_POINT('',(-7.109812429869,-3.787025185839,
    -2.636363636364));
#6373 = CARTESIAN_POINT('',(-4.454863038751,-7.83120976655,
    -2.454545454545));
#6374 = CARTESIAN_POINT('',(0.689537589105,-9.805441196013,
    -2.272727272728));
#6375 = CARTESIAN_POINT('',(6.576799581958,-8.076435639018,
    -2.090909090908));
#6376 = CARTESIAN_POINT('',(10.085370399983,-2.601616664176,
    -1.909090909092));
#6377 = CARTESIAN_POINT('',(9.196946128371,3.46962837302,-1.727272727272
    ));
#6378 = CARTESIAN_POINT('',(5.254205871965,7.318946082402,
    -1.545454545455));
#6379 = CARTESIAN_POINT('',(0.470716677477,8.041729811146,
    -1.363636363636));
#6380 = CARTESIAN_POINT('',(-3.282071416184,6.275082386066,
    -1.181818181818));
#6381 = CARTESIAN_POINT('',(-5.177227029686,3.317857221987,-1.));
#6382 = CARTESIAN_POINT('',(-5.681859124944,2.353503109045,-3.));
#6383 = CARTESIAN_POINT('',(-7.026176957231,-0.8919672338,
    -2.818181818182));
#6384 = CARTESIAN_POINT('',(-6.33171175107,-4.981835519878,
    -2.636363636364));
#6385 = CARTESIAN_POINT('',(-3.004908355744,-8.495117810495,
    -2.454545454545));
#6386 = CARTESIAN_POINT('',(2.407726189838,-9.531641626488,
    -2.272727272727));
#6387 = CARTESIAN_POINT('',(7.898736003425,-6.791436670851,
    -2.090909090909));
#6388 = CARTESIAN_POINT('',(10.387520714777,-0.782978866853,
    -1.909090909091));
#6389 = CARTESIAN_POINT('',(8.442407946001,5.03736891383,-1.727272727272
    ));
#6390 = CARTESIAN_POINT('',(3.882164335594,8.131746485991,
    -1.545454545455));
#6391 = CARTESIAN_POINT('',(-0.954506636842,7.999885994552,
    -1.363636363636));
#6392 = CARTESIAN_POINT('',(-4.337541292657,5.598973451894,
    -1.181818181818));
#6393 = CARTESIAN_POINT('',(-5.681859124944,2.353503109046,-1.));
#6394 = DEFINITIONAL_REPRESENTATION('',(#6395),#6399);
#6395 = LINE('',#6396,#6397);
#6396 = CARTESIAN_POINT('',(0.,0.));
#6397 = VECTOR('',#6398,1.);
#6398 = DIRECTION('',(1.,0.));
#6399 = ( GEOMETRIC_REPRESENTATION_CONTEXT(2) 
PARAMETRIC_REPRESENTATION_CONTEXT() REPRESENTATION_CONTEXT('2D SPACE',''
  ) );
#6400 = ORIENTED_EDGE('',*,*,#6401,.F.);
#6401 = EDGE_CURVE('',#6402,#6230,#6404,.T.);
#6402 = VERTEX_POINT('',#6403);
#6403 = CARTESIAN_POINT('',(4.263556245423,-2.461565346,-3.));
#6404 = SURFACE_CURVE('',#6405,(#6413,#6424),.PCURVE_S1.);
#6405 = ( BOUNDED_CURVE() B_SPLINE_CURVE(6,(#6406,#6407,#6408,#6409,
#6410,#6411,#6412),.UNSPECIFIED.,.F.,.F.) B_SPLINE_CURVE_WITH_KNOTS((7,7
),(2.617993877991,3.665191429188),.PIECEWISE_BEZIER_KNOTS.) CURVE() 
GEOMETRIC_REPRESENTATION_ITEM() RATIONAL_B_SPLINE_CURVE((1.013815801033,
    1.004520331021,0.999080478963,0.997285502839,0.999080478963,
1.004520331021,1.013815801033)) REPRESENTATION_ITEM('') );
#6406 = CARTESIAN_POINT('',(4.263556245423,-2.461565346,-3.));
#6407 = CARTESIAN_POINT('',(4.697155857797,-1.710548787226,-3.));
#6408 = CARTESIAN_POINT('',(4.967735752278,-0.876661395412,-3.));
#6409 = CARTESIAN_POINT('',(5.059721889681,-2.067820680972E-13,-3.));
#6410 = CARTESIAN_POINT('',(4.967735752278,0.876661395411,-3.));
#6411 = CARTESIAN_POINT('',(4.697155857797,1.710548787226,-3.));
#6412 = CARTESIAN_POINT('',(4.263556245423,2.461565346,-3.));
#6413 = PCURVE('',#5867,#6414);
#6414 = DEFINITIONAL_REPRESENTATION('',(#6415),#6423);
#6415 = ( BOUNDED_CURVE() B_SPLINE_CURVE(6,(#6416,#6417,#6418,#6419,
#6420,#6421,#6422),.UNSPECIFIED.,.F.,.F.) B_SPLINE_CURVE_WITH_KNOTS((7,7
),(2.617993877991,3.665191429188),.PIECEWISE_BEZIER_KNOTS.) CURVE() 
GEOMETRIC_REPRESENTATION_ITEM() RATIONAL_B_SPLINE_CURVE((1.013815801033,
    1.004520331021,0.999080478963,0.997285502839,0.999080478963,
1.004520331021,1.013815801033)) REPRESENTATION_ITEM('') );
#6416 = CARTESIAN_POINT('',(4.263556245423,-2.461565346));
#6417 = CARTESIAN_POINT('',(4.697155857797,-1.710548787226));
#6418 = CARTESIAN_POINT('',(4.967735752278,-0.876661395412));
#6419 = CARTESIAN_POINT('',(5.059721889681,-2.069794410794E-13));
#6420 = CARTESIAN_POINT('',(4.967735752278,0.876661395411));
#6421 = CARTESIAN_POINT('',(4.697155857797,1.710548787226));
#6422 = CARTESIAN_POINT('',(4.263556245423,2.461565346));
#6423 = ( GEOMETRIC_REPRESENTATION_CONTEXT(2) 
PARAMETRIC_REPRESENTATION_CONTEXT() REPRESENTATION_CONTEXT('2D SPACE',''
  ) );
#6424 = PCURVE('',#6425,#6510);
#6425 = ( BOUNDED_SURFACE() B_SPLINE_SURFACE(6,11,(
    (#6426,#6427,#6428,#6429,#6430,#6431,#6432,#6433,#6434,#6435,#6436
      ,#6437)
    ,(#6438,#6439,#6440,#6441,#6442,#6443,#6444,#6445,#6446,#6447,#6448
      ,#6449)
    ,(#6450,#6451,#6452,#6453,#6454,#6455,#6456,#6457,#6458,#6459,#6460
      ,#6461)
    ,(#6462,#6463,#6464,#6465,#6466,#6467,#6468,#6469,#6470,#6471,#6472
      ,#6473)
    ,(#6474,#6475,#6476,#6477,#6478,#6479,#6480,#6481,#6482,#6483,#6484
      ,#6485)
    ,(#6486,#6487,#6488,#6489,#6490,#6491,#6492,#6493,#6494,#6495,#6496
      ,#6497)
    ,(#6498,#6499,#6500,#6501,#6502,#6503,#6504,#6505,#6506,#6507,#6508
,#6509
    )),.UNSPECIFIED.,.F.,.F.,.F.) B_SPLINE_SURFACE_WITH_KNOTS((7,7),(12,
    12),(2.617993877991,3.665191429188),(0.,2.),
.PIECEWISE_BEZIER_KNOTS.) GEOMETRIC_REPRESENTATION_ITEM() 
RATIONAL_B_SPLINE_SURFACE((
    (1.013815801033,1.013815801033,1.013815801033,1.013815801033
      ,1.013815801033,1.013815801033,1.013815801033,1.013815801033
      ,1.013815801033,1.013815801033,1.013815801033,1.013815801033)
    ,(1.004520331021,1.004520331021,1.004520331021,1.004520331021
      ,1.004520331021,1.004520331022,1.004520331021,1.004520331022
      ,1.004520331021,1.004520331021,1.004520331021,1.004520331021)
    ,(0.999080478963,0.999080478963,0.999080478963,0.999080478963
      ,0.999080478964,0.999080478963,0.999080478964,0.999080478963
      ,0.999080478963,0.999080478963,0.999080478963,0.999080478963)
    ,(0.997285502839,0.997285502839,0.997285502839,0.997285502839
      ,0.997285502839,0.997285502839,0.997285502839,0.997285502839
      ,0.997285502839,0.997285502839,0.997285502839,0.997285502839)
    ,(0.999080478963,0.999080478963,0.999080478963,0.999080478963
      ,0.999080478963,0.999080478963,0.999080478963,0.999080478964
      ,0.999080478963,0.999080478963,0.999080478963,0.999080478963)
    ,(1.004520331021,1.004520331021,1.004520331021,1.004520331021
      ,1.004520331021,1.004520331021,1.004520331021,1.004520331021
      ,1.004520331021,1.004520331021,1.004520331021,1.004520331021)
    ,(1.013815801033,1.013815801033,1.013815801033,1.013815801033
      ,1.013815801033,1.013815801033,1.013815801033,1.013815801033
      ,1.013815801033,1.013815801033,1.013815801033,1.013815801033
))) REPRESENTATION_ITEM('') SURFACE() );
#6426 = CARTESIAN_POINT('',(4.263556245423,-2.461565346,-3.));
#6427 = CARTESIAN_POINT('',(5.669599083118,-2.622771349392E-02,
    -2.818181818182));
#6428 = CARTESIAN_POINT('',(5.545769117011,3.292302425091,
    -2.636363636364));
#6429 = CARTESIAN_POINT('',(3.2725101006,6.428265152851,-2.454545454545)
  );
#6430 = CARTESIAN_POINT('',(-0.914980947106,7.816465360532,
    -2.272727272729));
#6431 = CARTESIAN_POINT('',(-5.559295921805,6.215414012211,
    -2.090909090907));
#6432 = CARTESIAN_POINT('',(-8.162354390506,1.70678448932,
    -1.909090909093));
#6433 = CARTESIAN_POINT('',(-7.226748043575,-3.115835936076,
    -1.727272727271));
#6434 = CARTESIAN_POINT('',(-3.930785874336,-6.048209457699,
    -1.545454545456));
#6435 = CARTESIAN_POINT('',(-7.833297856078E-02,-6.448928151393,
    -1.363636363636));
#6436 = CARTESIAN_POINT('',(2.857513407727,-4.896902978508,
    -1.181818181818));
#6437 = CARTESIAN_POINT('',(4.263556245423,-2.461565346,-1.));
#6438 = CARTESIAN_POINT('',(4.697155857797,-1.710548787226,-3.));
#6439 = CARTESIAN_POINT('',(5.674219040261,0.972460364704,
    -2.818181818182));
#6440 = CARTESIAN_POINT('',(4.965836897192,4.26917811249,-2.636363636363
    ));
#6441 = CARTESIAN_POINT('',(2.140184573251,7.004710995903,
    -2.454545454547));
#6442 = CARTESIAN_POINT('',(-2.29183505174,7.65529337108,-2.272727272725
    ));
#6443 = CARTESIAN_POINT('',(-6.654128163738,5.236155606297,
    -2.090909090913));
#6444 = CARTESIAN_POINT('',(-8.463000925929,0.269002751967,
    -1.909090909087));
#6445 = CARTESIAN_POINT('',(-6.677900028507,-4.38881256272,
    -1.727272727276));
#6446 = CARTESIAN_POINT('',(-2.865406366668,-6.740609208212,
    -1.545454545453));
#6447 = CARTESIAN_POINT('',(1.057632292975,-6.462726342529,
    -1.363636363637));
#6448 = CARTESIAN_POINT('',(3.720092675331,-4.393557939159,
    -1.181818181818));
#6449 = CARTESIAN_POINT('',(4.697155857797,-1.710548787226,-1.));
#6450 = CARTESIAN_POINT('',(4.967735752278,-0.876661395411,-3.));
#6451 = CARTESIAN_POINT('',(5.468483570371,1.96090263083,-2.818181818182
    ));
#6452 = CARTESIAN_POINT('',(4.18670901865,5.112958138922,-2.636363636363
    ));
#6453 = CARTESIAN_POINT('',(0.89919108656,7.336236505694,-2.454545454546
    ));
#6454 = CARTESIAN_POINT('',(-3.619282812998,7.205994241304,
    -2.272727272726));
#6455 = CARTESIAN_POINT('',(-7.53044966356,4.03734807318,-2.09090909091)
  );
#6456 = CARTESIAN_POINT('',(-8.457502391699,-1.215937865911,
    -1.90909090909));
#6457 = CARTESIAN_POINT('',(-5.86715429823,-5.531913007878,
    -1.727272727273));
#6458 = CARTESIAN_POINT('',(-1.666189317095,-7.200883545612,
    -1.545454545454));
#6459 = CARTESIAN_POINT('',(2.183742410816,-6.237158200681,
    -1.363636363637));
#6460 = CARTESIAN_POINT('',(4.466987934185,-3.714225421655,
    -1.181818181818));
#6461 = CARTESIAN_POINT('',(4.967735752278,-0.876661395412,-1.));
#6462 = CARTESIAN_POINT('',(5.059721889681,-1.209023577342E-14,-3.));
#6463 = CARTESIAN_POINT('',(5.059721889681,2.890106385059,
    -2.818181818182));
#6464 = CARTESIAN_POINT('',(3.244205625273,5.780141593444,
    -2.636363636364));
#6465 = CARTESIAN_POINT('',(-0.390600258337,7.403149865882,
    -2.454545454546));
#6466 = CARTESIAN_POINT('',(-4.831047372512,6.486885711259,
    -2.272727272727));
#6467 = CARTESIAN_POINT('',(-8.141998187816,2.675279763675,
    -2.09090909091));
#6468 = CARTESIAN_POINT('',(-8.141998187809,-2.675279763684,
    -1.90909090909));
#6469 = CARTESIAN_POINT('',(-4.831047372518,-6.486885711239,
    -1.727272727274));
#6470 = CARTESIAN_POINT('',(-0.390600258334,-7.403149865899,
    -1.545454545454));
#6471 = CARTESIAN_POINT('',(3.244205625272,-5.780141593435,
    -1.363636363637));
#6472 = CARTESIAN_POINT('',(5.059721889681,-2.890106385061,
    -1.181818181818));
#6473 = CARTESIAN_POINT('',(5.059721889681,-2.080213425406E-13,-1.));
#6474 = CARTESIAN_POINT('',(4.967735752278,0.876661395411,-3.));
#6475 = CARTESIAN_POINT('',(4.466987934186,3.714225421653,
    -2.818181818182));
#6476 = CARTESIAN_POINT('',(2.183742410814,6.237158200689,
    -2.636363636364));
#6477 = CARTESIAN_POINT('',(-1.666189317093,7.200883545595,
    -2.454545454545));
#6478 = CARTESIAN_POINT('',(-5.86715429823,5.531913007899,
    -2.272727272727));
#6479 = CARTESIAN_POINT('',(-8.457502391702,1.2159378659,-2.090909090909
    ));
#6480 = CARTESIAN_POINT('',(-7.530449663554,-4.037348073186,
    -1.909090909091));
#6481 = CARTESIAN_POINT('',(-3.619282813005,-7.205994241286,
    -1.727272727273));
#6482 = CARTESIAN_POINT('',(0.899191086564,-7.336236505711,
    -1.545454545454));
#6483 = CARTESIAN_POINT('',(4.186709018649,-5.112958138913,
    -1.363636363636));
#6484 = CARTESIAN_POINT('',(5.468483570371,-1.960902630832,
    -1.181818181818));
#6485 = CARTESIAN_POINT('',(4.967735752278,0.876661395411,-1.));
#6486 = CARTESIAN_POINT('',(4.697155857797,1.710548787226,-3.));
#6487 = CARTESIAN_POINT('',(3.720092675332,4.393557939156,
    -2.818181818182));
#6488 = CARTESIAN_POINT('',(1.057632292972,6.462726342539,
    -2.636363636363));
#6489 = CARTESIAN_POINT('',(-2.865406366664,6.740609208193,
    -2.454545454547));
#6490 = CARTESIAN_POINT('',(-6.67790002851,4.388812562743,
    -2.272727272725));
#6491 = CARTESIAN_POINT('',(-8.46300092593,-0.269002751981,
    -2.090909090912));
#6492 = CARTESIAN_POINT('',(-6.65412816373,-5.236155606302,
    -1.909090909088));
#6493 = CARTESIAN_POINT('',(-2.291835051751,-7.655293371064,
    -1.727272727275));
#6494 = CARTESIAN_POINT('',(2.140184573259,-7.004710995918,
    -1.545454545453));
#6495 = CARTESIAN_POINT('',(4.965836897188,-4.269178112483,
    -1.363636363637));
#6496 = CARTESIAN_POINT('',(5.674219040262,-0.972460364706,
    -1.181818181818));
#6497 = CARTESIAN_POINT('',(4.697155857797,1.710548787226,-1.));
#6498 = CARTESIAN_POINT('',(4.263556245423,2.461565346,-3.));
#6499 = CARTESIAN_POINT('',(2.857513407728,4.896902978506,
    -2.818181818182));
#6500 = CARTESIAN_POINT('',(-7.833297856449E-02,6.4489281514,
    -2.636363636364));
#6501 = CARTESIAN_POINT('',(-3.930785874331,6.048209457686,
    -2.454545454545));
#6502 = CARTESIAN_POINT('',(-7.226748043575,3.115835936093,
    -2.272727272729));
#6503 = CARTESIAN_POINT('',(-8.162354390515,-1.706784489332,
    -2.090909090907));
#6504 = CARTESIAN_POINT('',(-5.55929592179,-6.215414012211,
    -1.909090909093));
#6505 = CARTESIAN_POINT('',(-0.914980947121,-7.816465360522,
    -1.727272727271));
#6506 = CARTESIAN_POINT('',(3.272510100609,-6.428265152862,
    -1.545454545456));
#6507 = CARTESIAN_POINT('',(5.545769117007,-3.292302425084,
    -1.363636363636));
#6508 = CARTESIAN_POINT('',(5.669599083119,2.622771349186E-02,
    -1.181818181818));
#6509 = CARTESIAN_POINT('',(4.263556245423,2.461565346,-1.));
#6510 = DEFINITIONAL_REPRESENTATION('',(#6511),#6515);
#6511 = LINE('',#6512,#6513);
#6512 = CARTESIAN_POINT('',(0.,0.));
#6513 = VECTOR('',#6514,1.);
#6514 = DIRECTION('',(1.,0.));
#6515 = ( GEOMETRIC_REPRESENTATION_CONTEXT(2) 
PARAMETRIC_REPRESENTATION_CONTEXT() REPRESENTATION_CONTEXT('2D SPACE',''
  ) );
#6516 = ORIENTED_EDGE('',*,*,#6517,.F.);
#6517 = EDGE_CURVE('',#6114,#6402,#6518,.T.);
#6518 = SURFACE_CURVE('',#6519,(#6531,#6546),.PCURVE_S1.);
#6519 = B_SPLINE_CURVE_WITH_KNOTS('',6,(#6520,#6521,#6522,#6523,#6524,
    #6525,#6526,#6527,#6528,#6529,#6530),.UNSPECIFIED.,.F.,.F.,(7,4,7),(
    0.,0.527426116445,1.),.UNSPECIFIED.);
#6520 = CARTESIAN_POINT('',(-5.681859124945,-2.353503109045,-3.));
#6521 = CARTESIAN_POINT('',(-5.177227029686,-3.317857221987,-3.));
#6522 = CARTESIAN_POINT('',(-4.46697085948,-4.174567744866,-3.));
#6523 = CARTESIAN_POINT('',(-3.574929252743,-4.866475641437,-3.));
#6524 = CARTESIAN_POINT('',(-2.546396491809,-5.340431569991,-3.));
#6525 = CARTESIAN_POINT('',(-0.467418793971,-5.759571643171,-3.));
#6526 = CARTESIAN_POINT('',(1.580189774077,-5.251783126605,-3.));
#6527 = CARTESIAN_POINT('',(2.485725981921,-4.801230613677,-3.));
#6528 = CARTESIAN_POINT('',(3.26870277035,-4.155340982202,-3.));
#6529 = CARTESIAN_POINT('',(3.872969091981,-3.355134635343,-3.));
#6530 = CARTESIAN_POINT('',(4.263556245423,-2.461565346,-3.));
#6531 = PCURVE('',#5867,#6532);
#6532 = DEFINITIONAL_REPRESENTATION('',(#6533),#6545);
#6533 = B_SPLINE_CURVE_WITH_KNOTS('',6,(#6534,#6535,#6536,#6537,#6538,
    #6539,#6540,#6541,#6542,#6543,#6544),.UNSPECIFIED.,.F.,.F.,(7,4,7),(
    0.,0.527426116445,1.),.UNSPECIFIED.);
#6534 = CARTESIAN_POINT('',(-5.681859124945,-2.353503109045));
#6535 = CARTESIAN_POINT('',(-5.177227029686,-3.317857221987));
#6536 = CARTESIAN_POINT('',(-4.46697085948,-4.174567744866));
#6537 = CARTESIAN_POINT('',(-3.574929252743,-4.866475641437));
#6538 = CARTESIAN_POINT('',(-2.546396491809,-5.340431569991));
#6539 = CARTESIAN_POINT('',(-0.467418793971,-5.759571643171));
#6540 = CARTESIAN_POINT('',(1.580189774077,-5.251783126605));
#6541 = CARTESIAN_POINT('',(2.485725981921,-4.801230613677));
#6542 = CARTESIAN_POINT('',(3.26870277035,-4.155340982202));
#6543 = CARTESIAN_POINT('',(3.872969091981,-3.355134635343));
#6544 = CARTESIAN_POINT('',(4.263556245423,-2.461565346));
#6545 = ( GEOMETRIC_REPRESENTATION_CONTEXT(2) 
PARAMETRIC_REPRESENTATION_CONTEXT() REPRESENTATION_CONTEXT('2D SPACE',''
  ) );
#6546 = PCURVE('',#6547,#6680);
#6547 = B_SPLINE_SURFACE_WITH_KNOTS('',6,11,(
    (#6548,#6549,#6550,#6551,#6552,#6553,#6554,#6555,#6556,#6557,#6558
      ,#6559)
    ,(#6560,#6561,#6562,#6563,#6564,#6565,#6566,#6567,#6568,#6569,#6570
      ,#6571)
    ,(#6572,#6573,#6574,#6575,#6576,#6577,#6578,#6579,#6580,#6581,#6582
      ,#6583)
    ,(#6584,#6585,#6586,#6587,#6588,#6589,#6590,#6591,#6592,#6593,#6594
      ,#6595)
    ,(#6596,#6597,#6598,#6599,#6600,#6601,#6602,#6603,#6604,#6605,#6606
      ,#6607)
    ,(#6608,#6609,#6610,#6611,#6612,#6613,#6614,#6615,#6616,#6617,#6618
      ,#6619)
    ,(#6620,#6621,#6622,#6623,#6624,#6625,#6626,#6627,#6628,#6629,#6630
      ,#6631)
    ,(#6632,#6633,#6634,#6635,#6636,#6637,#6638,#6639,#6640,#6641,#6642
      ,#6643)
    ,(#6644,#6645,#6646,#6647,#6648,#6649,#6650,#6651,#6652,#6653,#6654
      ,#6655)
    ,(#6656,#6657,#6658,#6659,#6660,#6661,#6662,#6663,#6664,#6665,#6666
      ,#6667)
    ,(#6668,#6669,#6670,#6671,#6672,#6673,#6674,#6675,#6676,#6677,#6678
      ,#6679
    )),.UNSPECIFIED.,.F.,.F.,.F.,(7,4,7),(12,12),(0.,0.527426116445,1.),
  (0.,2.),.UNSPECIFIED.);
#6548 = CARTESIAN_POINT('',(-5.681859124944,-2.353503109045,-3.));
#6549 = CARTESIAN_POINT('',(-4.337541292658,-5.598973451891,
    -2.818181818182));
#6550 = CARTESIAN_POINT('',(-0.954506636839,-7.999885994562,
    -2.636363636364));
#6551 = CARTESIAN_POINT('',(3.882164335589,-8.131746485971,
    -2.454545454545));
#6552 = CARTESIAN_POINT('',(8.442407946003,-5.037368913854,
    -2.272727272727));
#6553 = CARTESIAN_POINT('',(10.387520714784,0.782978866867,
    -2.090909090909));
#6554 = CARTESIAN_POINT('',(7.898736003411,6.791436670857,
    -1.909090909091));
#6555 = CARTESIAN_POINT('',(2.407726189854,9.531641626468,
    -1.727272727272));
#6556 = CARTESIAN_POINT('',(-3.004908355756,8.495117810513,
    -1.545454545455));
#6557 = CARTESIAN_POINT('',(-6.331711751065,4.981835519868,
    -1.363636363636));
#6558 = CARTESIAN_POINT('',(-7.026176957232,0.891967233803,
    -1.181818181818));
#6559 = CARTESIAN_POINT('',(-5.681859124945,-2.353503109045,-1.));
#6560 = CARTESIAN_POINT('',(-5.177227029686,-3.317857221987,-3.));
#6561 = CARTESIAN_POINT('',(-3.282071416186,-6.275082386064,
    -2.818181818182));
#6562 = CARTESIAN_POINT('',(0.470716677483,-8.041729811155,
    -2.636363636364));
#6563 = CARTESIAN_POINT('',(5.254205871956,-7.318946082383,
    -2.454545454545));
#6564 = CARTESIAN_POINT('',(9.196946128378,-3.469628373043,
    -2.272727272728));
#6565 = CARTESIAN_POINT('',(10.085370399985,2.60161666419,
    -2.090909090908));
#6566 = CARTESIAN_POINT('',(6.576799581944,8.076435639022,
    -1.909090909092));
#6567 = CARTESIAN_POINT('',(0.689537589123,9.805441195996,
    -1.727272727272));
#6568 = CARTESIAN_POINT('',(-4.454863038765,7.831209766567,
    -1.545454545455));
#6569 = CARTESIAN_POINT('',(-7.109812429862,3.78702518583,
    -1.363636363636));
#6570 = CARTESIAN_POINT('',(-7.072382643187,-0.360632057908,
    -1.181818181818));
#6571 = CARTESIAN_POINT('',(-5.177227029686,-3.317857221987,-1.));
#6572 = CARTESIAN_POINT('',(-4.466970859479,-4.174567744866,-3.));
#6573 = CARTESIAN_POINT('',(-2.082463339628,-6.726095533218,
    -2.818181818182));
#6574 = CARTESIAN_POINT('',(1.904812334875,-7.779652929706,
    -2.636363636364));
#6575 = CARTESIAN_POINT('',(6.452874550042,-6.213595957473,
    -2.454545454545));
#6576 = CARTESIAN_POINT('',(9.617147493397,-1.741043301949,
    -2.272727272727));
#6577 = CARTESIAN_POINT('',(9.395418619704,4.355758428793,
    -2.090909090909));
#6578 = CARTESIAN_POINT('',(4.98089274122,9.079495031654,-1.909090909091
    ));
#6579 = CARTESIAN_POINT('',(-1.08697595261,9.712838975664,
    -1.727272727272));
#6580 = CARTESIAN_POINT('',(-5.763192385806,6.858132268035,
    -1.545454545455));
#6581 = CARTESIAN_POINT('',(-7.633100294648,2.426332547171,
    -1.363636363636));
#6582 = CARTESIAN_POINT('',(-6.851478379332,-1.623039956512,
    -1.181818181818));
#6583 = CARTESIAN_POINT('',(-4.46697085948,-4.174567744866,-1.));
#6584 = CARTESIAN_POINT('',(-3.574929252743,-4.866475641437,-3.));
#6585 = CARTESIAN_POINT('',(-0.79520486656,-6.908470455532,
    -2.818181818182));
#6586 = CARTESIAN_POINT('',(3.267197888991,-7.204238832362,
    -2.636363636364));
#6587 = CARTESIAN_POINT('',(7.396378219564,-4.854988260394,
    -2.454545454545));
#6588 = CARTESIAN_POINT('',(9.652491765526,6.324791749146E-02,
    -2.272727272728));
#6589 = CARTESIAN_POINT('',(8.325803714091,5.940820587089,
    -2.090909090908));
#6590 = CARTESIAN_POINT('',(3.179598413536,9.721240181285,
    -1.909090909092));
#6591 = CARTESIAN_POINT('',(-2.825771661143,9.229821888928,
    -1.727272727272));
#6592 = CARTESIAN_POINT('',(-6.84442365761,5.606352340953,
    -1.545454545455));
#6593 = CARTESIAN_POINT('',(-7.851562739293,0.963639844732,
    -1.363636363636));
#6594 = CARTESIAN_POINT('',(-6.354653638929,-2.824480827341,
    -1.181818181818));
#6595 = CARTESIAN_POINT('',(-3.574929252743,-4.866475641437,-1.));
#6596 = CARTESIAN_POINT('',(-2.546396491809,-5.340431569992,-3.));
#6597 = CARTESIAN_POINT('',(0.504050887696,-6.794929844863,
    -2.818181818182));
#6598 = CARTESIAN_POINT('',(4.468114515909,-6.33315251611,
    -2.636363636364));
#6599 = CARTESIAN_POINT('',(8.010447861041,-3.313498500806,
    -2.454545454545));
#6600 = CARTESIAN_POINT('',(9.278085307456,1.834427877411,
    -2.272727272727));
#6601 = CARTESIAN_POINT('',(6.921310082611,7.247327414373,
    -2.090909090909));
#6602 = CARTESIAN_POINT('',(1.273905414913,9.940093204018,
    -1.909090909091));
#6603 = CARTESIAN_POINT('',(-4.415461491599,8.363712837357,
    -1.727272727273));
#6604 = CARTESIAN_POINT('',(-7.617294581408,4.138039452409,
    -1.545454545455));
#6605 = CARTESIAN_POINT('',(-7.733524751094,-0.515231058525,
    -1.363636363636));
#6606 = CARTESIAN_POINT('',(-5.596843871317,-3.885933295119,
    -1.181818181818));
#6607 = CARTESIAN_POINT('',(-2.546396491809,-5.340431569991,-1.));
#6608 = CARTESIAN_POINT('',(-0.46741879397,-5.759571643171,-3.));
#6609 = CARTESIAN_POINT('',(2.822440835485,-6.02656063395,
    -2.818181818182));
#6610 = CARTESIAN_POINT('',(6.279937440664,-4.226908514505,
    -2.636363636364));
#6611 = CARTESIAN_POINT('',(8.46322127441,-0.239278212629,
    -2.454545454546));
#6612 = CARTESIAN_POINT('',(7.830431433858,4.900006699642,
    -2.272727272727));
#6613 = CARTESIAN_POINT('',(3.797479161264,9.021038475198,
    -2.090909090909));
#6614 = CARTESIAN_POINT('',(-2.293158150581,9.515324947033,
    -1.909090909091));
#6615 = CARTESIAN_POINT('',(-6.937843902067,6.098528026266,
    -1.727272727273));
#6616 = CARTESIAN_POINT('',(-8.391053710418,1.128532689765,
    -1.545454545454));
#6617 = CARTESIAN_POINT('',(-6.879339033793,-3.158965702038,
    -1.363636363636));
#6618 = CARTESIAN_POINT('',(-3.757278423428,-5.492582652391,
    -1.181818181818));
#6619 = CARTESIAN_POINT('',(-0.467418793971,-5.759571643171,-1.));
#6620 = CARTESIAN_POINT('',(1.580189774077,-5.251783126605,-3.));
#6621 = CARTESIAN_POINT('',(4.580001281128,-4.349180838329,
    -2.818181818182));
#6622 = CARTESIAN_POINT('',(7.012739319973,-1.562169600564,
    -2.636363636364));
#6623 = CARTESIAN_POINT('',(7.562177497031,2.717487217638,
    -2.454545454545));
#6624 = CARTESIAN_POINT('',(5.224347472613,7.040332318257,
    -2.272727272727));
#6625 = CARTESIAN_POINT('',(0.234022120323,9.286569390467,
    -2.090909090909));
#6626 = CARTESIAN_POINT('',(-5.319638506946,7.615548801758,
    -1.909090909091));
#6627 = CARTESIAN_POINT('',(-8.24189342574,2.988524456089,
    -1.727272727272));
#6628 = CARTESIAN_POINT('',(-7.806152382401,-1.906633225784,
    -1.545454545455));
#6629 = CARTESIAN_POINT('',(-4.986358951306,-5.172534295625,
    -1.363636363636));
#6630 = CARTESIAN_POINT('',(-1.419621732977,-6.154385414881,
    -1.181818181818));
#6631 = CARTESIAN_POINT('',(1.580189774077,-5.251783126605,-1.));
#6632 = CARTESIAN_POINT('',(2.485725981921,-4.801230613677,-3.));
#6633 = CARTESIAN_POINT('',(5.228182495396,-3.381387253016,
    -2.818181818182));
#6634 = CARTESIAN_POINT('',(7.078649729011,-0.238813763575,
    -2.636363636364));
#6635 = CARTESIAN_POINT('',(6.833044447269,4.007643963409,
    -2.454545454545));
#6636 = CARTESIAN_POINT('',(3.782100026013,7.77109765172,-2.272727272727
    ));
#6637 = CARTESIAN_POINT('',(-1.461373075424,9.040343396462,
    -2.090909090909));
#6638 = CARTESIAN_POINT('',(-6.538583001803,6.41173551544,
    -1.909090909091));
#6639 = CARTESIAN_POINT('',(-8.52886683871,1.397379607225,
    -1.727272727272));
#6640 = CARTESIAN_POINT('',(-7.216830446539,-3.266353450255,
    -1.545454545455));
#6641 = CARTESIAN_POINT('',(-3.891041244087,-5.918117271261,
    -1.363636363636));
#6642 = CARTESIAN_POINT('',(-0.256730531556,-6.221073974339,
    -1.181818181818));
#6643 = CARTESIAN_POINT('',(2.485725981921,-4.801230613677,-1.));
#6644 = CARTESIAN_POINT('',(3.26870277035,-4.155340982202,-3.));
#6645 = CARTESIAN_POINT('',(5.642227989048,-2.28826232582,
    -2.818181818182));
#6646 = CARTESIAN_POINT('',(6.842827316594,1.069779005276,
    -2.636363636364));
#6647 = CARTESIAN_POINT('',(5.827564544344,5.103397834912,
    -2.454545454546));
#6648 = CARTESIAN_POINT('',(2.206438289702,8.158225161241,
    -2.272727272727));
#6649 = CARTESIAN_POINT('',(-3.062830868918,8.414982888423,
    -2.09090909091));
#6650 = CARTESIAN_POINT('',(-7.457024812075,4.958391966749,
    -1.90909090909));
#6651 = CARTESIAN_POINT('',(-8.448385287776,-0.223145102813,
    -1.727272727273));
#6652 = CARTESIAN_POINT('',(-6.332238980763,-4.461830058468,
    -1.545454545454));
#6653 = CARTESIAN_POINT('',(-2.651156649257,-6.398443656533,
    -1.363636363636));
#6654 = CARTESIAN_POINT('',(0.89517755165,-6.022419638584,
    -1.181818181818));
#6655 = CARTESIAN_POINT('',(3.26870277035,-4.155340982202,-1.));
#6656 = CARTESIAN_POINT('',(3.872969091981,-3.355134635343,-3.));
#6657 = CARTESIAN_POINT('',(5.789417514198,-1.142899863171,
    -2.818181818182));
#6658 = CARTESIAN_POINT('',(6.316130030238,2.273161120695,
    -2.636363636364));
#6659 = CARTESIAN_POINT('',(4.610091682185,5.925757921663,
    -2.454545454545));
#6660 = CARTESIAN_POINT('',(0.603566329597,8.16889211079,-2.272727272728
    ));
#6661 = CARTESIAN_POINT('',(-4.458305026619,7.446807705936,
    -2.090909090909));
#6662 = CARTESIAN_POINT('',(-8.006295999255,3.351216658417,
    -1.909090909091));
#6663 = CARTESIAN_POINT('',(-7.999426245839,-1.761893972177,
    -1.727272727272));
#6664 = CARTESIAN_POINT('',(-5.208062385266,-5.40773875624,
    -1.545454545455));
#6665 = CARTESIAN_POINT('',(-1.349569263192,-6.575669003473,
    -1.363636363636));
#6666 = CARTESIAN_POINT('',(1.956520669763,-5.567369407517,
    -1.181818181818));
#6667 = CARTESIAN_POINT('',(3.872969091981,-3.355134635343,-1.));
#6668 = CARTESIAN_POINT('',(4.263556245423,-2.461565346,-3.));
#6669 = CARTESIAN_POINT('',(5.669599083118,-2.622771349403E-02,
    -2.818181818182));
#6670 = CARTESIAN_POINT('',(5.545769117011,3.292302425091,
    -2.636363636364));
#6671 = CARTESIAN_POINT('',(3.272510100599,6.428265152848,
    -2.454545454545));
#6672 = CARTESIAN_POINT('',(-0.914980947105,7.816465360536,
    -2.272727272727));
#6673 = CARTESIAN_POINT('',(-5.559295921804,6.215414012207,
    -2.090909090909));
#6674 = CARTESIAN_POINT('',(-8.162354390508,1.706784489323,
    -1.909090909091));
#6675 = CARTESIAN_POINT('',(-7.226748043574,-3.115835936077,
    -1.727272727273));
#6676 = CARTESIAN_POINT('',(-3.930785874336,-6.048209457699,
    -1.545454545454));
#6677 = CARTESIAN_POINT('',(-7.833297856102E-02,-6.448928151393,
    -1.363636363636));
#6678 = CARTESIAN_POINT('',(2.857513407727,-4.896902978508,
    -1.181818181818));
#6679 = CARTESIAN_POINT('',(4.263556245423,-2.461565346,-1.));
#6680 = DEFINITIONAL_REPRESENTATION('',(#6681),#6685);
#6681 = LINE('',#6682,#6683);
#6682 = CARTESIAN_POINT('',(0.,0.));
#6683 = VECTOR('',#6684,1.);
#6684 = DIRECTION('',(1.,0.));
#6685 = ( GEOMETRIC_REPRESENTATION_CONTEXT(2) 
PARAMETRIC_REPRESENTATION_CONTEXT() REPRESENTATION_CONTEXT('2D SPACE',''
  ) );
#6686 = ADVANCED_FACE('',(#6687,#6759),#5813,.T.);
#6687 = FACE_BOUND('',#6688,.T.);
#6688 = EDGE_LOOP('',(#6689,#6690,#6691,#6714,#6737,#6758));
#6689 = ORIENTED_EDGE('',*,*,#5797,.T.);
#6690 = ORIENTED_EDGE('',*,*,#5959,.T.);
#6691 = ORIENTED_EDGE('',*,*,#6692,.T.);
#6692 = EDGE_CURVE('',#5960,#6693,#6695,.T.);
#6693 = VERTEX_POINT('',#6694);
#6694 = CARTESIAN_POINT('',(-12.,1.469576158977E-15,3.));
#6695 = SURFACE_CURVE('',#6696,(#6700,#6707),.PCURVE_S1.);
#6696 = LINE('',#6697,#6698);
#6697 = CARTESIAN_POINT('',(-6.,10.392304845413,3.));
#6698 = VECTOR('',#6699,1.);
#6699 = DIRECTION('',(-0.5,-0.866025403784,0.));
#6700 = PCURVE('',#5813,#6701);
#6701 = DEFINITIONAL_REPRESENTATION('',(#6702),#6706);
#6702 = LINE('',#6703,#6704);
#6703 = CARTESIAN_POINT('',(-6.,10.392304845413));
#6704 = VECTOR('',#6705,1.);
#6705 = DIRECTION('',(-0.5,-0.866025403784));
#6706 = ( GEOMETRIC_REPRESENTATION_CONTEXT(2) 
PARAMETRIC_REPRESENTATION_CONTEXT() REPRESENTATION_CONTEXT('2D SPACE',''
  ) );
#6707 = PCURVE('',#5998,#6708);
#6708 = DEFINITIONAL_REPRESENTATION('',(#6709),#6713);
#6709 = LINE('',#6710,#6711);
#6710 = CARTESIAN_POINT('',(0.,-6.));
#6711 = VECTOR('',#6712,1.);
#6712 = DIRECTION('',(1.,0.));
#6713 = ( GEOMETRIC_REPRESENTATION_CONTEXT(2) 
PARAMETRIC_REPRESENTATION_CONTEXT() REPRESENTATION_CONTEXT('2D SPACE',''
  ) );
#6714 = ORIENTED_EDGE('',*,*,#6715,.T.);
#6715 = EDGE_CURVE('',#6693,#6716,#6718,.T.);
#6716 = VERTEX_POINT('',#6717);
#6717 = CARTESIAN_POINT('',(-6.,-10.39230484541,3.));
#6718 = SURFACE_CURVE('',#6719,(#6723,#6730),.PCURVE_S1.);
#6719 = LINE('',#6720,#6721);
#6720 = CARTESIAN_POINT('',(-12.,1.469576158977E-15,3.));
#6721 = VECTOR('',#6722,1.);
#6722 = DIRECTION('',(0.5,-0.866025403784,0.));
#6723 = PCURVE('',#5813,#6724);
#6724 = DEFINITIONAL_REPRESENTATION('',(#6725),#6729);
#6725 = LINE('',#6726,#6727);
#6726 = CARTESIAN_POINT('',(-12.,1.272203176821E-15));
#6727 = VECTOR('',#6728,1.);
#6728 = DIRECTION('',(0.5,-0.866025403784));
#6729 = ( GEOMETRIC_REPRESENTATION_CONTEXT(2) 
PARAMETRIC_REPRESENTATION_CONTEXT() REPRESENTATION_CONTEXT('2D SPACE',''
  ) );
#6730 = PCURVE('',#6075,#6731);
#6731 = DEFINITIONAL_REPRESENTATION('',(#6732),#6736);
#6732 = LINE('',#6733,#6734);
#6733 = CARTESIAN_POINT('',(0.,-6.));
#6734 = VECTOR('',#6735,1.);
#6735 = DIRECTION('',(1.,0.));
#6736 = ( GEOMETRIC_REPRESENTATION_CONTEXT(2) 
PARAMETRIC_REPRESENTATION_CONTEXT() REPRESENTATION_CONTEXT('2D SPACE',''
  ) );
#6737 = ORIENTED_EDGE('',*,*,#6738,.T.);
#6738 = EDGE_CURVE('',#6716,#5885,#6739,.T.);
#6739 = SURFACE_CURVE('',#6740,(#6744,#6751),.PCURVE_S1.);
#6740 = LINE('',#6741,#6742);
#6741 = CARTESIAN_POINT('',(-6.,-10.39230484541,3.));
#6742 = VECTOR('',#6743,1.);
#6743 = DIRECTION('',(1.,-2.960594732334E-16,0.));
#6744 = PCURVE('',#5813,#6745);
#6745 = DEFINITIONAL_REPRESENTATION('',(#6746),#6750);
#6746 = LINE('',#6747,#6748);
#6747 = CARTESIAN_POINT('',(-6.,-10.39230484541));
#6748 = VECTOR('',#6749,1.);
#6749 = DIRECTION('',(1.,-2.960594732334E-16));
#6750 = ( GEOMETRIC_REPRESENTATION_CONTEXT(2) 
PARAMETRIC_REPRESENTATION_CONTEXT() REPRESENTATION_CONTEXT('2D SPACE',''
  ) );
#6751 = PCURVE('',#5900,#6752);
#6752 = DEFINITIONAL_REPRESENTATION('',(#6753),#6757);
#6753 = LINE('',#6754,#6755);
#6754 = CARTESIAN_POINT('',(0.,-6.));
#6755 = VECTOR('',#6756,1.);
#6756 = DIRECTION('',(1.,0.));
#6757 = ( GEOMETRIC_REPRESENTATION_CONTEXT(2) 
PARAMETRIC_REPRESENTATION_CONTEXT() REPRESENTATION_CONTEXT('2D SPACE',''
  ) );
#6758 = ORIENTED_EDGE('',*,*,#5912,.T.);
#6759 = FACE_BOUND('',#6760,.T.);
#6760 = EDGE_LOOP('',(#6761,#6879,#7051,#7167));
#6761 = ORIENTED_EDGE('',*,*,#6762,.F.);
#6762 = EDGE_CURVE('',#6763,#6765,#6767,.T.);
#6763 = VERTEX_POINT('',#6764);
#6764 = CARTESIAN_POINT('',(-5.681859124944,2.353503109045,3.));
#6765 = VERTEX_POINT('',#6766);
#6766 = CARTESIAN_POINT('',(-5.681859124944,-2.353503109045,3.));
#6767 = SURFACE_CURVE('',#6768,(#6776,#6787),.PCURVE_S1.);
#6768 = ( BOUNDED_CURVE() B_SPLINE_CURVE(6,(#6769,#6770,#6771,#6772,
#6773,#6774,#6775),.UNSPECIFIED.,.F.,.F.) B_SPLINE_CURVE_WITH_KNOTS((7,7
),(5.890486225481,6.675884388878),.PIECEWISE_BEZIER_KNOTS.) CURVE() 
GEOMETRIC_REPRESENTATION_ITEM() RATIONAL_B_SPLINE_CURVE((1.007744716361,
    1.002554895352,0.999483957836,0.998466654399,0.999483957836,
1.002554895352,1.007744716361)) REPRESENTATION_ITEM('') );
#6769 = CARTESIAN_POINT('',(-5.681859124944,2.353503109046,3.));
#6770 = CARTESIAN_POINT('',(-5.991526707486,1.605899431446,3.));
#6771 = CARTESIAN_POINT('',(-6.181463987506,0.814178192453,3.));
#6772 = CARTESIAN_POINT('',(-6.245478329584,2.574391349347E-13,3.));
#6773 = CARTESIAN_POINT('',(-6.181463987506,-0.814178192453,3.));
#6774 = CARTESIAN_POINT('',(-5.991526707486,-1.605899431446,3.));
#6775 = CARTESIAN_POINT('',(-5.681859124945,-2.353503109045,3.));
#6776 = PCURVE('',#5813,#6777);
#6777 = DEFINITIONAL_REPRESENTATION('',(#6778),#6786);
#6778 = ( BOUNDED_CURVE() B_SPLINE_CURVE(6,(#6779,#6780,#6781,#6782,
#6783,#6784,#6785),.UNSPECIFIED.,.F.,.F.) B_SPLINE_CURVE_WITH_KNOTS((7,7
),(5.890486225481,6.675884388878),.PIECEWISE_BEZIER_KNOTS.) CURVE() 
GEOMETRIC_REPRESENTATION_ITEM() RATIONAL_B_SPLINE_CURVE((1.007744716361,
    1.002554895352,0.999483957836,0.998466654399,0.999483957836,
1.002554895352,1.007744716361)) REPRESENTATION_ITEM('') );
#6779 = CARTESIAN_POINT('',(-5.681859124944,2.353503109046));
#6780 = CARTESIAN_POINT('',(-5.991526707486,1.605899431446));
#6781 = CARTESIAN_POINT('',(-6.181463987506,0.814178192453));
#6782 = CARTESIAN_POINT('',(-6.245478329584,2.572417619525E-13));
#6783 = CARTESIAN_POINT('',(-6.181463987506,-0.814178192453));
#6784 = CARTESIAN_POINT('',(-5.991526707486,-1.605899431446));
#6785 = CARTESIAN_POINT('',(-5.681859124945,-2.353503109045));
#6786 = ( GEOMETRIC_REPRESENTATION_CONTEXT(2) 
PARAMETRIC_REPRESENTATION_CONTEXT() REPRESENTATION_CONTEXT('2D SPACE',''
  ) );
#6787 = PCURVE('',#6788,#6873);
#6788 = ( BOUNDED_SURFACE() B_SPLINE_SURFACE(6,11,(
    (#6789,#6790,#6791,#6792,#6793,#6794,#6795,#6796,#6797,#6798,#6799
      ,#6800)
    ,(#6801,#6802,#6803,#6804,#6805,#6806,#6807,#6808,#6809,#6810,#6811
      ,#6812)
    ,(#6813,#6814,#6815,#6816,#6817,#6818,#6819,#6820,#6821,#6822,#6823
      ,#6824)
    ,(#6825,#6826,#6827,#6828,#6829,#6830,#6831,#6832,#6833,#6834,#6835
      ,#6836)
    ,(#6837,#6838,#6839,#6840,#6841,#6842,#6843,#6844,#6845,#6846,#6847
      ,#6848)
    ,(#6849,#6850,#6851,#6852,#6853,#6854,#6855,#6856,#6857,#6858,#6859
      ,#6860)
    ,(#6861,#6862,#6863,#6864,#6865,#6866,#6867,#6868,#6869,#6870,#6871
,#6872
    )),.UNSPECIFIED.,.F.,.F.,.F.) B_SPLINE_SURFACE_WITH_KNOTS((7,7),(12,
    12),(5.890486225481,6.675884388878),(0.,2.),
.PIECEWISE_BEZIER_KNOTS.) GEOMETRIC_REPRESENTATION_ITEM() 
RATIONAL_B_SPLINE_SURFACE((
    (1.007744716361,1.007744716361,1.007744716361,1.007744716361
      ,1.007744716361,1.007744716361,1.007744716361,1.007744716361
      ,1.007744716361,1.007744716361,1.007744716361,1.007744716361)
    ,(1.002554895352,1.002554895352,1.002554895352,1.002554895352
      ,1.002554895352,1.002554895353,1.002554895352,1.002554895353
      ,1.002554895352,1.002554895352,1.002554895352,1.002554895352)
    ,(0.999483957836,0.999483957836,0.999483957836,0.999483957835
      ,0.999483957836,0.999483957835,0.999483957836,0.999483957835
      ,0.999483957836,0.999483957836,0.999483957836,0.999483957836)
    ,(0.998466654399,0.998466654399,0.998466654399,0.998466654399
      ,0.998466654399,0.998466654399,0.998466654399,0.998466654399
      ,0.998466654399,0.998466654399,0.998466654399,0.998466654399)
    ,(0.999483957836,0.999483957836,0.999483957836,0.999483957835
      ,0.999483957836,0.999483957835,0.999483957836,0.999483957835
      ,0.999483957836,0.999483957836,0.999483957836,0.999483957836)
    ,(1.002554895352,1.002554895352,1.002554895352,1.002554895352
      ,1.002554895353,1.002554895352,1.002554895353,1.002554895352
      ,1.002554895353,1.002554895352,1.002554895352,1.002554895352)
    ,(1.007744716361,1.007744716361,1.007744716361,1.007744716361
      ,1.007744716361,1.007744716361,1.007744716361,1.007744716361
      ,1.007744716361,1.007744716361,1.007744716361,1.007744716361
))) REPRESENTATION_ITEM('') SURFACE() );
#6789 = CARTESIAN_POINT('',(-5.681859124944,2.353503109045,1.));
#6790 = CARTESIAN_POINT('',(-7.026176957231,-0.891967233801,
    1.181818181818));
#6791 = CARTESIAN_POINT('',(-6.33171175107,-4.981835519877,
    1.363636363636));
#6792 = CARTESIAN_POINT('',(-3.004908355744,-8.495117810497,
    1.545454545455));
#6793 = CARTESIAN_POINT('',(2.407726189836,-9.531641626484,
    1.727272727272));
#6794 = CARTESIAN_POINT('',(7.898736003429,-6.791436670854,
    1.909090909092));
#6795 = CARTESIAN_POINT('',(10.387520714773,-0.782978866852,
    2.090909090908));
#6796 = CARTESIAN_POINT('',(8.442407946004,5.03736891383,2.272727272728)
  );
#6797 = CARTESIAN_POINT('',(3.882164335593,8.131746485991,2.454545454545
    ));
#6798 = CARTESIAN_POINT('',(-0.954506636842,7.999885994552,
    2.636363636364));
#6799 = CARTESIAN_POINT('',(-4.337541292657,5.598973451894,
    2.818181818182));
#6800 = CARTESIAN_POINT('',(-5.681859124944,2.353503109046,3.));
#6801 = CARTESIAN_POINT('',(-5.991526707486,1.605899431446,1.));
#6802 = CARTESIAN_POINT('',(-6.90881431771,-1.816452620921,
    1.181818181818));
#6803 = CARTESIAN_POINT('',(-5.676215288739,-5.814945050844,
    1.363636363636));
#6804 = CARTESIAN_POINT('',(-1.887143698597,-8.890495536025,
    1.545454545456));
#6805 = CARTESIAN_POINT('',(3.661873851167,-9.214839517426,
    1.727272727271));
#6806 = CARTESIAN_POINT('',(8.792334897663,-5.752142321116,
    1.909090909094));
#6807 = CARTESIAN_POINT('',(10.49054295935,0.583783053277,2.090909090906
    ));
#6808 = CARTESIAN_POINT('',(7.779604549678,6.148198149371,2.27272727273)
  );
#6809 = CARTESIAN_POINT('',(2.812211095901,8.642551183982,2.454545454544
    ));
#6810 = CARTESIAN_POINT('',(-2.007110029217,7.87429458929,2.636363636364
    ));
#6811 = CARTESIAN_POINT('',(-5.074239097261,5.028251483816,
    2.818181818182));
#6812 = CARTESIAN_POINT('',(-5.991526707486,1.605899431446,3.));
#6813 = CARTESIAN_POINT('',(-6.181463987506,0.814178192453,1.));
#6814 = CARTESIAN_POINT('',(-6.646521483528,-2.71666578056,
    1.181818181818));
#6815 = CARTESIAN_POINT('',(-4.893550676342,-6.539564100965,
    1.363636363637));
#6816 = CARTESIAN_POINT('',(-0.714071212732,-9.107283662437,
    1.545454545453));
#6817 = CARTESIAN_POINT('',(4.85826395364,-8.702411870187,1.727272727275
    ));
#6818 = CARTESIAN_POINT('',(9.51659304442,-4.578548661028,1.909090909087
    ));
#6819 = CARTESIAN_POINT('',(10.377570975521,1.9582317693,2.090909090913)
  );
#6820 = CARTESIAN_POINT('',(6.945920547501,7.147649176422,2.272727272725
    ));
#6821 = CARTESIAN_POINT('',(1.668464154898,8.981577855203,2.454545454547
    ));
#6822 = CARTESIAN_POINT('',(-3.03334359885,7.583637877942,2.636363636363
    ));
#6823 = CARTESIAN_POINT('',(-5.716406491483,4.345022165469,
    2.818181818182));
#6824 = CARTESIAN_POINT('',(-6.181463987506,0.814178192453,3.));
#6825 = CARTESIAN_POINT('',(-6.245478329584,2.25999424912E-14,1.));
#6826 = CARTESIAN_POINT('',(-6.245478329585,-3.567408879704,
    1.181818181818));
#6827 = CARTESIAN_POINT('',(-4.004492019743,-7.134729902329,
    1.363636363636));
#6828 = CARTESIAN_POINT('',(0.482138248337,-9.138093568409,
    1.545454545455));
#6829 = CARTESIAN_POINT('',(5.963213459569,-8.007100986869,
    1.727272727272));
#6830 = CARTESIAN_POINT('',(10.050092544657,-3.302237188902,
    1.909090909092));
#6831 = CARTESIAN_POINT('',(10.050092544646,3.30223718891,2.090909090908
    ));
#6832 = CARTESIAN_POINT('',(5.963213459574,8.00710098685,2.272727272728)
  );
#6833 = CARTESIAN_POINT('',(0.482138248337,9.138093568427,2.454545454545
    ));
#6834 = CARTESIAN_POINT('',(-4.004492019745,7.13472990232,2.636363636364
    ));
#6835 = CARTESIAN_POINT('',(-6.245478329584,3.567408879706,
    2.818181818182));
#6836 = CARTESIAN_POINT('',(-6.245478329584,2.574391349347E-13,3.));
#6837 = CARTESIAN_POINT('',(-6.181463987506,-0.814178192453,1.));
#6838 = CARTESIAN_POINT('',(-5.716406491484,-4.345022165466,
    1.181818181818));
#6839 = CARTESIAN_POINT('',(-3.033343598847,-7.58363787795,
    1.363636363637));
#6840 = CARTESIAN_POINT('',(1.668464154897,-8.981577855187,
    1.545454545453));
#6841 = CARTESIAN_POINT('',(6.945920547496,-7.147649176438,
    1.727272727276));
#6842 = CARTESIAN_POINT('',(10.377570975536,-1.958231769294,
    1.909090909086));
#6843 = CARTESIAN_POINT('',(9.516593044404,4.578548661036,2.090909090914
    ));
#6844 = CARTESIAN_POINT('',(4.85826395365,8.702411870169,2.272727272724)
  );
#6845 = CARTESIAN_POINT('',(-0.714071212734,9.107283662455,
    2.454545454548));
#6846 = CARTESIAN_POINT('',(-4.893550676342,6.539564100955,
    2.636363636363));
#6847 = CARTESIAN_POINT('',(-6.646521483528,2.716665780563,
    2.818181818182));
#6848 = CARTESIAN_POINT('',(-6.181463987506,-0.814178192453,3.));
#6849 = CARTESIAN_POINT('',(-5.991526707486,-1.605899431446,1.));
#6850 = CARTESIAN_POINT('',(-5.074239097262,-5.028251483813,
    1.181818181818));
#6851 = CARTESIAN_POINT('',(-2.007110029213,-7.874294589301,
    1.363636363637));
#6852 = CARTESIAN_POINT('',(2.812211095895,-8.64255118396,1.545454545454
    ));
#6853 = CARTESIAN_POINT('',(7.779604549683,-6.148198149397,
    1.727272727273));
#6854 = CARTESIAN_POINT('',(10.49054295935,-0.583783053261,1.90909090909
    ));
#6855 = CARTESIAN_POINT('',(8.792334897657,5.752142321119,2.09090909091)
  );
#6856 = CARTESIAN_POINT('',(3.661873851174,9.214839517408,2.272727272727
    ));
#6857 = CARTESIAN_POINT('',(-1.887143698601,8.890495536043,
    2.454545454545));
#6858 = CARTESIAN_POINT('',(-5.676215288738,5.814945050835,
    2.636363636364));
#6859 = CARTESIAN_POINT('',(-6.908814317711,1.816452620924,
    2.818181818182));
#6860 = CARTESIAN_POINT('',(-5.991526707486,-1.605899431446,3.));
#6861 = CARTESIAN_POINT('',(-5.681859124944,-2.353503109045,1.));
#6862 = CARTESIAN_POINT('',(-4.337541292658,-5.598973451891,
    1.181818181818));
#6863 = CARTESIAN_POINT('',(-0.954506636839,-7.999885994562,
    1.363636363636));
#6864 = CARTESIAN_POINT('',(3.882164335589,-8.13174648597,1.545454545455
    ));
#6865 = CARTESIAN_POINT('',(8.442407946002,-5.037368913855,
    1.727272727272));
#6866 = CARTESIAN_POINT('',(10.387520714785,0.782978866869,
    1.909090909092));
#6867 = CARTESIAN_POINT('',(7.898736003411,6.791436670854,2.090909090908
    ));
#6868 = CARTESIAN_POINT('',(2.407726189853,9.531641626471,2.272727272728
    ));
#6869 = CARTESIAN_POINT('',(-3.004908355755,8.495117810512,
    2.454545454545));
#6870 = CARTESIAN_POINT('',(-6.331711751066,4.981835519869,
    2.636363636364));
#6871 = CARTESIAN_POINT('',(-7.026176957232,0.891967233803,
    2.818181818182));
#6872 = CARTESIAN_POINT('',(-5.681859124945,-2.353503109045,3.));
#6873 = DEFINITIONAL_REPRESENTATION('',(#6874),#6878);
#6874 = LINE('',#6875,#6876);
#6875 = CARTESIAN_POINT('',(0.,2.));
#6876 = VECTOR('',#6877,1.);
#6877 = DIRECTION('',(1.,0.));
#6878 = ( GEOMETRIC_REPRESENTATION_CONTEXT(2) 
PARAMETRIC_REPRESENTATION_CONTEXT() REPRESENTATION_CONTEXT('2D SPACE',''
  ) );
#6879 = ORIENTED_EDGE('',*,*,#6880,.F.);
#6880 = EDGE_CURVE('',#6881,#6763,#6883,.T.);
#6881 = VERTEX_POINT('',#6882);
#6882 = CARTESIAN_POINT('',(4.263556245423,2.461565346,3.));
#6883 = SURFACE_CURVE('',#6884,(#6896,#6911),.PCURVE_S1.);
#6884 = B_SPLINE_CURVE_WITH_KNOTS('',6,(#6885,#6886,#6887,#6888,#6889,
    #6890,#6891,#6892,#6893,#6894,#6895),.UNSPECIFIED.,.F.,.F.,(7,4,7),(
    0.,0.472573883555,1.),.UNSPECIFIED.);
#6885 = CARTESIAN_POINT('',(4.263556245423,2.461565346,3.));
#6886 = CARTESIAN_POINT('',(3.872969091981,3.355134635343,3.));
#6887 = CARTESIAN_POINT('',(3.26870277035,4.155340982201,3.));
#6888 = CARTESIAN_POINT('',(2.485725981921,4.801230613677,3.));
#6889 = CARTESIAN_POINT('',(1.580189774077,5.251783126605,3.));
#6890 = CARTESIAN_POINT('',(-0.46741879397,5.759571643171,3.));
#6891 = CARTESIAN_POINT('',(-2.546396491809,5.340431569992,3.));
#6892 = CARTESIAN_POINT('',(-3.574929252743,4.866475641438,3.));
#6893 = CARTESIAN_POINT('',(-4.466970859479,4.174567744866,3.));
#6894 = CARTESIAN_POINT('',(-5.177227029686,3.317857221987,3.));
#6895 = CARTESIAN_POINT('',(-5.681859124944,2.353503109046,3.));
#6896 = PCURVE('',#5813,#6897);
#6897 = DEFINITIONAL_REPRESENTATION('',(#6898),#6910);
#6898 = B_SPLINE_CURVE_WITH_KNOTS('',6,(#6899,#6900,#6901,#6902,#6903,
    #6904,#6905,#6906,#6907,#6908,#6909),.UNSPECIFIED.,.F.,.F.,(7,4,7),(
    0.,0.472573883555,1.),.UNSPECIFIED.);
#6899 = CARTESIAN_POINT('',(4.263556245423,2.461565346));
#6900 = CARTESIAN_POINT('',(3.872969091981,3.355134635343));
#6901 = CARTESIAN_POINT('',(3.26870277035,4.155340982201));
#6902 = CARTESIAN_POINT('',(2.485725981921,4.801230613677));
#6903 = CARTESIAN_POINT('',(1.580189774077,5.251783126605));
#6904 = CARTESIAN_POINT('',(-0.46741879397,5.759571643171));
#6905 = CARTESIAN_POINT('',(-2.546396491809,5.340431569992));
#6906 = CARTESIAN_POINT('',(-3.574929252743,4.866475641438));
#6907 = CARTESIAN_POINT('',(-4.466970859479,4.174567744866));
#6908 = CARTESIAN_POINT('',(-5.177227029686,3.317857221987));
#6909 = CARTESIAN_POINT('',(-5.681859124944,2.353503109046));
#6910 = ( GEOMETRIC_REPRESENTATION_CONTEXT(2) 
PARAMETRIC_REPRESENTATION_CONTEXT() REPRESENTATION_CONTEXT('2D SPACE',''
  ) );
#6911 = PCURVE('',#6912,#7045);
#6912 = B_SPLINE_SURFACE_WITH_KNOTS('',6,11,(
    (#6913,#6914,#6915,#6916,#6917,#6918,#6919,#6920,#6921,#6922,#6923
      ,#6924)
    ,(#6925,#6926,#6927,#6928,#6929,#6930,#6931,#6932,#6933,#6934,#6935
      ,#6936)
    ,(#6937,#6938,#6939,#6940,#6941,#6942,#6943,#6944,#6945,#6946,#6947
      ,#6948)
    ,(#6949,#6950,#6951,#6952,#6953,#6954,#6955,#6956,#6957,#6958,#6959
      ,#6960)
    ,(#6961,#6962,#6963,#6964,#6965,#6966,#6967,#6968,#6969,#6970,#6971
      ,#6972)
    ,(#6973,#6974,#6975,#6976,#6977,#6978,#6979,#6980,#6981,#6982,#6983
      ,#6984)
    ,(#6985,#6986,#6987,#6988,#6989,#6990,#6991,#6992,#6993,#6994,#6995
      ,#6996)
    ,(#6997,#6998,#6999,#7000,#7001,#7002,#7003,#7004,#7005,#7006,#7007
      ,#7008)
    ,(#7009,#7010,#7011,#7012,#7013,#7014,#7015,#7016,#7017,#7018,#7019
      ,#7020)
    ,(#7021,#7022,#7023,#7024,#7025,#7026,#7027,#7028,#7029,#7030,#7031
      ,#7032)
    ,(#7033,#7034,#7035,#7036,#7037,#7038,#7039,#7040,#7041,#7042,#7043
      ,#7044
    )),.UNSPECIFIED.,.F.,.F.,.F.,(7,4,7),(12,12),(0.,0.472573883555,1.),
  (0.,2.),.UNSPECIFIED.);
#6913 = CARTESIAN_POINT('',(4.263556245423,2.461565346,1.));
#6914 = CARTESIAN_POINT('',(2.857513407728,4.896902978506,1.181818181818
    ));
#6915 = CARTESIAN_POINT('',(-7.833297856434E-02,6.448928151401,
    1.363636363636));
#6916 = CARTESIAN_POINT('',(-3.93078587433,6.048209457684,1.545454545455
    ));
#6917 = CARTESIAN_POINT('',(-7.226748043577,3.115835936096,
    1.727272727273));
#6918 = CARTESIAN_POINT('',(-8.162354390513,-1.706784489334,
    1.909090909091));
#6919 = CARTESIAN_POINT('',(-5.559295921791,-6.21541401221,
    2.090909090909));
#6920 = CARTESIAN_POINT('',(-0.914980947121,-7.816465360523,
    2.272727272727));
#6921 = CARTESIAN_POINT('',(3.27251010061,-6.428265152862,2.454545454546
    ));
#6922 = CARTESIAN_POINT('',(5.545769117006,-3.292302425084,
    2.636363636364));
#6923 = CARTESIAN_POINT('',(5.669599083119,2.622771349205E-02,
    2.818181818182));
#6924 = CARTESIAN_POINT('',(4.263556245423,2.461565346,3.));
#6925 = CARTESIAN_POINT('',(3.872969091981,3.355134635343,1.));
#6926 = CARTESIAN_POINT('',(1.956520669764,5.567369407515,1.181818181818
    ));
#6927 = CARTESIAN_POINT('',(-1.349569263196,6.575669003481,
    1.363636363636));
#6928 = CARTESIAN_POINT('',(-5.208062385259,5.407738756223,
    1.545454545455));
#6929 = CARTESIAN_POINT('',(-7.999426245843,1.761893972199,
    1.727272727272));
#6930 = CARTESIAN_POINT('',(-8.006295999262,-3.351216658434,
    1.909090909091));
#6931 = CARTESIAN_POINT('',(-4.4583050266,-7.446807705931,2.090909090909
    ));
#6932 = CARTESIAN_POINT('',(0.603566329575,-8.168892110784,
    2.272727272728));
#6933 = CARTESIAN_POINT('',(4.610091682201,-5.925757921672,
    2.454545454545));
#6934 = CARTESIAN_POINT('',(6.31613003023,-2.27316112069,2.636363636364)
  );
#6935 = CARTESIAN_POINT('',(5.7894175142,1.14289986317,2.818181818182));
#6936 = CARTESIAN_POINT('',(3.872969091981,3.355134635343,3.));
#6937 = CARTESIAN_POINT('',(3.26870277035,4.155340982201,1.));
#6938 = CARTESIAN_POINT('',(0.895177551651,6.022419638583,1.181818181818
    ));
#6939 = CARTESIAN_POINT('',(-2.651156649263,6.39844365654,1.363636363636
    ));
#6940 = CARTESIAN_POINT('',(-6.332238980753,4.461830058454,
    1.545454545454));
#6941 = CARTESIAN_POINT('',(-8.448385287784,0.223145102832,
    1.727272727273));
#6942 = CARTESIAN_POINT('',(-7.457024812077,-4.958391966763,
    1.90909090909));
#6943 = CARTESIAN_POINT('',(-3.062830868901,-8.414982888419,
    2.09090909091));
#6944 = CARTESIAN_POINT('',(2.206438289679,-8.158225161234,
    2.272727272727));
#6945 = CARTESIAN_POINT('',(5.827564544361,-5.10339783492,2.454545454546
    ));
#6946 = CARTESIAN_POINT('',(6.842827316585,-1.069779005271,
    2.636363636364));
#6947 = CARTESIAN_POINT('',(5.64222798905,2.288262325819,2.818181818182)
  );
#6948 = CARTESIAN_POINT('',(3.26870277035,4.155340982201,3.));
#6949 = CARTESIAN_POINT('',(2.485725981921,4.801230613677,1.));
#6950 = CARTESIAN_POINT('',(-0.256730531554,6.221073974338,
    1.181818181818));
#6951 = CARTESIAN_POINT('',(-3.891041244094,5.918117271266,
    1.363636363636));
#6952 = CARTESIAN_POINT('',(-7.216830446525,3.266353450245,
    1.545454545455));
#6953 = CARTESIAN_POINT('',(-8.528866838724,-1.397379607212,
    1.727272727273));
#6954 = CARTESIAN_POINT('',(-6.538583001801,-6.41173551545,
    1.909090909091));
#6955 = CARTESIAN_POINT('',(-1.46137307541,-9.040343396461,
    2.090909090909));
#6956 = CARTESIAN_POINT('',(3.782100025992,-7.771097651715,
    2.272727272728));
#6957 = CARTESIAN_POINT('',(6.833044447287,-4.007643963417,
    2.454545454545));
#6958 = CARTESIAN_POINT('',(7.078649729003,0.238813763579,2.636363636364
    ));
#6959 = CARTESIAN_POINT('',(5.228182495398,3.381387253014,2.818181818182
    ));
#6960 = CARTESIAN_POINT('',(2.485725981921,4.801230613677,3.));
#6961 = CARTESIAN_POINT('',(1.580189774077,5.251783126605,1.));
#6962 = CARTESIAN_POINT('',(-1.419621732974,6.15438541488,1.181818181818
    ));
#6963 = CARTESIAN_POINT('',(-4.986358951314,5.172534295629,
    1.363636363636));
#6964 = CARTESIAN_POINT('',(-7.806152382385,1.906633225774,
    1.545454545455));
#6965 = CARTESIAN_POINT('',(-8.241893425757,-2.988524456075,
    1.727272727273));
#6966 = CARTESIAN_POINT('',(-5.319638506942,-7.615548801773,
    1.909090909091));
#6967 = CARTESIAN_POINT('',(0.234022120338,-9.286569390458,
    2.090909090909));
#6968 = CARTESIAN_POINT('',(5.224347472589,-7.040332318258,
    2.272727272728));
#6969 = CARTESIAN_POINT('',(7.562177497051,-2.71748721764,2.454545454545
    ));
#6970 = CARTESIAN_POINT('',(7.012739319963,1.562169600566,2.636363636364
    ));
#6971 = CARTESIAN_POINT('',(4.580001281131,4.349180838328,2.818181818182
    ));
#6972 = CARTESIAN_POINT('',(1.580189774077,5.251783126605,3.));
#6973 = CARTESIAN_POINT('',(-0.46741879397,5.759571643171,1.));
#6974 = CARTESIAN_POINT('',(-3.757278423425,5.492582652392,
    1.181818181818));
#6975 = CARTESIAN_POINT('',(-6.879339033802,3.158965702037,
    1.363636363636));
#6976 = CARTESIAN_POINT('',(-8.391053710399,-1.128532689765,
    1.545454545454));
#6977 = CARTESIAN_POINT('',(-6.937843902088,-6.098528026262,
    1.727272727273));
#6978 = CARTESIAN_POINT('',(-2.293158150573,-9.51532494704,
    1.909090909091));
#6979 = CARTESIAN_POINT('',(3.797479161276,-9.021038475189,
    2.090909090909));
#6980 = CARTESIAN_POINT('',(7.830431433835,-4.900006699649,
    2.272727272727));
#6981 = CARTESIAN_POINT('',(8.46322127443,0.239278212633,2.454545454546)
  );
#6982 = CARTESIAN_POINT('',(6.279937440654,4.226908514503,2.636363636364
    ));
#6983 = CARTESIAN_POINT('',(2.822440835488,6.02656063395,2.818181818182)
  );
#6984 = CARTESIAN_POINT('',(-0.46741879397,5.759571643171,3.));
#6985 = CARTESIAN_POINT('',(-2.546396491809,5.340431569991,1.));
#6986 = CARTESIAN_POINT('',(-5.596843871314,3.88593329512,1.181818181818
    ));
#6987 = CARTESIAN_POINT('',(-7.733524751103,0.515231058522,
    1.363636363636));
#6988 = CARTESIAN_POINT('',(-7.617294581389,-4.138039452405,
    1.545454545455));
#6989 = CARTESIAN_POINT('',(-4.415461491621,-8.363712837358,
    1.727272727273));
#6990 = CARTESIAN_POINT('',(1.273905414925,-9.940093204025,
    1.909090909091));
#6991 = CARTESIAN_POINT('',(6.921310082618,-7.247327414357,
    2.090909090909));
#6992 = CARTESIAN_POINT('',(9.278085307437,-1.834427877428,
    2.272727272727));
#6993 = CARTESIAN_POINT('',(8.010447861058,3.313498500818,2.454545454545
    ));
#6994 = CARTESIAN_POINT('',(4.468114515899,6.333152516105,2.636363636364
    ));
#6995 = CARTESIAN_POINT('',(0.504050887698,6.794929844864,2.818181818182
    ));
#6996 = CARTESIAN_POINT('',(-2.546396491809,5.340431569992,3.));
#6997 = CARTESIAN_POINT('',(-3.574929252743,4.866475641438,1.));
#6998 = CARTESIAN_POINT('',(-6.354653638926,2.824480827344,
    1.181818181818));
#6999 = CARTESIAN_POINT('',(-7.851562739303,-0.963639844739,
    1.363636363636));
#7000 = CARTESIAN_POINT('',(-6.84442365759,-5.60635234094,1.545454545455
    ));
#7001 = CARTESIAN_POINT('',(-2.825771661169,-9.229821888941,
    1.727272727272));
#7002 = CARTESIAN_POINT('',(3.179598413555,-9.721240181281,
    1.909090909092));
#7003 = CARTESIAN_POINT('',(8.325803714088,-5.940820587082,
    2.090909090908));
#7004 = CARTESIAN_POINT('',(9.652491765516,-6.324791750617E-02,
    2.272727272728));
#7005 = CARTESIAN_POINT('',(7.396378219576,4.854988260406,2.454545454545
    ));
#7006 = CARTESIAN_POINT('',(3.267197888985,7.204238832357,2.636363636364
    ));
#7007 = CARTESIAN_POINT('',(-0.795204866557,6.908470455533,
    2.818181818182));
#7008 = CARTESIAN_POINT('',(-3.574929252743,4.866475641438,3.));
#7009 = CARTESIAN_POINT('',(-4.466970859479,4.174567744866,1.));
#7010 = CARTESIAN_POINT('',(-6.85147837933,1.623039956515,1.181818181818
    ));
#7011 = CARTESIAN_POINT('',(-7.633100294655,-2.426332547179,
    1.363636363636));
#7012 = CARTESIAN_POINT('',(-5.76319238579,-6.858132268021,
    1.545454545455));
#7013 = CARTESIAN_POINT('',(-1.08697595263,-9.712838975679,
    1.727272727273));
#7014 = CARTESIAN_POINT('',(4.980892741234,-9.07949503165,1.909090909091
    ));
#7015 = CARTESIAN_POINT('',(9.395418619705,-4.355758428781,
    2.090909090909));
#7016 = CARTESIAN_POINT('',(9.617147493386,1.74104330193,2.272727272728)
  );
#7017 = CARTESIAN_POINT('',(6.452874550054,6.213595957489,2.454545454545
    ));
#7018 = CARTESIAN_POINT('',(1.904812334868,7.779652929698,2.636363636364
    ));
#7019 = CARTESIAN_POINT('',(-2.082463339627,6.72609553322,2.818181818182
    ));
#7020 = CARTESIAN_POINT('',(-4.466970859479,4.174567744866,3.));
#7021 = CARTESIAN_POINT('',(-5.177227029686,3.317857221987,1.));
#7022 = CARTESIAN_POINT('',(-7.072382643186,0.36063205791,1.181818181818
    ));
#7023 = CARTESIAN_POINT('',(-7.109812429869,-3.787025185839,
    1.363636363636));
#7024 = CARTESIAN_POINT('',(-4.454863038751,-7.83120976655,
    1.545454545455));
#7025 = CARTESIAN_POINT('',(0.689537589105,-9.805441196013,
    1.727272727272));
#7026 = CARTESIAN_POINT('',(6.576799581958,-8.076435639018,
    1.909090909092));
#7027 = CARTESIAN_POINT('',(10.085370399983,-2.601616664176,
    2.090909090908));
#7028 = CARTESIAN_POINT('',(9.196946128371,3.46962837302,2.272727272728)
  );
#7029 = CARTESIAN_POINT('',(5.254205871965,7.318946082402,2.454545454545
    ));
#7030 = CARTESIAN_POINT('',(0.470716677477,8.041729811146,2.636363636364
    ));
#7031 = CARTESIAN_POINT('',(-3.282071416184,6.275082386066,
    2.818181818182));
#7032 = CARTESIAN_POINT('',(-5.177227029686,3.317857221987,3.));
#7033 = CARTESIAN_POINT('',(-5.681859124944,2.353503109045,1.));
#7034 = CARTESIAN_POINT('',(-7.026176957231,-0.8919672338,1.181818181818
    ));
#7035 = CARTESIAN_POINT('',(-6.33171175107,-4.981835519878,
    1.363636363636));
#7036 = CARTESIAN_POINT('',(-3.004908355744,-8.495117810495,
    1.545454545455));
#7037 = CARTESIAN_POINT('',(2.407726189838,-9.531641626488,
    1.727272727273));
#7038 = CARTESIAN_POINT('',(7.898736003425,-6.791436670851,
    1.909090909091));
#7039 = CARTESIAN_POINT('',(10.387520714777,-0.782978866853,
    2.090909090909));
#7040 = CARTESIAN_POINT('',(8.442407946001,5.03736891383,2.272727272728)
  );
#7041 = CARTESIAN_POINT('',(3.882164335594,8.131746485991,2.454545454545
    ));
#7042 = CARTESIAN_POINT('',(-0.954506636842,7.999885994552,
    2.636363636364));
#7043 = CARTESIAN_POINT('',(-4.337541292657,5.598973451894,
    2.818181818182));
#7044 = CARTESIAN_POINT('',(-5.681859124944,2.353503109046,3.));
#7045 = DEFINITIONAL_REPRESENTATION('',(#7046),#7050);
#7046 = LINE('',#7047,#7048);
#7047 = CARTESIAN_POINT('',(0.,2.));
#7048 = VECTOR('',#7049,1.);
#7049 = DIRECTION('',(1.,0.));
#7050 = ( GEOMETRIC_REPRESENTATION_CONTEXT(2) 
PARAMETRIC_REPRESENTATION_CONTEXT() REPRESENTATION_CONTEXT('2D SPACE',''
  ) );
#7051 = ORIENTED_EDGE('',*,*,#7052,.F.);
#7052 = EDGE_CURVE('',#7053,#6881,#7055,.T.);
#7053 = VERTEX_POINT('',#7054);
#7054 = CARTESIAN_POINT('',(4.263556245423,-2.461565346,3.));
#7055 = SURFACE_CURVE('',#7056,(#7064,#7075),.PCURVE_S1.);
#7056 = ( BOUNDED_CURVE() B_SPLINE_CURVE(6,(#7057,#7058,#7059,#7060,
#7061,#7062,#7063),.UNSPECIFIED.,.F.,.F.) B_SPLINE_CURVE_WITH_KNOTS((7,7
),(2.617993877991,3.665191429188),.PIECEWISE_BEZIER_KNOTS.) CURVE() 
GEOMETRIC_REPRESENTATION_ITEM() RATIONAL_B_SPLINE_CURVE((1.013815801033,
    1.004520331021,0.999080478963,0.997285502839,0.999080478963,
1.004520331021,1.013815801033)) REPRESENTATION_ITEM('') );
#7057 = CARTESIAN_POINT('',(4.263556245423,-2.461565346,3.));
#7058 = CARTESIAN_POINT('',(4.697155857797,-1.710548787226,3.));
#7059 = CARTESIAN_POINT('',(4.967735752278,-0.876661395412,3.));
#7060 = CARTESIAN_POINT('',(5.059721889681,-2.104998914273E-13,3.));
#7061 = CARTESIAN_POINT('',(4.967735752278,0.876661395411,3.));
#7062 = CARTESIAN_POINT('',(4.697155857797,1.710548787226,3.));
#7063 = CARTESIAN_POINT('',(4.263556245423,2.461565346,3.));
#7064 = PCURVE('',#5813,#7065);
#7065 = DEFINITIONAL_REPRESENTATION('',(#7066),#7074);
#7066 = ( BOUNDED_CURVE() B_SPLINE_CURVE(6,(#7067,#7068,#7069,#7070,
#7071,#7072,#7073),.UNSPECIFIED.,.F.,.F.) B_SPLINE_CURVE_WITH_KNOTS((7,7
),(2.617993877991,3.665191429188),.PIECEWISE_BEZIER_KNOTS.) CURVE() 
GEOMETRIC_REPRESENTATION_ITEM() RATIONAL_B_SPLINE_CURVE((1.013815801033,
    1.004520331021,0.999080478963,0.997285502839,0.999080478963,
1.004520331021,1.013815801033)) REPRESENTATION_ITEM('') );
#7067 = CARTESIAN_POINT('',(4.263556245423,-2.461565346));
#7068 = CARTESIAN_POINT('',(4.697155857797,-1.710548787226));
#7069 = CARTESIAN_POINT('',(4.967735752278,-0.876661395412));
#7070 = CARTESIAN_POINT('',(5.059721889681,-2.106972644094E-13));
#7071 = CARTESIAN_POINT('',(4.967735752278,0.876661395411));
#7072 = CARTESIAN_POINT('',(4.697155857797,1.710548787226));
#7073 = CARTESIAN_POINT('',(4.263556245423,2.461565346));
#7074 = ( GEOMETRIC_REPRESENTATION_CONTEXT(2) 
PARAMETRIC_REPRESENTATION_CONTEXT() REPRESENTATION_CONTEXT('2D SPACE',''
  ) );
#7075 = PCURVE('',#7076,#7161);
#7076 = ( BOUNDED_SURFACE() B_SPLINE_SURFACE(6,11,(
    (#7077,#7078,#7079,#7080,#7081,#7082,#7083,#7084,#7085,#7086,#7087
      ,#7088)
    ,(#7089,#7090,#7091,#7092,#7093,#7094,#7095,#7096,#7097,#7098,#7099
      ,#7100)
    ,(#7101,#7102,#7103,#7104,#7105,#7106,#7107,#7108,#7109,#7110,#7111
      ,#7112)
    ,(#7113,#7114,#7115,#7116,#7117,#7118,#7119,#7120,#7121,#7122,#7123
      ,#7124)
    ,(#7125,#7126,#7127,#7128,#7129,#7130,#7131,#7132,#7133,#7134,#7135
      ,#7136)
    ,(#7137,#7138,#7139,#7140,#7141,#7142,#7143,#7144,#7145,#7146,#7147
      ,#7148)
    ,(#7149,#7150,#7151,#7152,#7153,#7154,#7155,#7156,#7157,#7158,#7159
,#7160
    )),.UNSPECIFIED.,.F.,.F.,.F.) B_SPLINE_SURFACE_WITH_KNOTS((7,7),(12,
    12),(2.617993877991,3.665191429188),(0.,2.),
.PIECEWISE_BEZIER_KNOTS.) GEOMETRIC_REPRESENTATION_ITEM() 
RATIONAL_B_SPLINE_SURFACE((
    (1.013815801033,1.013815801033,1.013815801033,1.013815801033
      ,1.013815801033,1.013815801033,1.013815801033,1.013815801033
      ,1.013815801033,1.013815801033,1.013815801033,1.013815801033)
    ,(1.004520331021,1.004520331021,1.004520331021,1.004520331021
      ,1.004520331021,1.004520331022,1.004520331021,1.004520331022
      ,1.004520331021,1.004520331021,1.004520331021,1.004520331021)
    ,(0.999080478963,0.999080478963,0.999080478963,0.999080478963
      ,0.999080478964,0.999080478963,0.999080478964,0.999080478963
      ,0.999080478963,0.999080478963,0.999080478963,0.999080478963)
    ,(0.997285502839,0.997285502839,0.997285502839,0.997285502839
      ,0.997285502839,0.997285502839,0.997285502839,0.997285502839
      ,0.997285502839,0.997285502839,0.997285502839,0.997285502839)
    ,(0.999080478963,0.999080478963,0.999080478963,0.999080478963
      ,0.999080478963,0.999080478963,0.999080478963,0.999080478964
      ,0.999080478963,0.999080478963,0.999080478963,0.999080478963)
    ,(1.004520331021,1.004520331021,1.004520331021,1.004520331021
      ,1.004520331021,1.004520331021,1.004520331021,1.004520331021
      ,1.004520331021,1.004520331021,1.004520331021,1.004520331021)
    ,(1.013815801033,1.013815801033,1.013815801033,1.013815801033
      ,1.013815801033,1.013815801033,1.013815801033,1.013815801033
      ,1.013815801033,1.013815801033,1.013815801033,1.013815801033
))) REPRESENTATION_ITEM('') SURFACE() );
#7077 = CARTESIAN_POINT('',(4.263556245423,-2.461565346,1.));
#7078 = CARTESIAN_POINT('',(5.669599083118,-2.622771349393E-02,
    1.181818181818));
#7079 = CARTESIAN_POINT('',(5.545769117011,3.292302425091,1.363636363636
    ));
#7080 = CARTESIAN_POINT('',(3.2725101006,6.428265152851,1.545454545455)
  );
#7081 = CARTESIAN_POINT('',(-0.914980947106,7.816465360532,
    1.727272727271));
#7082 = CARTESIAN_POINT('',(-5.559295921805,6.215414012211,
    1.909090909093));
#7083 = CARTESIAN_POINT('',(-8.162354390506,1.70678448932,2.090909090907
    ));
#7084 = CARTESIAN_POINT('',(-7.226748043575,-3.115835936076,
    2.272727272729));
#7085 = CARTESIAN_POINT('',(-3.930785874336,-6.048209457699,
    2.454545454544));
#7086 = CARTESIAN_POINT('',(-7.833297856079E-02,-6.448928151393,
    2.636363636364));
#7087 = CARTESIAN_POINT('',(2.857513407727,-4.896902978508,
    2.818181818182));
#7088 = CARTESIAN_POINT('',(4.263556245423,-2.461565346,3.));
#7089 = CARTESIAN_POINT('',(4.697155857797,-1.710548787226,1.));
#7090 = CARTESIAN_POINT('',(5.674219040261,0.972460364704,1.181818181818
    ));
#7091 = CARTESIAN_POINT('',(4.965836897192,4.26917811249,1.363636363637)
  );
#7092 = CARTESIAN_POINT('',(2.140184573251,7.004710995903,1.545454545453
    ));
#7093 = CARTESIAN_POINT('',(-2.29183505174,7.65529337108,1.727272727275)
  );
#7094 = CARTESIAN_POINT('',(-6.654128163738,5.236155606297,
    1.909090909087));
#7095 = CARTESIAN_POINT('',(-8.463000925929,0.269002751967,
    2.090909090913));
#7096 = CARTESIAN_POINT('',(-6.677900028507,-4.38881256272,
    2.272727272724));
#7097 = CARTESIAN_POINT('',(-2.865406366668,-6.740609208212,
    2.454545454547));
#7098 = CARTESIAN_POINT('',(1.057632292975,-6.462726342529,
    2.636363636363));
#7099 = CARTESIAN_POINT('',(3.720092675331,-4.393557939159,
    2.818181818182));
#7100 = CARTESIAN_POINT('',(4.697155857797,-1.710548787226,3.));
#7101 = CARTESIAN_POINT('',(4.967735752278,-0.876661395411,1.));
#7102 = CARTESIAN_POINT('',(5.468483570371,1.96090263083,1.181818181818)
  );
#7103 = CARTESIAN_POINT('',(4.18670901865,5.112958138922,1.363636363637)
  );
#7104 = CARTESIAN_POINT('',(0.89919108656,7.336236505694,1.545454545454)
  );
#7105 = CARTESIAN_POINT('',(-3.619282812998,7.205994241304,
    1.727272727274));
#7106 = CARTESIAN_POINT('',(-7.53044966356,4.03734807318,1.90909090909)
  );
#7107 = CARTESIAN_POINT('',(-8.457502391699,-1.215937865911,
    2.09090909091));
#7108 = CARTESIAN_POINT('',(-5.86715429823,-5.531913007878,
    2.272727272727));
#7109 = CARTESIAN_POINT('',(-1.666189317095,-7.200883545612,
    2.454545454546));
#7110 = CARTESIAN_POINT('',(2.183742410816,-6.237158200681,
    2.636363636363));
#7111 = CARTESIAN_POINT('',(4.466987934185,-3.714225421655,
    2.818181818182));
#7112 = CARTESIAN_POINT('',(4.967735752278,-0.876661395412,3.));
#7113 = CARTESIAN_POINT('',(5.059721889681,-1.456878466013E-14,1.));
#7114 = CARTESIAN_POINT('',(5.059721889681,2.890106385059,1.181818181818
    ));
#7115 = CARTESIAN_POINT('',(3.244205625273,5.780141593444,1.363636363636
    ));
#7116 = CARTESIAN_POINT('',(-0.390600258337,7.403149865882,
    1.545454545454));
#7117 = CARTESIAN_POINT('',(-4.831047372512,6.486885711259,
    1.727272727273));
#7118 = CARTESIAN_POINT('',(-8.141998187816,2.675279763675,1.90909090909
    ));
#7119 = CARTESIAN_POINT('',(-8.141998187809,-2.675279763684,
    2.09090909091));
#7120 = CARTESIAN_POINT('',(-4.831047372518,-6.486885711239,
    2.272727272726));
#7121 = CARTESIAN_POINT('',(-0.390600258334,-7.403149865899,
    2.454545454546));
#7122 = CARTESIAN_POINT('',(3.244205625272,-5.780141593435,
    2.636363636363));
#7123 = CARTESIAN_POINT('',(5.059721889681,-2.890106385061,
    2.818181818182));
#7124 = CARTESIAN_POINT('',(5.059721889681,-2.104998914273E-13,3.));
#7125 = CARTESIAN_POINT('',(4.967735752278,0.876661395411,1.));
#7126 = CARTESIAN_POINT('',(4.466987934186,3.714225421653,1.181818181818
    ));
#7127 = CARTESIAN_POINT('',(2.183742410814,6.237158200689,1.363636363636
    ));
#7128 = CARTESIAN_POINT('',(-1.666189317093,7.200883545595,
    1.545454545455));
#7129 = CARTESIAN_POINT('',(-5.86715429823,5.531913007899,1.727272727273
    ));
#7130 = CARTESIAN_POINT('',(-8.457502391702,1.2159378659,1.909090909091)
  );
#7131 = CARTESIAN_POINT('',(-7.530449663554,-4.037348073186,
    2.090909090909));
#7132 = CARTESIAN_POINT('',(-3.619282813005,-7.205994241286,
    2.272727272727));
#7133 = CARTESIAN_POINT('',(0.899191086564,-7.336236505711,
    2.454545454546));
#7134 = CARTESIAN_POINT('',(4.186709018649,-5.112958138913,
    2.636363636364));
#7135 = CARTESIAN_POINT('',(5.468483570371,-1.960902630832,
    2.818181818182));
#7136 = CARTESIAN_POINT('',(4.967735752278,0.876661395411,3.));
#7137 = CARTESIAN_POINT('',(4.697155857797,1.710548787226,1.));
#7138 = CARTESIAN_POINT('',(3.720092675332,4.393557939156,1.181818181818
    ));
#7139 = CARTESIAN_POINT('',(1.057632292972,6.462726342539,1.363636363637
    ));
#7140 = CARTESIAN_POINT('',(-2.865406366664,6.740609208193,
    1.545454545453));
#7141 = CARTESIAN_POINT('',(-6.67790002851,4.388812562743,1.727272727275
    ));
#7142 = CARTESIAN_POINT('',(-8.46300092593,-0.269002751981,
    1.909090909088));
#7143 = CARTESIAN_POINT('',(-6.65412816373,-5.236155606302,
    2.090909090912));
#7144 = CARTESIAN_POINT('',(-2.291835051751,-7.655293371064,
    2.272727272725));
#7145 = CARTESIAN_POINT('',(2.140184573259,-7.004710995918,
    2.454545454547));
#7146 = CARTESIAN_POINT('',(4.965836897188,-4.269178112483,
    2.636363636363));
#7147 = CARTESIAN_POINT('',(5.674219040262,-0.972460364706,
    2.818181818182));
#7148 = CARTESIAN_POINT('',(4.697155857797,1.710548787226,3.));
#7149 = CARTESIAN_POINT('',(4.263556245423,2.461565346,1.));
#7150 = CARTESIAN_POINT('',(2.857513407728,4.896902978506,1.181818181818
    ));
#7151 = CARTESIAN_POINT('',(-7.833297856448E-02,6.4489281514,
    1.363636363636));
#7152 = CARTESIAN_POINT('',(-3.930785874331,6.048209457686,
    1.545454545455));
#7153 = CARTESIAN_POINT('',(-7.226748043575,3.115835936093,
    1.727272727271));
#7154 = CARTESIAN_POINT('',(-8.162354390515,-1.706784489332,
    1.909090909093));
#7155 = CARTESIAN_POINT('',(-5.55929592179,-6.215414012211,
    2.090909090907));
#7156 = CARTESIAN_POINT('',(-0.914980947121,-7.816465360522,
    2.272727272729));
#7157 = CARTESIAN_POINT('',(3.272510100609,-6.428265152862,
    2.454545454544));
#7158 = CARTESIAN_POINT('',(5.545769117007,-3.292302425084,
    2.636363636364));
#7159 = CARTESIAN_POINT('',(5.669599083119,2.622771349186E-02,
    2.818181818182));
#7160 = CARTESIAN_POINT('',(4.263556245423,2.461565346,3.));
#7161 = DEFINITIONAL_REPRESENTATION('',(#7162),#7166);
#7162 = LINE('',#7163,#7164);
#7163 = CARTESIAN_POINT('',(0.,2.));
#7164 = VECTOR('',#7165,1.);
#7165 = DIRECTION('',(1.,0.));
#7166 = ( GEOMETRIC_REPRESENTATION_CONTEXT(2) 
PARAMETRIC_REPRESENTATION_CONTEXT() REPRESENTATION_CONTEXT('2D SPACE',''
  ) );
#7167 = ORIENTED_EDGE('',*,*,#7168,.F.);
#7168 = EDGE_CURVE('',#6765,#7053,#7169,.T.);
#7169 = SURFACE_CURVE('',#7170,(#7182,#7197),.PCURVE_S1.);
#7170 = B_SPLINE_CURVE_WITH_KNOTS('',6,(#7171,#7172,#7173,#7174,#7175,
    #7176,#7177,#7178,#7179,#7180,#7181),.UNSPECIFIED.,.F.,.F.,(7,4,7),(
    0.,0.527426116445,1.),.UNSPECIFIED.);
#7171 = CARTESIAN_POINT('',(-5.681859124945,-2.353503109045,3.));
#7172 = CARTESIAN_POINT('',(-5.177227029686,-3.317857221987,3.));
#7173 = CARTESIAN_POINT('',(-4.46697085948,-4.174567744866,3.));
#7174 = CARTESIAN_POINT('',(-3.574929252743,-4.866475641437,3.));
#7175 = CARTESIAN_POINT('',(-2.546396491809,-5.340431569991,3.));
#7176 = CARTESIAN_POINT('',(-0.467418793971,-5.759571643171,3.));
#7177 = CARTESIAN_POINT('',(1.580189774077,-5.251783126605,3.));
#7178 = CARTESIAN_POINT('',(2.485725981921,-4.801230613677,3.));
#7179 = CARTESIAN_POINT('',(3.26870277035,-4.155340982202,3.));
#7180 = CARTESIAN_POINT('',(3.872969091981,-3.355134635343,3.));
#7181 = CARTESIAN_POINT('',(4.263556245423,-2.461565346,3.));
#7182 = PCURVE('',#5813,#7183);
#7183 = DEFINITIONAL_REPRESENTATION('',(#7184),#7196);
#7184 = B_SPLINE_CURVE_WITH_KNOTS('',6,(#7185,#7186,#7187,#7188,#7189,
    #7190,#7191,#7192,#7193,#7194,#7195),.UNSPECIFIED.,.F.,.F.,(7,4,7),(
    0.,0.527426116445,1.),.UNSPECIFIED.);
#7185 = CARTESIAN_POINT('',(-5.681859124945,-2.353503109045));
#7186 = CARTESIAN_POINT('',(-5.177227029686,-3.317857221987));
#7187 = CARTESIAN_POINT('',(-4.46697085948,-4.174567744866));
#7188 = CARTESIAN_POINT('',(-3.574929252743,-4.866475641437));
#7189 = CARTESIAN_POINT('',(-2.546396491809,-5.340431569991));
#7190 = CARTESIAN_POINT('',(-0.467418793971,-5.759571643171));
#7191 = CARTESIAN_POINT('',(1.580189774077,-5.251783126605));
#7192 = CARTESIAN_POINT('',(2.485725981921,-4.801230613677));
#7193 = CARTESIAN_POINT('',(3.26870277035,-4.155340982202));
#7194 = CARTESIAN_POINT('',(3.872969091981,-3.355134635343));
#7195 = CARTESIAN_POINT('',(4.263556245423,-2.461565346));
#7196 = ( GEOMETRIC_REPRESENTATION_CONTEXT(2) 
PARAMETRIC_REPRESENTATION_CONTEXT() REPRESENTATION_CONTEXT('2D SPACE',''
  ) );
#7197 = PCURVE('',#7198,#7331);
#7198 = B_SPLINE_SURFACE_WITH_KNOTS('',6,11,(
    (#7199,#7200,#7201,#7202,#7203,#7204,#7205,#7206,#7207,#7208,#7209
      ,#7210)
    ,(#7211,#7212,#7213,#7214,#7215,#7216,#7217,#7218,#7219,#7220,#7221
      ,#7222)
    ,(#7223,#7224,#7225,#7226,#7227,#7228,#7229,#7230,#7231,#7232,#7233
      ,#7234)
    ,(#7235,#7236,#7237,#7238,#7239,#7240,#7241,#7242,#7243,#7244,#7245
      ,#7246)
    ,(#7247,#7248,#7249,#7250,#7251,#7252,#7253,#7254,#7255,#7256,#7257
      ,#7258)
    ,(#7259,#7260,#7261,#7262,#7263,#7264,#7265,#7266,#7267,#7268,#7269
      ,#7270)
    ,(#7271,#7272,#7273,#7274,#7275,#7276,#7277,#7278,#7279,#7280,#7281
      ,#7282)
    ,(#7283,#7284,#7285,#7286,#7287,#7288,#7289,#7290,#7291,#7292,#7293
      ,#7294)
    ,(#7295,#7296,#7297,#7298,#7299,#7300,#7301,#7302,#7303,#7304,#7305
      ,#7306)
    ,(#7307,#7308,#7309,#7310,#7311,#7312,#7313,#7314,#7315,#7316,#7317
      ,#7318)
    ,(#7319,#7320,#7321,#7322,#7323,#7324,#7325,#7326,#7327,#7328,#7329
      ,#7330
    )),.UNSPECIFIED.,.F.,.F.,.F.,(7,4,7),(12,12),(0.,0.527426116445,1.),
  (0.,2.),.UNSPECIFIED.);
#7199 = CARTESIAN_POINT('',(-5.681859124944,-2.353503109045,1.));
#7200 = CARTESIAN_POINT('',(-4.337541292658,-5.598973451891,
    1.181818181818));
#7201 = CARTESIAN_POINT('',(-0.954506636839,-7.999885994562,
    1.363636363636));
#7202 = CARTESIAN_POINT('',(3.882164335589,-8.131746485971,
    1.545454545455));
#7203 = CARTESIAN_POINT('',(8.442407946003,-5.037368913854,
    1.727272727273));
#7204 = CARTESIAN_POINT('',(10.387520714784,0.782978866867,
    1.909090909091));
#7205 = CARTESIAN_POINT('',(7.898736003411,6.791436670857,2.090909090909
    ));
#7206 = CARTESIAN_POINT('',(2.407726189854,9.531641626468,2.272727272728
    ));
#7207 = CARTESIAN_POINT('',(-3.004908355756,8.495117810513,
    2.454545454545));
#7208 = CARTESIAN_POINT('',(-6.331711751065,4.981835519868,
    2.636363636364));
#7209 = CARTESIAN_POINT('',(-7.026176957232,0.891967233803,
    2.818181818182));
#7210 = CARTESIAN_POINT('',(-5.681859124945,-2.353503109045,3.));
#7211 = CARTESIAN_POINT('',(-5.177227029686,-3.317857221987,1.));
#7212 = CARTESIAN_POINT('',(-3.282071416186,-6.275082386064,
    1.181818181818));
#7213 = CARTESIAN_POINT('',(0.470716677483,-8.041729811155,
    1.363636363636));
#7214 = CARTESIAN_POINT('',(5.254205871956,-7.318946082383,
    1.545454545455));
#7215 = CARTESIAN_POINT('',(9.196946128378,-3.469628373043,
    1.727272727272));
#7216 = CARTESIAN_POINT('',(10.085370399985,2.60161666419,1.909090909092
    ));
#7217 = CARTESIAN_POINT('',(6.576799581944,8.076435639022,2.090909090908
    ));
#7218 = CARTESIAN_POINT('',(0.689537589123,9.805441195996,2.272727272728
    ));
#7219 = CARTESIAN_POINT('',(-4.454863038765,7.831209766567,
    2.454545454545));
#7220 = CARTESIAN_POINT('',(-7.109812429862,3.78702518583,2.636363636364
    ));
#7221 = CARTESIAN_POINT('',(-7.072382643187,-0.360632057908,
    2.818181818182));
#7222 = CARTESIAN_POINT('',(-5.177227029686,-3.317857221987,3.));
#7223 = CARTESIAN_POINT('',(-4.466970859479,-4.174567744866,1.));
#7224 = CARTESIAN_POINT('',(-2.082463339628,-6.726095533218,
    1.181818181818));
#7225 = CARTESIAN_POINT('',(1.904812334875,-7.779652929706,
    1.363636363636));
#7226 = CARTESIAN_POINT('',(6.452874550042,-6.213595957473,
    1.545454545455));
#7227 = CARTESIAN_POINT('',(9.617147493397,-1.741043301949,
    1.727272727273));
#7228 = CARTESIAN_POINT('',(9.395418619704,4.355758428793,1.909090909091
    ));
#7229 = CARTESIAN_POINT('',(4.98089274122,9.079495031654,2.090909090909)
  );
#7230 = CARTESIAN_POINT('',(-1.08697595261,9.712838975664,2.272727272728
    ));
#7231 = CARTESIAN_POINT('',(-5.763192385806,6.858132268035,
    2.454545454545));
#7232 = CARTESIAN_POINT('',(-7.633100294648,2.426332547171,
    2.636363636364));
#7233 = CARTESIAN_POINT('',(-6.851478379332,-1.623039956512,
    2.818181818182));
#7234 = CARTESIAN_POINT('',(-4.46697085948,-4.174567744866,3.));
#7235 = CARTESIAN_POINT('',(-3.574929252743,-4.866475641437,1.));
#7236 = CARTESIAN_POINT('',(-0.79520486656,-6.908470455532,
    1.181818181818));
#7237 = CARTESIAN_POINT('',(3.267197888991,-7.204238832362,
    1.363636363636));
#7238 = CARTESIAN_POINT('',(7.396378219564,-4.854988260394,
    1.545454545455));
#7239 = CARTESIAN_POINT('',(9.652491765526,6.324791749146E-02,
    1.727272727272));
#7240 = CARTESIAN_POINT('',(8.325803714091,5.940820587089,1.909090909092
    ));
#7241 = CARTESIAN_POINT('',(3.179598413536,9.721240181285,2.090909090908
    ));
#7242 = CARTESIAN_POINT('',(-2.825771661143,9.229821888928,
    2.272727272728));
#7243 = CARTESIAN_POINT('',(-6.84442365761,5.606352340953,2.454545454545
    ));
#7244 = CARTESIAN_POINT('',(-7.851562739293,0.963639844732,
    2.636363636364));
#7245 = CARTESIAN_POINT('',(-6.354653638929,-2.824480827341,
    2.818181818182));
#7246 = CARTESIAN_POINT('',(-3.574929252743,-4.866475641437,3.));
#7247 = CARTESIAN_POINT('',(-2.546396491809,-5.340431569992,1.));
#7248 = CARTESIAN_POINT('',(0.504050887696,-6.794929844863,
    1.181818181818));
#7249 = CARTESIAN_POINT('',(4.468114515909,-6.33315251611,1.363636363636
    ));
#7250 = CARTESIAN_POINT('',(8.010447861041,-3.313498500806,
    1.545454545455));
#7251 = CARTESIAN_POINT('',(9.278085307456,1.834427877411,1.727272727273
    ));
#7252 = CARTESIAN_POINT('',(6.921310082611,7.247327414373,1.909090909091
    ));
#7253 = CARTESIAN_POINT('',(1.273905414913,9.940093204018,2.090909090909
    ));
#7254 = CARTESIAN_POINT('',(-4.415461491599,8.363712837357,
    2.272727272727));
#7255 = CARTESIAN_POINT('',(-7.617294581408,4.138039452409,
    2.454545454545));
#7256 = CARTESIAN_POINT('',(-7.733524751094,-0.515231058525,
    2.636363636364));
#7257 = CARTESIAN_POINT('',(-5.596843871317,-3.885933295119,
    2.818181818182));
#7258 = CARTESIAN_POINT('',(-2.546396491809,-5.340431569991,3.));
#7259 = CARTESIAN_POINT('',(-0.46741879397,-5.759571643171,1.));
#7260 = CARTESIAN_POINT('',(2.822440835485,-6.02656063395,1.181818181818
    ));
#7261 = CARTESIAN_POINT('',(6.279937440664,-4.226908514505,
    1.363636363636));
#7262 = CARTESIAN_POINT('',(8.46322127441,-0.239278212629,1.545454545454
    ));
#7263 = CARTESIAN_POINT('',(7.830431433858,4.900006699642,1.727272727273
    ));
#7264 = CARTESIAN_POINT('',(3.797479161264,9.021038475198,1.909090909091
    ));
#7265 = CARTESIAN_POINT('',(-2.293158150581,9.515324947033,
    2.090909090909));
#7266 = CARTESIAN_POINT('',(-6.937843902067,6.098528026266,
    2.272727272727));
#7267 = CARTESIAN_POINT('',(-8.391053710418,1.128532689765,
    2.454545454546));
#7268 = CARTESIAN_POINT('',(-6.879339033793,-3.158965702038,
    2.636363636364));
#7269 = CARTESIAN_POINT('',(-3.757278423428,-5.492582652391,
    2.818181818182));
#7270 = CARTESIAN_POINT('',(-0.467418793971,-5.759571643171,3.));
#7271 = CARTESIAN_POINT('',(1.580189774077,-5.251783126605,1.));
#7272 = CARTESIAN_POINT('',(4.580001281128,-4.349180838329,
    1.181818181818));
#7273 = CARTESIAN_POINT('',(7.012739319973,-1.562169600564,
    1.363636363636));
#7274 = CARTESIAN_POINT('',(7.562177497031,2.717487217638,1.545454545455
    ));
#7275 = CARTESIAN_POINT('',(5.224347472613,7.040332318257,1.727272727273
    ));
#7276 = CARTESIAN_POINT('',(0.234022120323,9.286569390467,1.909090909091
    ));
#7277 = CARTESIAN_POINT('',(-5.319638506946,7.615548801758,
    2.090909090909));
#7278 = CARTESIAN_POINT('',(-8.24189342574,2.988524456089,2.272727272728
    ));
#7279 = CARTESIAN_POINT('',(-7.806152382401,-1.906633225784,
    2.454545454545));
#7280 = CARTESIAN_POINT('',(-4.986358951306,-5.172534295625,
    2.636363636364));
#7281 = CARTESIAN_POINT('',(-1.419621732977,-6.154385414881,
    2.818181818182));
#7282 = CARTESIAN_POINT('',(1.580189774077,-5.251783126605,3.));
#7283 = CARTESIAN_POINT('',(2.485725981921,-4.801230613677,1.));
#7284 = CARTESIAN_POINT('',(5.228182495396,-3.381387253016,
    1.181818181818));
#7285 = CARTESIAN_POINT('',(7.078649729011,-0.238813763575,
    1.363636363636));
#7286 = CARTESIAN_POINT('',(6.833044447269,4.007643963409,1.545454545455
    ));
#7287 = CARTESIAN_POINT('',(3.782100026013,7.77109765172,1.727272727273)
  );
#7288 = CARTESIAN_POINT('',(-1.461373075424,9.040343396462,
    1.909090909091));
#7289 = CARTESIAN_POINT('',(-6.538583001803,6.41173551544,2.090909090909
    ));
#7290 = CARTESIAN_POINT('',(-8.52886683871,1.397379607225,2.272727272728
    ));
#7291 = CARTESIAN_POINT('',(-7.216830446539,-3.266353450255,
    2.454545454545));
#7292 = CARTESIAN_POINT('',(-3.891041244087,-5.918117271261,
    2.636363636364));
#7293 = CARTESIAN_POINT('',(-0.256730531556,-6.221073974339,
    2.818181818182));
#7294 = CARTESIAN_POINT('',(2.485725981921,-4.801230613677,3.));
#7295 = CARTESIAN_POINT('',(3.26870277035,-4.155340982202,1.));
#7296 = CARTESIAN_POINT('',(5.642227989048,-2.28826232582,1.181818181818
    ));
#7297 = CARTESIAN_POINT('',(6.842827316594,1.069779005276,1.363636363636
    ));
#7298 = CARTESIAN_POINT('',(5.827564544344,5.103397834912,1.545454545454
    ));
#7299 = CARTESIAN_POINT('',(2.206438289702,8.158225161241,1.727272727273
    ));
#7300 = CARTESIAN_POINT('',(-3.062830868918,8.414982888423,1.90909090909
    ));
#7301 = CARTESIAN_POINT('',(-7.457024812075,4.958391966749,2.09090909091
    ));
#7302 = CARTESIAN_POINT('',(-8.448385287776,-0.223145102813,
    2.272727272727));
#7303 = CARTESIAN_POINT('',(-6.332238980763,-4.461830058468,
    2.454545454546));
#7304 = CARTESIAN_POINT('',(-2.651156649257,-6.398443656533,
    2.636363636364));
#7305 = CARTESIAN_POINT('',(0.89517755165,-6.022419638584,2.818181818182
    ));
#7306 = CARTESIAN_POINT('',(3.26870277035,-4.155340982202,3.));
#7307 = CARTESIAN_POINT('',(3.872969091981,-3.355134635343,1.));
#7308 = CARTESIAN_POINT('',(5.789417514198,-1.142899863171,
    1.181818181818));
#7309 = CARTESIAN_POINT('',(6.316130030238,2.273161120695,1.363636363636
    ));
#7310 = CARTESIAN_POINT('',(4.610091682185,5.925757921663,1.545454545455
    ));
#7311 = CARTESIAN_POINT('',(0.603566329597,8.16889211079,1.727272727272)
  );
#7312 = CARTESIAN_POINT('',(-4.458305026619,7.446807705936,
    1.909090909091));
#7313 = CARTESIAN_POINT('',(-8.006295999255,3.351216658417,
    2.090909090909));
#7314 = CARTESIAN_POINT('',(-7.999426245839,-1.761893972177,
    2.272727272728));
#7315 = CARTESIAN_POINT('',(-5.208062385266,-5.40773875624,
    2.454545454545));
#7316 = CARTESIAN_POINT('',(-1.349569263192,-6.575669003473,
    2.636363636364));
#7317 = CARTESIAN_POINT('',(1.956520669763,-5.567369407517,
    2.818181818182));
#7318 = CARTESIAN_POINT('',(3.872969091981,-3.355134635343,3.));
#7319 = CARTESIAN_POINT('',(4.263556245423,-2.461565346,1.));
#7320 = CARTESIAN_POINT('',(5.669599083118,-2.622771349403E-02,
    1.181818181818));
#7321 = CARTESIAN_POINT('',(5.545769117011,3.292302425091,1.363636363636
    ));
#7322 = CARTESIAN_POINT('',(3.272510100599,6.428265152848,1.545454545455
    ));
#7323 = CARTESIAN_POINT('',(-0.914980947105,7.816465360536,
    1.727272727273));
#7324 = CARTESIAN_POINT('',(-5.559295921804,6.215414012207,
    1.909090909091));
#7325 = CARTESIAN_POINT('',(-8.162354390508,1.706784489323,
    2.090909090909));
#7326 = CARTESIAN_POINT('',(-7.226748043574,-3.115835936077,
    2.272727272727));
#7327 = CARTESIAN_POINT('',(-3.930785874336,-6.048209457699,
    2.454545454546));
#7328 = CARTESIAN_POINT('',(-7.833297856102E-02,-6.448928151393,
    2.636363636364));
#7329 = CARTESIAN_POINT('',(2.857513407727,-4.896902978508,
    2.818181818182));
#7330 = CARTESIAN_POINT('',(4.263556245423,-2.461565346,3.));
#7331 = DEFINITIONAL_REPRESENTATION('',(#7332),#7336);
#7332 = LINE('',#7333,#7334);
#7333 = CARTESIAN_POINT('',(0.,2.));
#7334 = VECTOR('',#7335,1.);
#7335 = DIRECTION('',(1.,0.));
#7336 = ( GEOMETRIC_REPRESENTATION_CONTEXT(2) 
PARAMETRIC_REPRESENTATION_CONTEXT() REPRESENTATION_CONTEXT('2D SPACE',''
  ) );
#7337 = ADVANCED_FACE('',(#7338),#5900,.F.);
#7338 = FACE_BOUND('',#7339,.F.);
#7339 = EDGE_LOOP('',(#7340,#7361,#7362,#7363));
#7340 = ORIENTED_EDGE('',*,*,#7341,.T.);
#7341 = EDGE_CURVE('',#6060,#6716,#7342,.T.);
#7342 = SURFACE_CURVE('',#7343,(#7347,#7354),.PCURVE_S1.);
#7343 = LINE('',#7344,#7345);
#7344 = CARTESIAN_POINT('',(-6.,-10.39230484541,-3.));
#7345 = VECTOR('',#7346,1.);
#7346 = DIRECTION('',(0.,0.,1.));
#7347 = PCURVE('',#5900,#7348);
#7348 = DEFINITIONAL_REPRESENTATION('',(#7349),#7353);
#7349 = LINE('',#7350,#7351);
#7350 = CARTESIAN_POINT('',(0.,0.));
#7351 = VECTOR('',#7352,1.);
#7352 = DIRECTION('',(0.,-1.));
#7353 = ( GEOMETRIC_REPRESENTATION_CONTEXT(2) 
PARAMETRIC_REPRESENTATION_CONTEXT() REPRESENTATION_CONTEXT('2D SPACE',''
  ) );
#7354 = PCURVE('',#6075,#7355);
#7355 = DEFINITIONAL_REPRESENTATION('',(#7356),#7360);
#7356 = LINE('',#7357,#7358);
#7357 = CARTESIAN_POINT('',(12.,0.));
#7358 = VECTOR('',#7359,1.);
#7359 = DIRECTION('',(0.,-1.));
#7360 = ( GEOMETRIC_REPRESENTATION_CONTEXT(2) 
PARAMETRIC_REPRESENTATION_CONTEXT() REPRESENTATION_CONTEXT('2D SPACE',''
  ) );
#7361 = ORIENTED_EDGE('',*,*,#6738,.T.);
#7362 = ORIENTED_EDGE('',*,*,#5882,.F.);
#7363 = ORIENTED_EDGE('',*,*,#6087,.F.);
#7364 = ADVANCED_FACE('',(#7365),#5998,.F.);
#7365 = FACE_BOUND('',#7366,.F.);
#7366 = EDGE_LOOP('',(#7367,#7368,#7369,#7390));
#7367 = ORIENTED_EDGE('',*,*,#5982,.T.);
#7368 = ORIENTED_EDGE('',*,*,#6692,.T.);
#7369 = ORIENTED_EDGE('',*,*,#7370,.F.);
#7370 = EDGE_CURVE('',#6037,#6693,#7371,.T.);
#7371 = SURFACE_CURVE('',#7372,(#7376,#7383),.PCURVE_S1.);
#7372 = LINE('',#7373,#7374);
#7373 = CARTESIAN_POINT('',(-12.,1.469576158977E-15,-3.));
#7374 = VECTOR('',#7375,1.);
#7375 = DIRECTION('',(0.,0.,1.));
#7376 = PCURVE('',#5998,#7377);
#7377 = DEFINITIONAL_REPRESENTATION('',(#7378),#7382);
#7378 = LINE('',#7379,#7380);
#7379 = CARTESIAN_POINT('',(12.,0.));
#7380 = VECTOR('',#7381,1.);
#7381 = DIRECTION('',(0.,-1.));
#7382 = ( GEOMETRIC_REPRESENTATION_CONTEXT(2) 
PARAMETRIC_REPRESENTATION_CONTEXT() REPRESENTATION_CONTEXT('2D SPACE',''
  ) );
#7383 = PCURVE('',#6075,#7384);
#7384 = DEFINITIONAL_REPRESENTATION('',(#7385),#7389);
#7385 = LINE('',#7386,#7387);
#7386 = CARTESIAN_POINT('',(0.,0.));
#7387 = VECTOR('',#7388,1.);
#7388 = DIRECTION('',(0.,-1.));
#7389 = ( GEOMETRIC_REPRESENTATION_CONTEXT(2) 
PARAMETRIC_REPRESENTATION_CONTEXT() REPRESENTATION_CONTEXT('2D SPACE',''
  ) );
#7390 = ORIENTED_EDGE('',*,*,#6036,.F.);
#7391 = ADVANCED_FACE('',(#7392),#6075,.F.);
#7392 = FACE_BOUND('',#7393,.F.);
#7393 = EDGE_LOOP('',(#7394,#7395,#7396,#7397));
#7394 = ORIENTED_EDGE('',*,*,#7370,.T.);
#7395 = ORIENTED_EDGE('',*,*,#6715,.T.);
#7396 = ORIENTED_EDGE('',*,*,#7341,.F.);
#7397 = ORIENTED_EDGE('',*,*,#6059,.F.);
#7398 = ADVANCED_FACE('',(#7399),#6137,.F.);
#7399 = FACE_BOUND('',#7400,.F.);
#7400 = EDGE_LOOP('',(#7401,#7433,#7434,#7466));
#7401 = ORIENTED_EDGE('',*,*,#7402,.F.);
#7402 = EDGE_CURVE('',#6112,#7403,#7405,.T.);
#7403 = VERTEX_POINT('',#7404);
#7404 = CARTESIAN_POINT('',(-5.681859124944,2.353503109045,-1.));
#7405 = SURFACE_CURVE('',#7406,(#7419,#7426),.PCURVE_S1.);
#7406 = ( BOUNDED_CURVE() B_SPLINE_CURVE(11,(#7407,#7408,#7409,#7410,
    #7411,#7412,#7413,#7414,#7415,#7416,#7417,#7418),.UNSPECIFIED.,.F.,
.F.) B_SPLINE_CURVE_WITH_KNOTS((12,12),(0.,2.),
.PIECEWISE_BEZIER_KNOTS.) CURVE() GEOMETRIC_REPRESENTATION_ITEM() 
RATIONAL_B_SPLINE_CURVE((1.007744716361,1.007744716361,1.007744716361,
    1.007744716361,1.007744716361,1.007744716361,1.007744716361,
    1.007744716361,1.007744716361,1.007744716361,1.007744716361,
1.007744716361)) REPRESENTATION_ITEM('') );
#7407 = CARTESIAN_POINT('',(-5.681859124944,2.353503109045,-3.));
#7408 = CARTESIAN_POINT('',(-7.026176957231,-0.891967233801,
    -2.818181818182));
#7409 = CARTESIAN_POINT('',(-6.33171175107,-4.981835519877,
    -2.636363636364));
#7410 = CARTESIAN_POINT('',(-3.004908355744,-8.495117810497,
    -2.454545454545));
#7411 = CARTESIAN_POINT('',(2.407726189836,-9.531641626484,
    -2.272727272728));
#7412 = CARTESIAN_POINT('',(7.898736003429,-6.791436670854,
    -2.090909090908));
#7413 = CARTESIAN_POINT('',(10.387520714773,-0.782978866852,
    -1.909090909092));
#7414 = CARTESIAN_POINT('',(8.442407946004,5.03736891383,-1.727272727272
    ));
#7415 = CARTESIAN_POINT('',(3.882164335593,8.131746485991,
    -1.545454545455));
#7416 = CARTESIAN_POINT('',(-0.954506636842,7.999885994552,
    -1.363636363636));
#7417 = CARTESIAN_POINT('',(-4.337541292657,5.598973451894,
    -1.181818181818));
#7418 = CARTESIAN_POINT('',(-5.681859124944,2.353503109046,-1.));
#7419 = PCURVE('',#6137,#7420);
#7420 = DEFINITIONAL_REPRESENTATION('',(#7421),#7425);
#7421 = LINE('',#7422,#7423);
#7422 = CARTESIAN_POINT('',(5.890486225481,0.));
#7423 = VECTOR('',#7424,1.);
#7424 = DIRECTION('',(0.,1.));
#7425 = ( GEOMETRIC_REPRESENTATION_CONTEXT(2) 
PARAMETRIC_REPRESENTATION_CONTEXT() REPRESENTATION_CONTEXT('2D SPACE',''
  ) );
#7426 = PCURVE('',#6261,#7427);
#7427 = DEFINITIONAL_REPRESENTATION('',(#7428),#7432);
#7428 = LINE('',#7429,#7430);
#7429 = CARTESIAN_POINT('',(1.,0.));
#7430 = VECTOR('',#7431,1.);
#7431 = DIRECTION('',(0.,1.));
#7432 = ( GEOMETRIC_REPRESENTATION_CONTEXT(2) 
PARAMETRIC_REPRESENTATION_CONTEXT() REPRESENTATION_CONTEXT('2D SPACE',''
  ) );
#7433 = ORIENTED_EDGE('',*,*,#6111,.T.);
#7434 = ORIENTED_EDGE('',*,*,#7435,.T.);
#7435 = EDGE_CURVE('',#6114,#7436,#7438,.T.);
#7436 = VERTEX_POINT('',#7437);
#7437 = CARTESIAN_POINT('',(-5.681859124944,-2.353503109045,-1.));
#7438 = SURFACE_CURVE('',#7439,(#7452,#7459),.PCURVE_S1.);
#7439 = ( BOUNDED_CURVE() B_SPLINE_CURVE(11,(#7440,#7441,#7442,#7443,
    #7444,#7445,#7446,#7447,#7448,#7449,#7450,#7451),.UNSPECIFIED.,.F.,
.F.) B_SPLINE_CURVE_WITH_KNOTS((12,12),(0.,2.),
.PIECEWISE_BEZIER_KNOTS.) CURVE() GEOMETRIC_REPRESENTATION_ITEM() 
RATIONAL_B_SPLINE_CURVE((1.007744716361,1.007744716361,1.007744716361,
    1.007744716361,1.007744716361,1.007744716361,1.007744716361,
    1.007744716361,1.007744716361,1.007744716361,1.007744716361,
1.007744716361)) REPRESENTATION_ITEM('') );
#7440 = CARTESIAN_POINT('',(-5.681859124944,-2.353503109045,-3.));
#7441 = CARTESIAN_POINT('',(-4.337541292658,-5.598973451891,
    -2.818181818182));
#7442 = CARTESIAN_POINT('',(-0.954506636839,-7.999885994562,
    -2.636363636364));
#7443 = CARTESIAN_POINT('',(3.882164335589,-8.13174648597,
    -2.454545454545));
#7444 = CARTESIAN_POINT('',(8.442407946002,-5.037368913855,
    -2.272727272728));
#7445 = CARTESIAN_POINT('',(10.387520714785,0.782978866869,
    -2.090909090908));
#7446 = CARTESIAN_POINT('',(7.898736003411,6.791436670854,
    -1.909090909092));
#7447 = CARTESIAN_POINT('',(2.407726189853,9.531641626471,
    -1.727272727272));
#7448 = CARTESIAN_POINT('',(-3.004908355755,8.495117810512,
    -1.545454545455));
#7449 = CARTESIAN_POINT('',(-6.331711751066,4.981835519869,
    -1.363636363636));
#7450 = CARTESIAN_POINT('',(-7.026176957232,0.891967233803,
    -1.181818181818));
#7451 = CARTESIAN_POINT('',(-5.681859124945,-2.353503109045,-1.));
#7452 = PCURVE('',#6137,#7453);
#7453 = DEFINITIONAL_REPRESENTATION('',(#7454),#7458);
#7454 = LINE('',#7455,#7456);
#7455 = CARTESIAN_POINT('',(6.675884388878,0.));
#7456 = VECTOR('',#7457,1.);
#7457 = DIRECTION('',(0.,1.));
#7458 = ( GEOMETRIC_REPRESENTATION_CONTEXT(2) 
PARAMETRIC_REPRESENTATION_CONTEXT() REPRESENTATION_CONTEXT('2D SPACE',''
  ) );
#7459 = PCURVE('',#6547,#7460);
#7460 = DEFINITIONAL_REPRESENTATION('',(#7461),#7465);
#7461 = LINE('',#7462,#7463);
#7462 = CARTESIAN_POINT('',(0.,0.));
#7463 = VECTOR('',#7464,1.);
#7464 = DIRECTION('',(0.,1.));
#7465 = ( GEOMETRIC_REPRESENTATION_CONTEXT(2) 
PARAMETRIC_REPRESENTATION_CONTEXT() REPRESENTATION_CONTEXT('2D SPACE',''
  ) );
#7466 = ORIENTED_EDGE('',*,*,#7467,.F.);
#7467 = EDGE_CURVE('',#7403,#7436,#7468,.T.);
#7468 = SURFACE_CURVE('',#7469,(#7477,#7484),.PCURVE_S1.);
#7469 = ( BOUNDED_CURVE() B_SPLINE_CURVE(6,(#7470,#7471,#7472,#7473,
#7474,#7475,#7476),.UNSPECIFIED.,.F.,.F.) B_SPLINE_CURVE_WITH_KNOTS((7,7
),(5.890486225481,6.675884388878),.PIECEWISE_BEZIER_KNOTS.) CURVE() 
GEOMETRIC_REPRESENTATION_ITEM() RATIONAL_B_SPLINE_CURVE((1.007744716361,
    1.002554895352,0.999483957836,0.998466654399,0.999483957836,
1.002554895352,1.007744716361)) REPRESENTATION_ITEM('') );
#7470 = CARTESIAN_POINT('',(-5.681859124944,2.353503109046,-1.));
#7471 = CARTESIAN_POINT('',(-5.991526707486,1.605899431446,-1.));
#7472 = CARTESIAN_POINT('',(-6.181463987506,0.814178192453,-1.));
#7473 = CARTESIAN_POINT('',(-6.245478329584,2.543797329165E-13,-1.));
#7474 = CARTESIAN_POINT('',(-6.181463987506,-0.814178192453,-1.));
#7475 = CARTESIAN_POINT('',(-5.991526707486,-1.605899431446,-1.));
#7476 = CARTESIAN_POINT('',(-5.681859124945,-2.353503109045,-1.));
#7477 = PCURVE('',#6137,#7478);
#7478 = DEFINITIONAL_REPRESENTATION('',(#7479),#7483);
#7479 = LINE('',#7480,#7481);
#7480 = CARTESIAN_POINT('',(0.,2.));
#7481 = VECTOR('',#7482,1.);
#7482 = DIRECTION('',(1.,0.));
#7483 = ( GEOMETRIC_REPRESENTATION_CONTEXT(2) 
PARAMETRIC_REPRESENTATION_CONTEXT() REPRESENTATION_CONTEXT('2D SPACE',''
  ) );
#7484 = PCURVE('',#7485,#7570);
#7485 = ( BOUNDED_SURFACE() B_SPLINE_SURFACE(6,11,(
    (#7486,#7487,#7488,#7489,#7490,#7491,#7492,#7493,#7494,#7495,#7496
      ,#7497)
    ,(#7498,#7499,#7500,#7501,#7502,#7503,#7504,#7505,#7506,#7507,#7508
      ,#7509)
    ,(#7510,#7511,#7512,#7513,#7514,#7515,#7516,#7517,#7518,#7519,#7520
      ,#7521)
    ,(#7522,#7523,#7524,#7525,#7526,#7527,#7528,#7529,#7530,#7531,#7532
      ,#7533)
    ,(#7534,#7535,#7536,#7537,#7538,#7539,#7540,#7541,#7542,#7543,#7544
      ,#7545)
    ,(#7546,#7547,#7548,#7549,#7550,#7551,#7552,#7553,#7554,#7555,#7556
      ,#7557)
    ,(#7558,#7559,#7560,#7561,#7562,#7563,#7564,#7565,#7566,#7567,#7568
,#7569
    )),.UNSPECIFIED.,.F.,.F.,.F.) B_SPLINE_SURFACE_WITH_KNOTS((7,7),(12,
    12),(5.890486225481,6.675884388878),(0.,2.),
.PIECEWISE_BEZIER_KNOTS.) GEOMETRIC_REPRESENTATION_ITEM() 
RATIONAL_B_SPLINE_SURFACE((
    (1.007744716361,1.007744716361,1.007744716361,1.007744716361
      ,1.007744716361,1.007744716361,1.007744716361,1.007744716361
      ,1.007744716361,1.007744716361,1.007744716361,1.007744716361)
    ,(1.002554895352,1.002554895352,1.002554895352,1.002554895352
      ,1.002554895352,1.002554895353,1.002554895352,1.002554895353
      ,1.002554895352,1.002554895352,1.002554895352,1.002554895352)
    ,(0.999483957836,0.999483957836,0.999483957836,0.999483957835
      ,0.999483957836,0.999483957835,0.999483957836,0.999483957835
      ,0.999483957836,0.999483957836,0.999483957836,0.999483957836)
    ,(0.998466654399,0.998466654399,0.998466654399,0.998466654399
      ,0.998466654399,0.998466654399,0.998466654399,0.998466654399
      ,0.998466654399,0.998466654399,0.998466654399,0.998466654399)
    ,(0.999483957836,0.999483957836,0.999483957836,0.999483957835
      ,0.999483957836,0.999483957835,0.999483957836,0.999483957835
      ,0.999483957836,0.999483957836,0.999483957836,0.999483957836)
    ,(1.002554895352,1.002554895352,1.002554895352,1.002554895352
      ,1.002554895353,1.002554895352,1.002554895353,1.002554895352
      ,1.002554895353,1.002554895352,1.002554895352,1.002554895352)
    ,(1.007744716361,1.007744716361,1.007744716361,1.007744716361
      ,1.007744716361,1.007744716361,1.007744716361,1.007744716361
      ,1.007744716361,1.007744716361,1.007744716361,1.007744716361
))) REPRESENTATION_ITEM('') SURFACE() );
#7486 = CARTESIAN_POINT('',(-5.681859124944,2.353503109045,-1.));
#7487 = CARTESIAN_POINT('',(-7.026176957231,-0.891967233801,
    -0.818181818182));
#7488 = CARTESIAN_POINT('',(-6.33171175107,-4.981835519877,
    -0.636363636364));
#7489 = CARTESIAN_POINT('',(-3.004908355744,-8.495117810497,
    -0.454545454545));
#7490 = CARTESIAN_POINT('',(2.407726189836,-9.531641626484,
    -0.272727272728));
#7491 = CARTESIAN_POINT('',(7.898736003429,-6.791436670854,
    -9.090909090758E-02));
#7492 = CARTESIAN_POINT('',(10.387520714773,-0.782978866852,
    9.090909090768E-02));
#7493 = CARTESIAN_POINT('',(8.442407946004,5.03736891383,0.272727272728)
  );
#7494 = CARTESIAN_POINT('',(3.882164335593,8.131746485991,0.454545454545
    ));
#7495 = CARTESIAN_POINT('',(-0.954506636842,7.999885994552,
    0.636363636364));
#7496 = CARTESIAN_POINT('',(-4.337541292657,5.598973451894,
    0.818181818182));
#7497 = CARTESIAN_POINT('',(-5.681859124944,2.353503109046,1.));
#7498 = CARTESIAN_POINT('',(-5.991526707486,1.605899431446,-1.));
#7499 = CARTESIAN_POINT('',(-6.90881431771,-1.816452620921,
    -0.818181818182));
#7500 = CARTESIAN_POINT('',(-5.676215288739,-5.814945050844,
    -0.636363636364));
#7501 = CARTESIAN_POINT('',(-1.887143698597,-8.890495536025,
    -0.454545454544));
#7502 = CARTESIAN_POINT('',(3.661873851167,-9.214839517426,
    -0.272727272729));
#7503 = CARTESIAN_POINT('',(8.792334897663,-5.752142321116,
    -9.090909090618E-02));
#7504 = CARTESIAN_POINT('',(10.49054295935,0.583783053277,
    9.090909090603E-02));
#7505 = CARTESIAN_POINT('',(7.779604549678,6.148198149371,0.27272727273)
  );
#7506 = CARTESIAN_POINT('',(2.812211095901,8.642551183982,0.454545454544
    ));
#7507 = CARTESIAN_POINT('',(-2.007110029217,7.87429458929,0.636363636364
    ));
#7508 = CARTESIAN_POINT('',(-5.074239097261,5.028251483816,
    0.818181818182));
#7509 = CARTESIAN_POINT('',(-5.991526707486,1.605899431446,1.));
#7510 = CARTESIAN_POINT('',(-6.181463987506,0.814178192453,-1.));
#7511 = CARTESIAN_POINT('',(-6.646521483528,-2.71666578056,
    -0.818181818182));
#7512 = CARTESIAN_POINT('',(-4.893550676342,-6.539564100965,
    -0.636363636363));
#7513 = CARTESIAN_POINT('',(-0.714071212732,-9.107283662437,
    -0.454545454547));
#7514 = CARTESIAN_POINT('',(4.85826395364,-8.702411870187,
    -0.272727272725));
#7515 = CARTESIAN_POINT('',(9.51659304442,-4.578548661028,
    -9.090909091261E-02));
#7516 = CARTESIAN_POINT('',(10.377570975521,1.9582317693,
    9.09090909126E-02));
#7517 = CARTESIAN_POINT('',(6.945920547501,7.147649176422,0.272727272725
    ));
#7518 = CARTESIAN_POINT('',(1.668464154898,8.981577855203,0.454545454547
    ));
#7519 = CARTESIAN_POINT('',(-3.03334359885,7.583637877942,0.636363636363
    ));
#7520 = CARTESIAN_POINT('',(-5.716406491483,4.345022165469,
    0.818181818182));
#7521 = CARTESIAN_POINT('',(-6.181463987506,0.814178192453,1.));
#7522 = CARTESIAN_POINT('',(-6.245478329584,2.10702414821E-14,-1.));
#7523 = CARTESIAN_POINT('',(-6.245478329585,-3.567408879704,
    -0.818181818182));
#7524 = CARTESIAN_POINT('',(-4.004492019743,-7.134729902329,
    -0.636363636364));
#7525 = CARTESIAN_POINT('',(0.482138248337,-9.138093568409,
    -0.454545454545));
#7526 = CARTESIAN_POINT('',(5.963213459569,-8.007100986869,
    -0.272727272728));
#7527 = CARTESIAN_POINT('',(10.050092544657,-3.302237188902,
    -9.090909090824E-02));
#7528 = CARTESIAN_POINT('',(10.050092544646,3.30223718891,
    9.090909090805E-02));
#7529 = CARTESIAN_POINT('',(5.963213459574,8.00710098685,0.272727272728)
  );
#7530 = CARTESIAN_POINT('',(0.482138248337,9.138093568427,0.454545454545
    ));
#7531 = CARTESIAN_POINT('',(-4.004492019745,7.13472990232,0.636363636364
    ));
#7532 = CARTESIAN_POINT('',(-6.245478329584,3.567408879706,
    0.818181818182));
#7533 = CARTESIAN_POINT('',(-6.245478329584,2.559094339256E-13,1.));
#7534 = CARTESIAN_POINT('',(-6.181463987506,-0.814178192453,-1.));
#7535 = CARTESIAN_POINT('',(-5.716406491484,-4.345022165466,
    -0.818181818182));
#7536 = CARTESIAN_POINT('',(-3.033343598847,-7.58363787795,
    -0.636363636363));
#7537 = CARTESIAN_POINT('',(1.668464154897,-8.981577855187,
    -0.454545454547));
#7538 = CARTESIAN_POINT('',(6.945920547496,-7.147649176438,
    -0.272727272724));
#7539 = CARTESIAN_POINT('',(10.377570975536,-1.958231769294,
    -9.090909091374E-02));
#7540 = CARTESIAN_POINT('',(9.516593044404,4.578548661036,
    9.090909091379E-02));
#7541 = CARTESIAN_POINT('',(4.85826395365,8.702411870169,0.272727272724)
  );
#7542 = CARTESIAN_POINT('',(-0.714071212734,9.107283662455,
    0.454545454548));
#7543 = CARTESIAN_POINT('',(-4.893550676342,6.539564100955,
    0.636363636363));
#7544 = CARTESIAN_POINT('',(-6.646521483528,2.716665780563,
    0.818181818182));
#7545 = CARTESIAN_POINT('',(-6.181463987506,-0.814178192453,1.));
#7546 = CARTESIAN_POINT('',(-5.991526707486,-1.605899431446,-1.));
#7547 = CARTESIAN_POINT('',(-5.074239097262,-5.028251483813,
    -0.818181818182));
#7548 = CARTESIAN_POINT('',(-2.007110029213,-7.874294589301,
    -0.636363636363));
#7549 = CARTESIAN_POINT('',(2.812211095895,-8.64255118396,
    -0.454545454546));
#7550 = CARTESIAN_POINT('',(7.779604549683,-6.148198149397,
    -0.272727272727));
#7551 = CARTESIAN_POINT('',(10.49054295935,-0.583783053261,
    -9.090909090982E-02));
#7552 = CARTESIAN_POINT('',(8.792334897657,5.752142321119,
    9.090909090962E-02));
#7553 = CARTESIAN_POINT('',(3.661873851174,9.214839517408,0.272727272727
    ));
#7554 = CARTESIAN_POINT('',(-1.887143698601,8.890495536043,
    0.454545454545));
#7555 = CARTESIAN_POINT('',(-5.676215288738,5.814945050835,
    0.636363636364));
#7556 = CARTESIAN_POINT('',(-6.908814317711,1.816452620924,
    0.818181818182));
#7557 = CARTESIAN_POINT('',(-5.991526707486,-1.605899431446,1.));
#7558 = CARTESIAN_POINT('',(-5.681859124944,-2.353503109045,-1.));
#7559 = CARTESIAN_POINT('',(-4.337541292658,-5.598973451891,
    -0.818181818182));
#7560 = CARTESIAN_POINT('',(-0.954506636839,-7.999885994562,
    -0.636363636364));
#7561 = CARTESIAN_POINT('',(3.882164335589,-8.13174648597,
    -0.454545454545));
#7562 = CARTESIAN_POINT('',(8.442407946002,-5.037368913855,
    -0.272727272728));
#7563 = CARTESIAN_POINT('',(10.387520714785,0.782978866869,
    -9.090909090758E-02));
#7564 = CARTESIAN_POINT('',(7.898736003411,6.791436670854,
    9.090909090768E-02));
#7565 = CARTESIAN_POINT('',(2.407726189853,9.531641626471,0.272727272728
    ));
#7566 = CARTESIAN_POINT('',(-3.004908355755,8.495117810512,
    0.454545454545));
#7567 = CARTESIAN_POINT('',(-6.331711751066,4.981835519869,
    0.636363636364));
#7568 = CARTESIAN_POINT('',(-7.026176957232,0.891967233803,
    0.818181818182));
#7569 = CARTESIAN_POINT('',(-5.681859124945,-2.353503109045,1.));
#7570 = DEFINITIONAL_REPRESENTATION('',(#7571),#7575);
#7571 = LINE('',#7572,#7573);
#7572 = CARTESIAN_POINT('',(0.,0.));
#7573 = VECTOR('',#7574,1.);
#7574 = DIRECTION('',(1.,0.));
#7575 = ( GEOMETRIC_REPRESENTATION_CONTEXT(2) 
PARAMETRIC_REPRESENTATION_CONTEXT() REPRESENTATION_CONTEXT('2D SPACE',''
  ) );
#7576 = ADVANCED_FACE('',(#7577),#6547,.F.);
#7577 = FACE_BOUND('',#7578,.F.);
#7578 = EDGE_LOOP('',(#7579,#7580,#7581,#7613));
#7579 = ORIENTED_EDGE('',*,*,#7435,.F.);
#7580 = ORIENTED_EDGE('',*,*,#6517,.T.);
#7581 = ORIENTED_EDGE('',*,*,#7582,.T.);
#7582 = EDGE_CURVE('',#6402,#7583,#7585,.T.);
#7583 = VERTEX_POINT('',#7584);
#7584 = CARTESIAN_POINT('',(4.263556245423,-2.461565346,-1.));
#7585 = SURFACE_CURVE('',#7586,(#7599,#7606),.PCURVE_S1.);
#7586 = B_SPLINE_CURVE_WITH_KNOTS('',11,(#7587,#7588,#7589,#7590,#7591,
    #7592,#7593,#7594,#7595,#7596,#7597,#7598),.UNSPECIFIED.,.F.,.F.,(12
    ,12),(0.,2.),.PIECEWISE_BEZIER_KNOTS.);
#7587 = CARTESIAN_POINT('',(4.263556245423,-2.461565346,-3.));
#7588 = CARTESIAN_POINT('',(5.669599083118,-2.622771349403E-02,
    -2.818181818182));
#7589 = CARTESIAN_POINT('',(5.545769117011,3.292302425091,
    -2.636363636364));
#7590 = CARTESIAN_POINT('',(3.272510100599,6.428265152848,
    -2.454545454545));
#7591 = CARTESIAN_POINT('',(-0.914980947105,7.816465360536,
    -2.272727272727));
#7592 = CARTESIAN_POINT('',(-5.559295921804,6.215414012207,
    -2.090909090909));
#7593 = CARTESIAN_POINT('',(-8.162354390508,1.706784489323,
    -1.909090909091));
#7594 = CARTESIAN_POINT('',(-7.226748043574,-3.115835936077,
    -1.727272727273));
#7595 = CARTESIAN_POINT('',(-3.930785874336,-6.048209457699,
    -1.545454545454));
#7596 = CARTESIAN_POINT('',(-7.833297856102E-02,-6.448928151393,
    -1.363636363636));
#7597 = CARTESIAN_POINT('',(2.857513407727,-4.896902978508,
    -1.181818181818));
#7598 = CARTESIAN_POINT('',(4.263556245423,-2.461565346,-1.));
#7599 = PCURVE('',#6547,#7600);
#7600 = DEFINITIONAL_REPRESENTATION('',(#7601),#7605);
#7601 = LINE('',#7602,#7603);
#7602 = CARTESIAN_POINT('',(1.,0.));
#7603 = VECTOR('',#7604,1.);
#7604 = DIRECTION('',(0.,1.));
#7605 = ( GEOMETRIC_REPRESENTATION_CONTEXT(2) 
PARAMETRIC_REPRESENTATION_CONTEXT() REPRESENTATION_CONTEXT('2D SPACE',''
  ) );
#7606 = PCURVE('',#6425,#7607);
#7607 = DEFINITIONAL_REPRESENTATION('',(#7608),#7612);
#7608 = LINE('',#7609,#7610);
#7609 = CARTESIAN_POINT('',(2.617993877991,0.));
#7610 = VECTOR('',#7611,1.);
#7611 = DIRECTION('',(0.,1.));
#7612 = ( GEOMETRIC_REPRESENTATION_CONTEXT(2) 
PARAMETRIC_REPRESENTATION_CONTEXT() REPRESENTATION_CONTEXT('2D SPACE',''
  ) );
#7613 = ORIENTED_EDGE('',*,*,#7614,.F.);
#7614 = EDGE_CURVE('',#7436,#7583,#7615,.T.);
#7615 = SURFACE_CURVE('',#7616,(#7628,#7635),.PCURVE_S1.);
#7616 = B_SPLINE_CURVE_WITH_KNOTS('',6,(#7617,#7618,#7619,#7620,#7621,
    #7622,#7623,#7624,#7625,#7626,#7627),.UNSPECIFIED.,.F.,.F.,(7,4,7),(
    0.,0.527426116445,1.),.UNSPECIFIED.);
#7617 = CARTESIAN_POINT('',(-5.681859124945,-2.353503109045,-1.));
#7618 = CARTESIAN_POINT('',(-5.177227029686,-3.317857221987,-1.));
#7619 = CARTESIAN_POINT('',(-4.46697085948,-4.174567744866,-1.));
#7620 = CARTESIAN_POINT('',(-3.574929252743,-4.866475641437,-1.));
#7621 = CARTESIAN_POINT('',(-2.546396491809,-5.340431569991,-1.));
#7622 = CARTESIAN_POINT('',(-0.467418793971,-5.759571643171,-1.));
#7623 = CARTESIAN_POINT('',(1.580189774077,-5.251783126605,-1.));
#7624 = CARTESIAN_POINT('',(2.485725981921,-4.801230613677,-1.));
#7625 = CARTESIAN_POINT('',(3.26870277035,-4.155340982202,-1.));
#7626 = CARTESIAN_POINT('',(3.872969091981,-3.355134635343,-1.));
#7627 = CARTESIAN_POINT('',(4.263556245423,-2.461565346,-1.));
#7628 = PCURVE('',#6547,#7629);
#7629 = DEFINITIONAL_REPRESENTATION('',(#7630),#7634);
#7630 = LINE('',#7631,#7632);
#7631 = CARTESIAN_POINT('',(0.,2.));
#7632 = VECTOR('',#7633,1.);
#7633 = DIRECTION('',(1.,0.));
#7634 = ( GEOMETRIC_REPRESENTATION_CONTEXT(2) 
PARAMETRIC_REPRESENTATION_CONTEXT() REPRESENTATION_CONTEXT('2D SPACE',''
  ) );
#7635 = PCURVE('',#7636,#7769);
#7636 = B_SPLINE_SURFACE_WITH_KNOTS('',6,11,(
    (#7637,#7638,#7639,#7640,#7641,#7642,#7643,#7644,#7645,#7646,#7647
      ,#7648)
    ,(#7649,#7650,#7651,#7652,#7653,#7654,#7655,#7656,#7657,#7658,#7659
      ,#7660)
    ,(#7661,#7662,#7663,#7664,#7665,#7666,#7667,#7668,#7669,#7670,#7671
      ,#7672)
    ,(#7673,#7674,#7675,#7676,#7677,#7678,#7679,#7680,#7681,#7682,#7683
      ,#7684)
    ,(#7685,#7686,#7687,#7688,#7689,#7690,#7691,#7692,#7693,#7694,#7695
      ,#7696)
    ,(#7697,#7698,#7699,#7700,#7701,#7702,#7703,#7704,#7705,#7706,#7707
      ,#7708)
    ,(#7709,#7710,#7711,#7712,#7713,#7714,#7715,#7716,#7717,#7718,#7719
      ,#7720)
    ,(#7721,#7722,#7723,#7724,#7725,#7726,#7727,#7728,#7729,#7730,#7731
      ,#7732)
    ,(#7733,#7734,#7735,#7736,#7737,#7738,#7739,#7740,#7741,#7742,#7743
      ,#7744)
    ,(#7745,#7746,#7747,#7748,#7749,#7750,#7751,#7752,#7753,#7754,#7755
      ,#7756)
    ,(#7757,#7758,#7759,#7760,#7761,#7762,#7763,#7764,#7765,#7766,#7767
      ,#7768
    )),.UNSPECIFIED.,.F.,.F.,.F.,(7,4,7),(12,12),(0.,0.527426116445,1.),
  (0.,2.),.UNSPECIFIED.);
#7637 = CARTESIAN_POINT('',(-5.681859124944,-2.353503109045,-1.));
#7638 = CARTESIAN_POINT('',(-4.337541292658,-5.598973451891,
    -0.818181818182));
#7639 = CARTESIAN_POINT('',(-0.954506636839,-7.999885994562,
    -0.636363636364));
#7640 = CARTESIAN_POINT('',(3.882164335589,-8.131746485971,
    -0.454545454545));
#7641 = CARTESIAN_POINT('',(8.442407946003,-5.037368913854,
    -0.272727272727));
#7642 = CARTESIAN_POINT('',(10.387520714784,0.782978866867,
    -9.09090909088E-02));
#7643 = CARTESIAN_POINT('',(7.898736003411,6.791436670857,
    9.090909090874E-02));
#7644 = CARTESIAN_POINT('',(2.407726189854,9.531641626468,0.272727272728
    ));
#7645 = CARTESIAN_POINT('',(-3.004908355756,8.495117810513,
    0.454545454545));
#7646 = CARTESIAN_POINT('',(-6.331711751065,4.981835519868,
    0.636363636364));
#7647 = CARTESIAN_POINT('',(-7.026176957232,0.891967233803,
    0.818181818182));
#7648 = CARTESIAN_POINT('',(-5.681859124945,-2.353503109045,1.));
#7649 = CARTESIAN_POINT('',(-5.177227029686,-3.317857221987,-1.));
#7650 = CARTESIAN_POINT('',(-3.282071416186,-6.275082386064,
    -0.818181818182));
#7651 = CARTESIAN_POINT('',(0.470716677483,-8.041729811155,
    -0.636363636364));
#7652 = CARTESIAN_POINT('',(5.254205871956,-7.318946082383,
    -0.454545454545));
#7653 = CARTESIAN_POINT('',(9.196946128378,-3.469628373043,
    -0.272727272728));
#7654 = CARTESIAN_POINT('',(10.085370399985,2.60161666419,
    -9.090909090843E-02));
#7655 = CARTESIAN_POINT('',(6.576799581944,8.076435639022,
    9.090909090838E-02));
#7656 = CARTESIAN_POINT('',(0.689537589123,9.805441195996,0.272727272728
    ));
#7657 = CARTESIAN_POINT('',(-4.454863038765,7.831209766567,
    0.454545454545));
#7658 = CARTESIAN_POINT('',(-7.109812429862,3.78702518583,0.636363636364
    ));
#7659 = CARTESIAN_POINT('',(-7.072382643187,-0.360632057908,
    0.818181818182));
#7660 = CARTESIAN_POINT('',(-5.177227029686,-3.317857221987,1.));
#7661 = CARTESIAN_POINT('',(-4.466970859479,-4.174567744866,-1.));
#7662 = CARTESIAN_POINT('',(-2.082463339628,-6.726095533218,
    -0.818181818182));
#7663 = CARTESIAN_POINT('',(1.904812334875,-7.779652929706,
    -0.636363636364));
#7664 = CARTESIAN_POINT('',(6.452874550042,-6.213595957473,
    -0.454545454545));
#7665 = CARTESIAN_POINT('',(9.617147493397,-1.741043301949,
    -0.272727272727));
#7666 = CARTESIAN_POINT('',(9.395418619704,4.355758428793,
    -9.090909090878E-02));
#7667 = CARTESIAN_POINT('',(4.98089274122,9.079495031654,
    9.090909090871E-02));
#7668 = CARTESIAN_POINT('',(-1.08697595261,9.712838975664,0.272727272728
    ));
#7669 = CARTESIAN_POINT('',(-5.763192385806,6.858132268035,
    0.454545454545));
#7670 = CARTESIAN_POINT('',(-7.633100294648,2.426332547171,
    0.636363636364));
#7671 = CARTESIAN_POINT('',(-6.851478379332,-1.623039956512,
    0.818181818182));
#7672 = CARTESIAN_POINT('',(-4.46697085948,-4.174567744866,1.));
#7673 = CARTESIAN_POINT('',(-3.574929252743,-4.866475641437,-1.));
#7674 = CARTESIAN_POINT('',(-0.79520486656,-6.908470455532,
    -0.818181818182));
#7675 = CARTESIAN_POINT('',(3.267197888991,-7.204238832362,
    -0.636363636364));
#7676 = CARTESIAN_POINT('',(7.396378219564,-4.854988260394,
    -0.454545454545));
#7677 = CARTESIAN_POINT('',(9.652491765526,6.324791749146E-02,
    -0.272727272728));
#7678 = CARTESIAN_POINT('',(8.325803714091,5.940820587089,
    -9.090909090811E-02));
#7679 = CARTESIAN_POINT('',(3.179598413536,9.721240181285,
    9.090909090803E-02));
#7680 = CARTESIAN_POINT('',(-2.825771661143,9.229821888928,
    0.272727272728));
#7681 = CARTESIAN_POINT('',(-6.84442365761,5.606352340953,0.454545454545
    ));
#7682 = CARTESIAN_POINT('',(-7.851562739293,0.963639844732,
    0.636363636364));
#7683 = CARTESIAN_POINT('',(-6.354653638929,-2.824480827341,
    0.818181818182));
#7684 = CARTESIAN_POINT('',(-3.574929252743,-4.866475641437,1.));
#7685 = CARTESIAN_POINT('',(-2.546396491809,-5.340431569992,-1.));
#7686 = CARTESIAN_POINT('',(0.504050887696,-6.794929844863,
    -0.818181818182));
#7687 = CARTESIAN_POINT('',(4.468114515909,-6.33315251611,
    -0.636363636364));
#7688 = CARTESIAN_POINT('',(8.010447861041,-3.313498500806,
    -0.454545454545));
#7689 = CARTESIAN_POINT('',(9.278085307456,1.834427877411,
    -0.272727272727));
#7690 = CARTESIAN_POINT('',(6.921310082611,7.247327414373,
    -9.090909090888E-02));
#7691 = CARTESIAN_POINT('',(1.273905414913,9.940093204018,
    9.090909090888E-02));
#7692 = CARTESIAN_POINT('',(-4.415461491599,8.363712837357,
    0.272727272727));
#7693 = CARTESIAN_POINT('',(-7.617294581408,4.138039452409,
    0.454545454545));
#7694 = CARTESIAN_POINT('',(-7.733524751094,-0.515231058525,
    0.636363636364));
#7695 = CARTESIAN_POINT('',(-5.596843871317,-3.885933295119,
    0.818181818182));
#7696 = CARTESIAN_POINT('',(-2.546396491809,-5.340431569991,1.));
#7697 = CARTESIAN_POINT('',(-0.46741879397,-5.759571643171,-1.));
#7698 = CARTESIAN_POINT('',(2.822440835485,-6.02656063395,
    -0.818181818182));
#7699 = CARTESIAN_POINT('',(6.279937440664,-4.226908514505,
    -0.636363636364));
#7700 = CARTESIAN_POINT('',(8.46322127441,-0.239278212629,
    -0.454545454546));
#7701 = CARTESIAN_POINT('',(7.830431433858,4.900006699642,
    -0.272727272727));
#7702 = CARTESIAN_POINT('',(3.797479161264,9.021038475198,
    -9.090909090926E-02));
#7703 = CARTESIAN_POINT('',(-2.293158150581,9.515324947033,
    9.090909090923E-02));
#7704 = CARTESIAN_POINT('',(-6.937843902067,6.098528026266,
    0.272727272727));
#7705 = CARTESIAN_POINT('',(-8.391053710418,1.128532689765,
    0.454545454546));
#7706 = CARTESIAN_POINT('',(-6.879339033793,-3.158965702038,
    0.636363636364));
#7707 = CARTESIAN_POINT('',(-3.757278423428,-5.492582652391,
    0.818181818182));
#7708 = CARTESIAN_POINT('',(-0.467418793971,-5.759571643171,1.));
#7709 = CARTESIAN_POINT('',(1.580189774077,-5.251783126605,-1.));
#7710 = CARTESIAN_POINT('',(4.580001281128,-4.349180838329,
    -0.818181818182));
#7711 = CARTESIAN_POINT('',(7.012739319973,-1.562169600564,
    -0.636363636364));
#7712 = CARTESIAN_POINT('',(7.562177497031,2.717487217638,
    -0.454545454545));
#7713 = CARTESIAN_POINT('',(5.224347472613,7.040332318257,
    -0.272727272727));
#7714 = CARTESIAN_POINT('',(0.234022120323,9.286569390467,
    -9.090909090884E-02));
#7715 = CARTESIAN_POINT('',(-5.319638506946,7.615548801758,
    9.090909090877E-02));
#7716 = CARTESIAN_POINT('',(-8.24189342574,2.988524456089,0.272727272728
    ));
#7717 = CARTESIAN_POINT('',(-7.806152382401,-1.906633225784,
    0.454545454545));
#7718 = CARTESIAN_POINT('',(-4.986358951306,-5.172534295625,
    0.636363636364));
#7719 = CARTESIAN_POINT('',(-1.419621732977,-6.154385414881,
    0.818181818182));
#7720 = CARTESIAN_POINT('',(1.580189774077,-5.251783126605,1.));
#7721 = CARTESIAN_POINT('',(2.485725981921,-4.801230613677,-1.));
#7722 = CARTESIAN_POINT('',(5.228182495396,-3.381387253016,
    -0.818181818182));
#7723 = CARTESIAN_POINT('',(7.078649729011,-0.238813763575,
    -0.636363636364));
#7724 = CARTESIAN_POINT('',(6.833044447269,4.007643963409,
    -0.454545454545));
#7725 = CARTESIAN_POINT('',(3.782100026013,7.77109765172,-0.272727272727
    ));
#7726 = CARTESIAN_POINT('',(-1.461373075424,9.040343396462,
    -9.090909090884E-02));
#7727 = CARTESIAN_POINT('',(-6.538583001803,6.41173551544,
    9.090909090877E-02));
#7728 = CARTESIAN_POINT('',(-8.52886683871,1.397379607225,0.272727272728
    ));
#7729 = CARTESIAN_POINT('',(-7.216830446539,-3.266353450255,
    0.454545454545));
#7730 = CARTESIAN_POINT('',(-3.891041244087,-5.918117271261,
    0.636363636364));
#7731 = CARTESIAN_POINT('',(-0.256730531556,-6.221073974339,
    0.818181818182));
#7732 = CARTESIAN_POINT('',(2.485725981921,-4.801230613677,1.));
#7733 = CARTESIAN_POINT('',(3.26870277035,-4.155340982202,-1.));
#7734 = CARTESIAN_POINT('',(5.642227989048,-2.28826232582,
    -0.818181818182));
#7735 = CARTESIAN_POINT('',(6.842827316594,1.069779005276,
    -0.636363636364));
#7736 = CARTESIAN_POINT('',(5.827564544344,5.103397834912,
    -0.454545454546));
#7737 = CARTESIAN_POINT('',(2.206438289702,8.158225161241,
    -0.272727272727));
#7738 = CARTESIAN_POINT('',(-3.062830868918,8.414982888423,
    -9.090909090984E-02));
#7739 = CARTESIAN_POINT('',(-7.457024812075,4.958391966749,
    9.090909090982E-02));
#7740 = CARTESIAN_POINT('',(-8.448385287776,-0.223145102813,
    0.272727272727));
#7741 = CARTESIAN_POINT('',(-6.332238980763,-4.461830058468,
    0.454545454546));
#7742 = CARTESIAN_POINT('',(-2.651156649257,-6.398443656533,
    0.636363636364));
#7743 = CARTESIAN_POINT('',(0.89517755165,-6.022419638584,0.818181818182
    ));
#7744 = CARTESIAN_POINT('',(3.26870277035,-4.155340982202,1.));
#7745 = CARTESIAN_POINT('',(3.872969091981,-3.355134635343,-1.));
#7746 = CARTESIAN_POINT('',(5.789417514198,-1.142899863171,
    -0.818181818182));
#7747 = CARTESIAN_POINT('',(6.316130030238,2.273161120695,
    -0.636363636364));
#7748 = CARTESIAN_POINT('',(4.610091682185,5.925757921663,
    -0.454545454545));
#7749 = CARTESIAN_POINT('',(0.603566329597,8.16889211079,-0.272727272728
    ));
#7750 = CARTESIAN_POINT('',(-4.458305026619,7.446807705936,
    -9.090909090856E-02));
#7751 = CARTESIAN_POINT('',(-8.006295999255,3.351216658417,
    9.090909090854E-02));
#7752 = CARTESIAN_POINT('',(-7.999426245839,-1.761893972177,
    0.272727272728));
#7753 = CARTESIAN_POINT('',(-5.208062385266,-5.40773875624,
    0.454545454545));
#7754 = CARTESIAN_POINT('',(-1.349569263192,-6.575669003473,
    0.636363636364));
#7755 = CARTESIAN_POINT('',(1.956520669763,-5.567369407517,
    0.818181818182));
#7756 = CARTESIAN_POINT('',(3.872969091981,-3.355134635343,1.));
#7757 = CARTESIAN_POINT('',(4.263556245423,-2.461565346,-1.));
#7758 = CARTESIAN_POINT('',(5.669599083118,-2.622771349403E-02,
    -0.818181818182));
#7759 = CARTESIAN_POINT('',(5.545769117011,3.292302425091,
    -0.636363636364));
#7760 = CARTESIAN_POINT('',(3.272510100599,6.428265152848,
    -0.454545454545));
#7761 = CARTESIAN_POINT('',(-0.914980947105,7.816465360536,
    -0.272727272727));
#7762 = CARTESIAN_POINT('',(-5.559295921804,6.215414012207,
    -9.090909090925E-02));
#7763 = CARTESIAN_POINT('',(-8.162354390508,1.706784489323,
    9.090909090927E-02));
#7764 = CARTESIAN_POINT('',(-7.226748043574,-3.115835936077,
    0.272727272727));
#7765 = CARTESIAN_POINT('',(-3.930785874336,-6.048209457699,
    0.454545454546));
#7766 = CARTESIAN_POINT('',(-7.833297856102E-02,-6.448928151393,
    0.636363636364));
#7767 = CARTESIAN_POINT('',(2.857513407727,-4.896902978508,
    0.818181818182));
#7768 = CARTESIAN_POINT('',(4.263556245423,-2.461565346,1.));
#7769 = DEFINITIONAL_REPRESENTATION('',(#7770),#7774);
#7770 = LINE('',#7771,#7772);
#7771 = CARTESIAN_POINT('',(0.,0.));
#7772 = VECTOR('',#7773,1.);
#7773 = DIRECTION('',(1.,0.));
#7774 = ( GEOMETRIC_REPRESENTATION_CONTEXT(2) 
PARAMETRIC_REPRESENTATION_CONTEXT() REPRESENTATION_CONTEXT('2D SPACE',''
  ) );
#7775 = ADVANCED_FACE('',(#7776),#6425,.F.);
#7776 = FACE_BOUND('',#7777,.F.);
#7777 = EDGE_LOOP('',(#7778,#7779,#7780,#7812));
#7778 = ORIENTED_EDGE('',*,*,#7582,.F.);
#7779 = ORIENTED_EDGE('',*,*,#6401,.T.);
#7780 = ORIENTED_EDGE('',*,*,#7781,.T.);
#7781 = EDGE_CURVE('',#6230,#7782,#7784,.T.);
#7782 = VERTEX_POINT('',#7783);
#7783 = CARTESIAN_POINT('',(4.263556245423,2.461565346,-1.));
#7784 = SURFACE_CURVE('',#7785,(#7798,#7805),.PCURVE_S1.);
#7785 = ( BOUNDED_CURVE() B_SPLINE_CURVE(11,(#7786,#7787,#7788,#7789,
    #7790,#7791,#7792,#7793,#7794,#7795,#7796,#7797),.UNSPECIFIED.,.F.,
.F.) B_SPLINE_CURVE_WITH_KNOTS((12,12),(0.,2.),
.PIECEWISE_BEZIER_KNOTS.) CURVE() GEOMETRIC_REPRESENTATION_ITEM() 
RATIONAL_B_SPLINE_CURVE((1.013815801033,1.013815801033,1.013815801033,
    1.013815801033,1.013815801033,1.013815801033,1.013815801033,
    1.013815801033,1.013815801033,1.013815801033,1.013815801033,
1.013815801033)) REPRESENTATION_ITEM('') );
#7786 = CARTESIAN_POINT('',(4.263556245423,2.461565346,-3.));
#7787 = CARTESIAN_POINT('',(2.857513407728,4.896902978506,
    -2.818181818182));
#7788 = CARTESIAN_POINT('',(-7.833297856449E-02,6.4489281514,
    -2.636363636364));
#7789 = CARTESIAN_POINT('',(-3.930785874331,6.048209457686,
    -2.454545454545));
#7790 = CARTESIAN_POINT('',(-7.226748043575,3.115835936093,
    -2.272727272729));
#7791 = CARTESIAN_POINT('',(-8.162354390515,-1.706784489332,
    -2.090909090907));
#7792 = CARTESIAN_POINT('',(-5.55929592179,-6.215414012211,
    -1.909090909093));
#7793 = CARTESIAN_POINT('',(-0.914980947121,-7.816465360522,
    -1.727272727271));
#7794 = CARTESIAN_POINT('',(3.272510100609,-6.428265152862,
    -1.545454545456));
#7795 = CARTESIAN_POINT('',(5.545769117007,-3.292302425084,
    -1.363636363636));
#7796 = CARTESIAN_POINT('',(5.669599083119,2.622771349186E-02,
    -1.181818181818));
#7797 = CARTESIAN_POINT('',(4.263556245423,2.461565346,-1.));
#7798 = PCURVE('',#6425,#7799);
#7799 = DEFINITIONAL_REPRESENTATION('',(#7800),#7804);
#7800 = LINE('',#7801,#7802);
#7801 = CARTESIAN_POINT('',(3.665191429188,0.));
#7802 = VECTOR('',#7803,1.);
#7803 = DIRECTION('',(0.,1.));
#7804 = ( GEOMETRIC_REPRESENTATION_CONTEXT(2) 
PARAMETRIC_REPRESENTATION_CONTEXT() REPRESENTATION_CONTEXT('2D SPACE',''
  ) );
#7805 = PCURVE('',#6261,#7806);
#7806 = DEFINITIONAL_REPRESENTATION('',(#7807),#7811);
#7807 = LINE('',#7808,#7809);
#7808 = CARTESIAN_POINT('',(0.,0.));
#7809 = VECTOR('',#7810,1.);
#7810 = DIRECTION('',(0.,1.));
#7811 = ( GEOMETRIC_REPRESENTATION_CONTEXT(2) 
PARAMETRIC_REPRESENTATION_CONTEXT() REPRESENTATION_CONTEXT('2D SPACE',''
  ) );
#7812 = ORIENTED_EDGE('',*,*,#7813,.F.);
#7813 = EDGE_CURVE('',#7583,#7782,#7814,.T.);
#7814 = SURFACE_CURVE('',#7815,(#7823,#7830),.PCURVE_S1.);
#7815 = ( BOUNDED_CURVE() B_SPLINE_CURVE(6,(#7816,#7817,#7818,#7819,
#7820,#7821,#7822),.UNSPECIFIED.,.F.,.F.) B_SPLINE_CURVE_WITH_KNOTS((7,7
),(2.617993877991,3.665191429188),.PIECEWISE_BEZIER_KNOTS.) CURVE() 
GEOMETRIC_REPRESENTATION_ITEM() RATIONAL_B_SPLINE_CURVE((1.013815801033,
    1.004520331021,0.999080478963,0.997285502839,0.999080478963,
1.004520331021,1.013815801033)) REPRESENTATION_ITEM('') );
#7816 = CARTESIAN_POINT('',(4.263556245423,-2.461565346,-1.));
#7817 = CARTESIAN_POINT('',(4.697155857797,-1.710548787226,-1.));
#7818 = CARTESIAN_POINT('',(4.967735752278,-0.876661395412,-1.));
#7819 = CARTESIAN_POINT('',(5.059721889681,-2.080213425406E-13,-1.));
#7820 = CARTESIAN_POINT('',(4.967735752278,0.876661395411,-1.));
#7821 = CARTESIAN_POINT('',(4.697155857797,1.710548787226,-1.));
#7822 = CARTESIAN_POINT('',(4.263556245423,2.461565346,-1.));
#7823 = PCURVE('',#6425,#7824);
#7824 = DEFINITIONAL_REPRESENTATION('',(#7825),#7829);
#7825 = LINE('',#7826,#7827);
#7826 = CARTESIAN_POINT('',(0.,2.));
#7827 = VECTOR('',#7828,1.);
#7828 = DIRECTION('',(1.,0.));
#7829 = ( GEOMETRIC_REPRESENTATION_CONTEXT(2) 
PARAMETRIC_REPRESENTATION_CONTEXT() REPRESENTATION_CONTEXT('2D SPACE',''
  ) );
#7830 = PCURVE('',#7831,#7916);
#7831 = ( BOUNDED_SURFACE() B_SPLINE_SURFACE(6,11,(
    (#7832,#7833,#7834,#7835,#7836,#7837,#7838,#7839,#7840,#7841,#7842
      ,#7843)
    ,(#7844,#7845,#7846,#7847,#7848,#7849,#7850,#7851,#7852,#7853,#7854
      ,#7855)
    ,(#7856,#7857,#7858,#7859,#7860,#7861,#7862,#7863,#7864,#7865,#7866
      ,#7867)
    ,(#7868,#7869,#7870,#7871,#7872,#7873,#7874,#7875,#7876,#7877,#7878
      ,#7879)
    ,(#7880,#7881,#7882,#7883,#7884,#7885,#7886,#7887,#7888,#7889,#7890
      ,#7891)
    ,(#7892,#7893,#7894,#7895,#7896,#7897,#7898,#7899,#7900,#7901,#7902
      ,#7903)
    ,(#7904,#7905,#7906,#7907,#7908,#7909,#7910,#7911,#7912,#7913,#7914
,#7915
    )),.UNSPECIFIED.,.F.,.F.,.F.) B_SPLINE_SURFACE_WITH_KNOTS((7,7),(12,
    12),(2.617993877991,3.665191429188),(0.,2.),
.PIECEWISE_BEZIER_KNOTS.) GEOMETRIC_REPRESENTATION_ITEM() 
RATIONAL_B_SPLINE_SURFACE((
    (1.013815801033,1.013815801033,1.013815801033,1.013815801033
      ,1.013815801033,1.013815801033,1.013815801033,1.013815801033
      ,1.013815801033,1.013815801033,1.013815801033,1.013815801033)
    ,(1.004520331021,1.004520331021,1.004520331021,1.004520331021
      ,1.004520331021,1.004520331022,1.004520331021,1.004520331022
      ,1.004520331021,1.004520331021,1.004520331021,1.004520331021)
    ,(0.999080478963,0.999080478963,0.999080478963,0.999080478963
      ,0.999080478964,0.999080478963,0.999080478964,0.999080478963
      ,0.999080478963,0.999080478963,0.999080478963,0.999080478963)
    ,(0.997285502839,0.997285502839,0.997285502839,0.997285502839
      ,0.997285502839,0.997285502839,0.997285502839,0.997285502839
      ,0.997285502839,0.997285502839,0.997285502839,0.997285502839)
    ,(0.999080478963,0.999080478963,0.999080478963,0.999080478963
      ,0.999080478963,0.999080478963,0.999080478963,0.999080478964
      ,0.999080478963,0.999080478963,0.999080478963,0.999080478963)
    ,(1.004520331021,1.004520331021,1.004520331021,1.004520331021
      ,1.004520331021,1.004520331021,1.004520331021,1.004520331021
      ,1.004520331021,1.004520331021,1.004520331021,1.004520331021)
    ,(1.013815801033,1.013815801033,1.013815801033,1.013815801033
      ,1.013815801033,1.013815801033,1.013815801033,1.013815801033
      ,1.013815801033,1.013815801033,1.013815801033,1.013815801033
))) REPRESENTATION_ITEM('') SURFACE() );
#7832 = CARTESIAN_POINT('',(4.263556245423,-2.461565346,-1.));
#7833 = CARTESIAN_POINT('',(5.669599083118,-2.622771349393E-02,
    -0.818181818182));
#7834 = CARTESIAN_POINT('',(5.545769117011,3.292302425091,
    -0.636363636364));
#7835 = CARTESIAN_POINT('',(3.2725101006,6.428265152851,-0.454545454545)
  );
#7836 = CARTESIAN_POINT('',(-0.914980947106,7.816465360532,
    -0.272727272729));
#7837 = CARTESIAN_POINT('',(-5.559295921805,6.215414012211,
    -9.090909090718E-02));
#7838 = CARTESIAN_POINT('',(-8.162354390506,1.70678448932,
    9.090909090712E-02));
#7839 = CARTESIAN_POINT('',(-7.226748043575,-3.115835936076,
    0.272727272729));
#7840 = CARTESIAN_POINT('',(-3.930785874336,-6.048209457699,
    0.454545454544));
#7841 = CARTESIAN_POINT('',(-7.833297856078E-02,-6.448928151393,
    0.636363636364));
#7842 = CARTESIAN_POINT('',(2.857513407727,-4.896902978508,
    0.818181818182));
#7843 = CARTESIAN_POINT('',(4.263556245423,-2.461565346,1.));
#7844 = CARTESIAN_POINT('',(4.697155857797,-1.710548787226,-1.));
#7845 = CARTESIAN_POINT('',(5.674219040261,0.972460364704,
    -0.818181818182));
#7846 = CARTESIAN_POINT('',(4.965836897192,4.26917811249,-0.636363636363
    ));
#7847 = CARTESIAN_POINT('',(2.140184573251,7.004710995903,
    -0.454545454547));
#7848 = CARTESIAN_POINT('',(-2.29183505174,7.65529337108,-0.272727272725
    ));
#7849 = CARTESIAN_POINT('',(-6.654128163738,5.236155606297,
    -9.090909091275E-02));
#7850 = CARTESIAN_POINT('',(-8.463000925929,0.269002751967,
    9.090909091294E-02));
#7851 = CARTESIAN_POINT('',(-6.677900028507,-4.38881256272,
    0.272727272724));
#7852 = CARTESIAN_POINT('',(-2.865406366668,-6.740609208212,
    0.454545454547));
#7853 = CARTESIAN_POINT('',(1.057632292975,-6.462726342529,
    0.636363636363));
#7854 = CARTESIAN_POINT('',(3.720092675331,-4.393557939159,
    0.818181818182));
#7855 = CARTESIAN_POINT('',(4.697155857797,-1.710548787226,1.));
#7856 = CARTESIAN_POINT('',(4.967735752278,-0.876661395411,-1.));
#7857 = CARTESIAN_POINT('',(5.468483570371,1.96090263083,-0.818181818182
    ));
#7858 = CARTESIAN_POINT('',(4.18670901865,5.112958138922,-0.636363636363
    ));
#7859 = CARTESIAN_POINT('',(0.89919108656,7.336236505694,-0.454545454546
    ));
#7860 = CARTESIAN_POINT('',(-3.619282812998,7.205994241304,
    -0.272727272726));
#7861 = CARTESIAN_POINT('',(-7.53044966356,4.03734807318,
    -9.09090909103E-02));
#7862 = CARTESIAN_POINT('',(-8.457502391699,-1.215937865911,
    9.090909091019E-02));
#7863 = CARTESIAN_POINT('',(-5.86715429823,-5.531913007878,
    0.272727272727));
#7864 = CARTESIAN_POINT('',(-1.666189317095,-7.200883545612,
    0.454545454546));
#7865 = CARTESIAN_POINT('',(2.183742410816,-6.237158200681,
    0.636363636363));
#7866 = CARTESIAN_POINT('',(4.466987934185,-3.714225421655,
    0.818181818182));
#7867 = CARTESIAN_POINT('',(4.967735752278,-0.876661395412,1.));
#7868 = CARTESIAN_POINT('',(5.059721889681,-1.332951021678E-14,-1.));
#7869 = CARTESIAN_POINT('',(5.059721889681,2.890106385059,
    -0.818181818182));
#7870 = CARTESIAN_POINT('',(3.244205625273,5.780141593444,
    -0.636363636364));
#7871 = CARTESIAN_POINT('',(-0.390600258337,7.403149865882,
    -0.454545454546));
#7872 = CARTESIAN_POINT('',(-4.831047372512,6.486885711259,
    -0.272727272727));
#7873 = CARTESIAN_POINT('',(-8.141998187816,2.675279763675,
    -9.090909091016E-02));
#7874 = CARTESIAN_POINT('',(-8.141998187809,-2.675279763684,
    9.090909091033E-02));
#7875 = CARTESIAN_POINT('',(-4.831047372518,-6.486885711239,
    0.272727272726));
#7876 = CARTESIAN_POINT('',(-0.390600258334,-7.403149865899,
    0.454545454546));
#7877 = CARTESIAN_POINT('',(3.244205625272,-5.780141593435,
    0.636363636363));
#7878 = CARTESIAN_POINT('',(5.059721889681,-2.890106385061,
    0.818181818182));
#7879 = CARTESIAN_POINT('',(5.059721889681,-2.092606169839E-13,1.));
#7880 = CARTESIAN_POINT('',(4.967735752278,0.876661395411,-1.));
#7881 = CARTESIAN_POINT('',(4.466987934186,3.714225421653,
    -0.818181818182));
#7882 = CARTESIAN_POINT('',(2.183742410814,6.237158200689,
    -0.636363636364));
#7883 = CARTESIAN_POINT('',(-1.666189317093,7.200883545595,
    -0.454545454545));
#7884 = CARTESIAN_POINT('',(-5.86715429823,5.531913007899,
    -0.272727272727));
#7885 = CARTESIAN_POINT('',(-8.457502391702,1.2159378659,
    -9.090909090911E-02));
#7886 = CARTESIAN_POINT('',(-7.530449663554,-4.037348073186,
    9.090909090914E-02));
#7887 = CARTESIAN_POINT('',(-3.619282813005,-7.205994241286,
    0.272727272727));
#7888 = CARTESIAN_POINT('',(0.899191086564,-7.336236505711,
    0.454545454546));
#7889 = CARTESIAN_POINT('',(4.186709018649,-5.112958138913,
    0.636363636364));
#7890 = CARTESIAN_POINT('',(5.468483570371,-1.960902630832,
    0.818181818182));
#7891 = CARTESIAN_POINT('',(4.967735752278,0.876661395411,1.));
#7892 = CARTESIAN_POINT('',(4.697155857797,1.710548787226,-1.));
#7893 = CARTESIAN_POINT('',(3.720092675332,4.393557939156,
    -0.818181818182));
#7894 = CARTESIAN_POINT('',(1.057632292972,6.462726342539,
    -0.636363636363));
#7895 = CARTESIAN_POINT('',(-2.865406366664,6.740609208193,
    -0.454545454547));
#7896 = CARTESIAN_POINT('',(-6.67790002851,4.388812562743,
    -0.272727272725));
#7897 = CARTESIAN_POINT('',(-8.46300092593,-0.269002751981,
    -9.090909091228E-02));
#7898 = CARTESIAN_POINT('',(-6.65412816373,-5.236155606302,
    9.09090909123E-02));
#7899 = CARTESIAN_POINT('',(-2.291835051751,-7.655293371064,
    0.272727272725));
#7900 = CARTESIAN_POINT('',(2.140184573259,-7.004710995918,
    0.454545454547));
#7901 = CARTESIAN_POINT('',(4.965836897188,-4.269178112483,
    0.636363636363));
#7902 = CARTESIAN_POINT('',(5.674219040262,-0.972460364706,
    0.818181818182));
#7903 = CARTESIAN_POINT('',(4.697155857797,1.710548787226,1.));
#7904 = CARTESIAN_POINT('',(4.263556245423,2.461565346,-1.));
#7905 = CARTESIAN_POINT('',(2.857513407728,4.896902978506,
    -0.818181818182));
#7906 = CARTESIAN_POINT('',(-7.833297856449E-02,6.4489281514,
    -0.636363636364));
#7907 = CARTESIAN_POINT('',(-3.930785874331,6.048209457686,
    -0.454545454545));
#7908 = CARTESIAN_POINT('',(-7.226748043575,3.115835936093,
    -0.272727272729));
#7909 = CARTESIAN_POINT('',(-8.162354390515,-1.706784489332,
    -9.090909090718E-02));
#7910 = CARTESIAN_POINT('',(-5.55929592179,-6.215414012211,
    9.090909090712E-02));
#7911 = CARTESIAN_POINT('',(-0.914980947121,-7.816465360522,
    0.272727272729));
#7912 = CARTESIAN_POINT('',(3.272510100609,-6.428265152862,
    0.454545454544));
#7913 = CARTESIAN_POINT('',(5.545769117007,-3.292302425084,
    0.636363636364));
#7914 = CARTESIAN_POINT('',(5.669599083119,2.622771349186E-02,
    0.818181818182));
#7915 = CARTESIAN_POINT('',(4.263556245423,2.461565346,1.));
#7916 = DEFINITIONAL_REPRESENTATION('',(#7917),#7921);
#7917 = LINE('',#7918,#7919);
#7918 = CARTESIAN_POINT('',(0.,0.));
#7919 = VECTOR('',#7920,1.);
#7920 = DIRECTION('',(1.,0.));
#7921 = ( GEOMETRIC_REPRESENTATION_CONTEXT(2) 
PARAMETRIC_REPRESENTATION_CONTEXT() REPRESENTATION_CONTEXT('2D SPACE',''
  ) );
#7922 = ADVANCED_FACE('',(#7923),#6261,.F.);
#7923 = FACE_BOUND('',#7924,.F.);
#7924 = EDGE_LOOP('',(#7925,#7926,#7927,#7928));
#7925 = ORIENTED_EDGE('',*,*,#7781,.F.);
#7926 = ORIENTED_EDGE('',*,*,#6229,.T.);
#7927 = ORIENTED_EDGE('',*,*,#7402,.T.);
#7928 = ORIENTED_EDGE('',*,*,#7929,.F.);
#7929 = EDGE_CURVE('',#7782,#7403,#7930,.T.);
#7930 = SURFACE_CURVE('',#7931,(#7943,#7950),.PCURVE_S1.);
#7931 = B_SPLINE_CURVE_WITH_KNOTS('',6,(#7932,#7933,#7934,#7935,#7936,
    #7937,#7938,#7939,#7940,#7941,#7942),.UNSPECIFIED.,.F.,.F.,(7,4,7),(
    0.,0.472573883555,1.),.UNSPECIFIED.);
#7932 = CARTESIAN_POINT('',(4.263556245423,2.461565346,-1.));
#7933 = CARTESIAN_POINT('',(3.872969091981,3.355134635343,-1.));
#7934 = CARTESIAN_POINT('',(3.26870277035,4.155340982201,-1.));
#7935 = CARTESIAN_POINT('',(2.485725981921,4.801230613677,-1.));
#7936 = CARTESIAN_POINT('',(1.580189774077,5.251783126605,-1.));
#7937 = CARTESIAN_POINT('',(-0.46741879397,5.759571643171,-1.));
#7938 = CARTESIAN_POINT('',(-2.546396491809,5.340431569992,-1.));
#7939 = CARTESIAN_POINT('',(-3.574929252743,4.866475641438,-1.));
#7940 = CARTESIAN_POINT('',(-4.466970859479,4.174567744866,-1.));
#7941 = CARTESIAN_POINT('',(-5.177227029686,3.317857221987,-1.));
#7942 = CARTESIAN_POINT('',(-5.681859124944,2.353503109046,-1.));
#7943 = PCURVE('',#6261,#7944);
#7944 = DEFINITIONAL_REPRESENTATION('',(#7945),#7949);
#7945 = LINE('',#7946,#7947);
#7946 = CARTESIAN_POINT('',(0.,2.));
#7947 = VECTOR('',#7948,1.);
#7948 = DIRECTION('',(1.,0.));
#7949 = ( GEOMETRIC_REPRESENTATION_CONTEXT(2) 
PARAMETRIC_REPRESENTATION_CONTEXT() REPRESENTATION_CONTEXT('2D SPACE',''
  ) );
#7950 = PCURVE('',#7951,#8084);
#7951 = B_SPLINE_SURFACE_WITH_KNOTS('',6,11,(
    (#7952,#7953,#7954,#7955,#7956,#7957,#7958,#7959,#7960,#7961,#7962
      ,#7963)
    ,(#7964,#7965,#7966,#7967,#7968,#7969,#7970,#7971,#7972,#7973,#7974
      ,#7975)
    ,(#7976,#7977,#7978,#7979,#7980,#7981,#7982,#7983,#7984,#7985,#7986
      ,#7987)
    ,(#7988,#7989,#7990,#7991,#7992,#7993,#7994,#7995,#7996,#7997,#7998
      ,#7999)
    ,(#8000,#8001,#8002,#8003,#8004,#8005,#8006,#8007,#8008,#8009,#8010
      ,#8011)
    ,(#8012,#8013,#8014,#8015,#8016,#8017,#8018,#8019,#8020,#8021,#8022
      ,#8023)
    ,(#8024,#8025,#8026,#8027,#8028,#8029,#8030,#8031,#8032,#8033,#8034
      ,#8035)
    ,(#8036,#8037,#8038,#8039,#8040,#8041,#8042,#8043,#8044,#8045,#8046
      ,#8047)
    ,(#8048,#8049,#8050,#8051,#8052,#8053,#8054,#8055,#8056,#8057,#8058
      ,#8059)
    ,(#8060,#8061,#8062,#8063,#8064,#8065,#8066,#8067,#8068,#8069,#8070
      ,#8071)
    ,(#8072,#8073,#8074,#8075,#8076,#8077,#8078,#8079,#8080,#8081,#8082
      ,#8083
    )),.UNSPECIFIED.,.F.,.F.,.F.,(7,4,7),(12,12),(0.,0.472573883555,1.),
  (0.,2.),.UNSPECIFIED.);
#7952 = CARTESIAN_POINT('',(4.263556245423,2.461565346,-1.));
#7953 = CARTESIAN_POINT('',(2.857513407728,4.896902978506,
    -0.818181818182));
#7954 = CARTESIAN_POINT('',(-7.833297856434E-02,6.448928151401,
    -0.636363636364));
#7955 = CARTESIAN_POINT('',(-3.93078587433,6.048209457684,
    -0.454545454545));
#7956 = CARTESIAN_POINT('',(-7.226748043577,3.115835936096,
    -0.272727272727));
#7957 = CARTESIAN_POINT('',(-8.162354390513,-1.706784489334,
    -9.090909090925E-02));
#7958 = CARTESIAN_POINT('',(-5.559295921791,-6.21541401221,
    9.090909090927E-02));
#7959 = CARTESIAN_POINT('',(-0.914980947121,-7.816465360523,
    0.272727272727));
#7960 = CARTESIAN_POINT('',(3.27251010061,-6.428265152862,0.454545454546
    ));
#7961 = CARTESIAN_POINT('',(5.545769117006,-3.292302425084,
    0.636363636364));
#7962 = CARTESIAN_POINT('',(5.669599083119,2.622771349205E-02,
    0.818181818182));
#7963 = CARTESIAN_POINT('',(4.263556245423,2.461565346,1.));
#7964 = CARTESIAN_POINT('',(3.872969091981,3.355134635343,-1.));
#7965 = CARTESIAN_POINT('',(1.956520669764,5.567369407515,
    -0.818181818182));
#7966 = CARTESIAN_POINT('',(-1.349569263196,6.575669003481,
    -0.636363636364));
#7967 = CARTESIAN_POINT('',(-5.208062385259,5.407738756223,
    -0.454545454545));
#7968 = CARTESIAN_POINT('',(-7.999426245843,1.761893972199,
    -0.272727272728));
#7969 = CARTESIAN_POINT('',(-8.006295999262,-3.351216658435,
    -9.090909090856E-02));
#7970 = CARTESIAN_POINT('',(-4.4583050266,-7.446807705931,
    9.090909090854E-02));
#7971 = CARTESIAN_POINT('',(0.603566329575,-8.168892110784,
    0.272727272728));
#7972 = CARTESIAN_POINT('',(4.610091682201,-5.925757921672,
    0.454545454545));
#7973 = CARTESIAN_POINT('',(6.31613003023,-2.27316112069,0.636363636364)
  );
#7974 = CARTESIAN_POINT('',(5.7894175142,1.14289986317,0.818181818182));
#7975 = CARTESIAN_POINT('',(3.872969091981,3.355134635343,1.));
#7976 = CARTESIAN_POINT('',(3.26870277035,4.155340982201,-1.));
#7977 = CARTESIAN_POINT('',(0.895177551651,6.022419638583,
    -0.818181818182));
#7978 = CARTESIAN_POINT('',(-2.651156649263,6.39844365654,
    -0.636363636364));
#7979 = CARTESIAN_POINT('',(-6.332238980753,4.461830058454,
    -0.454545454546));
#7980 = CARTESIAN_POINT('',(-8.448385287784,0.223145102832,
    -0.272727272727));
#7981 = CARTESIAN_POINT('',(-7.457024812077,-4.958391966763,
    -9.090909090984E-02));
#7982 = CARTESIAN_POINT('',(-3.062830868901,-8.414982888419,
    9.090909090982E-02));
#7983 = CARTESIAN_POINT('',(2.206438289679,-8.158225161234,
    0.272727272727));
#7984 = CARTESIAN_POINT('',(5.827564544361,-5.10339783492,0.454545454546
    ));
#7985 = CARTESIAN_POINT('',(6.842827316585,-1.069779005271,
    0.636363636364));
#7986 = CARTESIAN_POINT('',(5.64222798905,2.288262325819,0.818181818182)
  );
#7987 = CARTESIAN_POINT('',(3.26870277035,4.155340982201,1.));
#7988 = CARTESIAN_POINT('',(2.485725981921,4.801230613677,-1.));
#7989 = CARTESIAN_POINT('',(-0.256730531554,6.221073974338,
    -0.818181818182));
#7990 = CARTESIAN_POINT('',(-3.891041244094,5.918117271266,
    -0.636363636364));
#7991 = CARTESIAN_POINT('',(-7.216830446525,3.266353450245,
    -0.454545454545));
#7992 = CARTESIAN_POINT('',(-8.528866838724,-1.397379607212,
    -0.272727272727));
#7993 = CARTESIAN_POINT('',(-6.538583001801,-6.41173551545,
    -9.090909090884E-02));
#7994 = CARTESIAN_POINT('',(-1.46137307541,-9.040343396461,
    9.090909090877E-02));
#7995 = CARTESIAN_POINT('',(3.782100025992,-7.771097651715,
    0.272727272728));
#7996 = CARTESIAN_POINT('',(6.833044447287,-4.007643963417,
    0.454545454545));
#7997 = CARTESIAN_POINT('',(7.078649729003,0.238813763579,0.636363636364
    ));
#7998 = CARTESIAN_POINT('',(5.228182495398,3.381387253014,0.818181818182
    ));
#7999 = CARTESIAN_POINT('',(2.485725981921,4.801230613677,1.));
#8000 = CARTESIAN_POINT('',(1.580189774077,5.251783126605,-1.));
#8001 = CARTESIAN_POINT('',(-1.419621732974,6.15438541488,
    -0.818181818182));
#8002 = CARTESIAN_POINT('',(-4.986358951314,5.172534295628,
    -0.636363636364));
#8003 = CARTESIAN_POINT('',(-7.806152382385,1.906633225774,
    -0.454545454545));
#8004 = CARTESIAN_POINT('',(-8.241893425757,-2.988524456075,
    -0.272727272727));
#8005 = CARTESIAN_POINT('',(-5.319638506942,-7.615548801773,
    -9.090909090884E-02));
#8006 = CARTESIAN_POINT('',(0.234022120338,-9.286569390458,
    9.090909090877E-02));
#8007 = CARTESIAN_POINT('',(5.224347472589,-7.040332318258,
    0.272727272728));
#8008 = CARTESIAN_POINT('',(7.562177497051,-2.71748721764,0.454545454545
    ));
#8009 = CARTESIAN_POINT('',(7.012739319963,1.562169600566,0.636363636364
    ));
#8010 = CARTESIAN_POINT('',(4.580001281131,4.349180838328,0.818181818182
    ));
#8011 = CARTESIAN_POINT('',(1.580189774077,5.251783126605,1.));
#8012 = CARTESIAN_POINT('',(-0.46741879397,5.759571643171,-1.));
#8013 = CARTESIAN_POINT('',(-3.757278423425,5.492582652392,
    -0.818181818182));
#8014 = CARTESIAN_POINT('',(-6.879339033802,3.158965702037,
    -0.636363636364));
#8015 = CARTESIAN_POINT('',(-8.391053710399,-1.128532689765,
    -0.454545454546));
#8016 = CARTESIAN_POINT('',(-6.937843902088,-6.098528026262,
    -0.272727272727));
#8017 = CARTESIAN_POINT('',(-2.293158150573,-9.51532494704,
    -9.090909090926E-02));
#8018 = CARTESIAN_POINT('',(3.797479161276,-9.021038475189,
    9.090909090923E-02));
#8019 = CARTESIAN_POINT('',(7.830431433835,-4.900006699649,
    0.272727272727));
#8020 = CARTESIAN_POINT('',(8.46322127443,0.239278212633,0.454545454546)
  );
#8021 = CARTESIAN_POINT('',(6.279937440654,4.226908514503,0.636363636364
    ));
#8022 = CARTESIAN_POINT('',(2.822440835488,6.02656063395,0.818181818182)
  );
#8023 = CARTESIAN_POINT('',(-0.46741879397,5.759571643171,1.));
#8024 = CARTESIAN_POINT('',(-2.546396491809,5.340431569991,-1.));
#8025 = CARTESIAN_POINT('',(-5.596843871314,3.88593329512,
    -0.818181818182));
#8026 = CARTESIAN_POINT('',(-7.733524751103,0.515231058522,
    -0.636363636364));
#8027 = CARTESIAN_POINT('',(-7.617294581389,-4.138039452405,
    -0.454545454545));
#8028 = CARTESIAN_POINT('',(-4.415461491621,-8.363712837358,
    -0.272727272727));
#8029 = CARTESIAN_POINT('',(1.273905414925,-9.940093204025,
    -9.090909090888E-02));
#8030 = CARTESIAN_POINT('',(6.921310082618,-7.247327414357,
    9.090909090888E-02));
#8031 = CARTESIAN_POINT('',(9.278085307437,-1.834427877428,
    0.272727272727));
#8032 = CARTESIAN_POINT('',(8.010447861058,3.313498500818,0.454545454545
    ));
#8033 = CARTESIAN_POINT('',(4.468114515899,6.333152516105,0.636363636364
    ));
#8034 = CARTESIAN_POINT('',(0.504050887698,6.794929844864,0.818181818182
    ));
#8035 = CARTESIAN_POINT('',(-2.546396491809,5.340431569992,1.));
#8036 = CARTESIAN_POINT('',(-3.574929252743,4.866475641438,-1.));
#8037 = CARTESIAN_POINT('',(-6.354653638926,2.824480827344,
    -0.818181818182));
#8038 = CARTESIAN_POINT('',(-7.851562739303,-0.963639844739,
    -0.636363636364));
#8039 = CARTESIAN_POINT('',(-6.84442365759,-5.60635234094,
    -0.454545454545));
#8040 = CARTESIAN_POINT('',(-2.825771661169,-9.229821888941,
    -0.272727272728));
#8041 = CARTESIAN_POINT('',(3.179598413555,-9.721240181281,
    -9.090909090811E-02));
#8042 = CARTESIAN_POINT('',(8.325803714088,-5.940820587082,
    9.090909090803E-02));
#8043 = CARTESIAN_POINT('',(9.652491765516,-6.324791750617E-02,
    0.272727272728));
#8044 = CARTESIAN_POINT('',(7.396378219576,4.854988260406,0.454545454545
    ));
#8045 = CARTESIAN_POINT('',(3.267197888985,7.204238832357,0.636363636364
    ));
#8046 = CARTESIAN_POINT('',(-0.795204866557,6.908470455533,
    0.818181818182));
#8047 = CARTESIAN_POINT('',(-3.574929252743,4.866475641438,1.));
#8048 = CARTESIAN_POINT('',(-4.466970859479,4.174567744866,-1.));
#8049 = CARTESIAN_POINT('',(-6.85147837933,1.623039956514,
    -0.818181818182));
#8050 = CARTESIAN_POINT('',(-7.633100294655,-2.426332547179,
    -0.636363636364));
#8051 = CARTESIAN_POINT('',(-5.76319238579,-6.858132268021,
    -0.454545454545));
#8052 = CARTESIAN_POINT('',(-1.08697595263,-9.712838975679,
    -0.272727272727));
#8053 = CARTESIAN_POINT('',(4.980892741234,-9.07949503165,
    -9.090909090878E-02));
#8054 = CARTESIAN_POINT('',(9.395418619705,-4.355758428781,
    9.090909090871E-02));
#8055 = CARTESIAN_POINT('',(9.617147493386,1.74104330193,0.272727272728)
  );
#8056 = CARTESIAN_POINT('',(6.452874550054,6.213595957489,0.454545454545
    ));
#8057 = CARTESIAN_POINT('',(1.904812334868,7.779652929698,0.636363636364
    ));
#8058 = CARTESIAN_POINT('',(-2.082463339627,6.72609553322,0.818181818182
    ));
#8059 = CARTESIAN_POINT('',(-4.466970859479,4.174567744866,1.));
#8060 = CARTESIAN_POINT('',(-5.177227029686,3.317857221987,-1.));
#8061 = CARTESIAN_POINT('',(-7.072382643186,0.36063205791,
    -0.818181818182));
#8062 = CARTESIAN_POINT('',(-7.109812429869,-3.787025185839,
    -0.636363636364));
#8063 = CARTESIAN_POINT('',(-4.454863038751,-7.83120976655,
    -0.454545454545));
#8064 = CARTESIAN_POINT('',(0.689537589105,-9.805441196013,
    -0.272727272728));
#8065 = CARTESIAN_POINT('',(6.576799581958,-8.076435639018,
    -9.090909090843E-02));
#8066 = CARTESIAN_POINT('',(10.085370399983,-2.601616664176,
    9.090909090838E-02));
#8067 = CARTESIAN_POINT('',(9.196946128371,3.46962837302,0.272727272728)
  );
#8068 = CARTESIAN_POINT('',(5.254205871965,7.318946082402,0.454545454545
    ));
#8069 = CARTESIAN_POINT('',(0.470716677477,8.041729811146,0.636363636364
    ));
#8070 = CARTESIAN_POINT('',(-3.282071416184,6.275082386066,
    0.818181818182));
#8071 = CARTESIAN_POINT('',(-5.177227029686,3.317857221987,1.));
#8072 = CARTESIAN_POINT('',(-5.681859124944,2.353503109045,-1.));
#8073 = CARTESIAN_POINT('',(-7.026176957231,-0.8919672338,
    -0.818181818182));
#8074 = CARTESIAN_POINT('',(-6.33171175107,-4.981835519878,
    -0.636363636364));
#8075 = CARTESIAN_POINT('',(-3.004908355744,-8.495117810495,
    -0.454545454545));
#8076 = CARTESIAN_POINT('',(2.407726189838,-9.531641626488,
    -0.272727272727));
#8077 = CARTESIAN_POINT('',(7.898736003425,-6.791436670851,
    -9.09090909088E-02));
#8078 = CARTESIAN_POINT('',(10.387520714777,-0.782978866853,
    9.090909090874E-02));
#8079 = CARTESIAN_POINT('',(8.442407946001,5.03736891383,0.272727272728)
  );
#8080 = CARTESIAN_POINT('',(3.882164335594,8.131746485991,0.454545454545
    ));
#8081 = CARTESIAN_POINT('',(-0.954506636842,7.999885994552,
    0.636363636364));
#8082 = CARTESIAN_POINT('',(-4.337541292657,5.598973451894,
    0.818181818182));
#8083 = CARTESIAN_POINT('',(-5.681859124944,2.353503109046,1.));
#8084 = DEFINITIONAL_REPRESENTATION('',(#8085),#8089);
#8085 = LINE('',#8086,#8087);
#8086 = CARTESIAN_POINT('',(0.,0.));
#8087 = VECTOR('',#8088,1.);
#8088 = DIRECTION('',(1.,0.));
#8089 = ( GEOMETRIC_REPRESENTATION_CONTEXT(2) 
PARAMETRIC_REPRESENTATION_CONTEXT() REPRESENTATION_CONTEXT('2D SPACE',''
  ) );
#8090 = ADVANCED_FACE('',(#8091),#6788,.F.);
#8091 = FACE_BOUND('',#8092,.F.);
#8092 = EDGE_LOOP('',(#8093,#8125,#8152,#8182));
#8093 = ORIENTED_EDGE('',*,*,#8094,.F.);
#8094 = EDGE_CURVE('',#8095,#6763,#8097,.T.);
#8095 = VERTEX_POINT('',#8096);
#8096 = CARTESIAN_POINT('',(-5.681859124944,2.353503109045,1.));
#8097 = SURFACE_CURVE('',#8098,(#8111,#8118),.PCURVE_S1.);
#8098 = ( BOUNDED_CURVE() B_SPLINE_CURVE(11,(#8099,#8100,#8101,#8102,
    #8103,#8104,#8105,#8106,#8107,#8108,#8109,#8110),.UNSPECIFIED.,.F.,
.F.) B_SPLINE_CURVE_WITH_KNOTS((12,12),(0.,2.),
.PIECEWISE_BEZIER_KNOTS.) CURVE() GEOMETRIC_REPRESENTATION_ITEM() 
RATIONAL_B_SPLINE_CURVE((1.007744716361,1.007744716361,1.007744716361,
    1.007744716361,1.007744716361,1.007744716361,1.007744716361,
    1.007744716361,1.007744716361,1.007744716361,1.007744716361,
1.007744716361)) REPRESENTATION_ITEM('') );
#8099 = CARTESIAN_POINT('',(-5.681859124944,2.353503109045,1.));
#8100 = CARTESIAN_POINT('',(-7.026176957231,-0.891967233801,
    1.181818181818));
#8101 = CARTESIAN_POINT('',(-6.33171175107,-4.981835519877,
    1.363636363636));
#8102 = CARTESIAN_POINT('',(-3.004908355744,-8.495117810497,
    1.545454545455));
#8103 = CARTESIAN_POINT('',(2.407726189836,-9.531641626484,
    1.727272727272));
#8104 = CARTESIAN_POINT('',(7.898736003429,-6.791436670854,
    1.909090909092));
#8105 = CARTESIAN_POINT('',(10.387520714773,-0.782978866852,
    2.090909090908));
#8106 = CARTESIAN_POINT('',(8.442407946004,5.03736891383,2.272727272728)
  );
#8107 = CARTESIAN_POINT('',(3.882164335593,8.131746485991,2.454545454545
    ));
#8108 = CARTESIAN_POINT('',(-0.954506636842,7.999885994552,
    2.636363636364));
#8109 = CARTESIAN_POINT('',(-4.337541292657,5.598973451894,
    2.818181818182));
#8110 = CARTESIAN_POINT('',(-5.681859124944,2.353503109046,3.));
#8111 = PCURVE('',#6788,#8112);
#8112 = DEFINITIONAL_REPRESENTATION('',(#8113),#8117);
#8113 = LINE('',#8114,#8115);
#8114 = CARTESIAN_POINT('',(5.890486225481,0.));
#8115 = VECTOR('',#8116,1.);
#8116 = DIRECTION('',(0.,1.));
#8117 = ( GEOMETRIC_REPRESENTATION_CONTEXT(2) 
PARAMETRIC_REPRESENTATION_CONTEXT() REPRESENTATION_CONTEXT('2D SPACE',''
  ) );
#8118 = PCURVE('',#6912,#8119);
#8119 = DEFINITIONAL_REPRESENTATION('',(#8120),#8124);
#8120 = LINE('',#8121,#8122);
#8121 = CARTESIAN_POINT('',(1.,0.));
#8122 = VECTOR('',#8123,1.);
#8123 = DIRECTION('',(0.,1.));
#8124 = ( GEOMETRIC_REPRESENTATION_CONTEXT(2) 
PARAMETRIC_REPRESENTATION_CONTEXT() REPRESENTATION_CONTEXT('2D SPACE',''
  ) );
#8125 = ORIENTED_EDGE('',*,*,#8126,.T.);
#8126 = EDGE_CURVE('',#8095,#8127,#8129,.T.);
#8127 = VERTEX_POINT('',#8128);
#8128 = CARTESIAN_POINT('',(-5.681859124944,-2.353503109045,1.));
#8129 = SURFACE_CURVE('',#8130,(#8138,#8145),.PCURVE_S1.);
#8130 = ( BOUNDED_CURVE() B_SPLINE_CURVE(6,(#8131,#8132,#8133,#8134,
#8135,#8136,#8137),.UNSPECIFIED.,.F.,.F.) B_SPLINE_CURVE_WITH_KNOTS((7,7
),(5.890486225481,6.675884388878),.PIECEWISE_BEZIER_KNOTS.) CURVE() 
GEOMETRIC_REPRESENTATION_ITEM() RATIONAL_B_SPLINE_CURVE((1.007744716361,
    1.002554895352,0.999483957836,0.998466654399,0.999483957836,
1.002554895352,1.007744716361)) REPRESENTATION_ITEM('') );
#8131 = CARTESIAN_POINT('',(-5.681859124944,2.353503109046,1.));
#8132 = CARTESIAN_POINT('',(-5.991526707486,1.605899431446,1.));
#8133 = CARTESIAN_POINT('',(-6.181463987506,0.814178192453,1.));
#8134 = CARTESIAN_POINT('',(-6.245478329584,2.559094339256E-13,1.));
#8135 = CARTESIAN_POINT('',(-6.181463987506,-0.814178192453,1.));
#8136 = CARTESIAN_POINT('',(-5.991526707486,-1.605899431446,1.));
#8137 = CARTESIAN_POINT('',(-5.681859124945,-2.353503109045,1.));
#8138 = PCURVE('',#6788,#8139);
#8139 = DEFINITIONAL_REPRESENTATION('',(#8140),#8144);
#8140 = LINE('',#8141,#8142);
#8141 = CARTESIAN_POINT('',(0.,0.));
#8142 = VECTOR('',#8143,1.);
#8143 = DIRECTION('',(1.,0.));
#8144 = ( GEOMETRIC_REPRESENTATION_CONTEXT(2) 
PARAMETRIC_REPRESENTATION_CONTEXT() REPRESENTATION_CONTEXT('2D SPACE',''
  ) );
#8145 = PCURVE('',#7485,#8146);
#8146 = DEFINITIONAL_REPRESENTATION('',(#8147),#8151);
#8147 = LINE('',#8148,#8149);
#8148 = CARTESIAN_POINT('',(0.,2.));
#8149 = VECTOR('',#8150,1.);
#8150 = DIRECTION('',(1.,0.));
#8151 = ( GEOMETRIC_REPRESENTATION_CONTEXT(2) 
PARAMETRIC_REPRESENTATION_CONTEXT() REPRESENTATION_CONTEXT('2D SPACE',''
  ) );
#8152 = ORIENTED_EDGE('',*,*,#8153,.T.);
#8153 = EDGE_CURVE('',#8127,#6765,#8154,.T.);
#8154 = SURFACE_CURVE('',#8155,(#8168,#8175),.PCURVE_S1.);
#8155 = ( BOUNDED_CURVE() B_SPLINE_CURVE(11,(#8156,#8157,#8158,#8159,
    #8160,#8161,#8162,#8163,#8164,#8165,#8166,#8167),.UNSPECIFIED.,.F.,
.F.) B_SPLINE_CURVE_WITH_KNOTS((12,12),(0.,2.),
.PIECEWISE_BEZIER_KNOTS.) CURVE() GEOMETRIC_REPRESENTATION_ITEM() 
RATIONAL_B_SPLINE_CURVE((1.007744716361,1.007744716361,1.007744716361,
    1.007744716361,1.007744716361,1.007744716361,1.007744716361,
    1.007744716361,1.007744716361,1.007744716361,1.007744716361,
1.007744716361)) REPRESENTATION_ITEM('') );
#8156 = CARTESIAN_POINT('',(-5.681859124944,-2.353503109045,1.));
#8157 = CARTESIAN_POINT('',(-4.337541292658,-5.598973451891,
    1.181818181818));
#8158 = CARTESIAN_POINT('',(-0.954506636839,-7.999885994562,
    1.363636363636));
#8159 = CARTESIAN_POINT('',(3.882164335589,-8.13174648597,1.545454545455
    ));
#8160 = CARTESIAN_POINT('',(8.442407946002,-5.037368913855,
    1.727272727272));
#8161 = CARTESIAN_POINT('',(10.387520714785,0.782978866869,
    1.909090909092));
#8162 = CARTESIAN_POINT('',(7.898736003411,6.791436670854,2.090909090908
    ));
#8163 = CARTESIAN_POINT('',(2.407726189853,9.531641626471,2.272727272728
    ));
#8164 = CARTESIAN_POINT('',(-3.004908355755,8.495117810512,
    2.454545454545));
#8165 = CARTESIAN_POINT('',(-6.331711751066,4.981835519869,
    2.636363636364));
#8166 = CARTESIAN_POINT('',(-7.026176957232,0.891967233803,
    2.818181818182));
#8167 = CARTESIAN_POINT('',(-5.681859124945,-2.353503109045,3.));
#8168 = PCURVE('',#6788,#8169);
#8169 = DEFINITIONAL_REPRESENTATION('',(#8170),#8174);
#8170 = LINE('',#8171,#8172);
#8171 = CARTESIAN_POINT('',(6.675884388878,0.));
#8172 = VECTOR('',#8173,1.);
#8173 = DIRECTION('',(0.,1.));
#8174 = ( GEOMETRIC_REPRESENTATION_CONTEXT(2) 
PARAMETRIC_REPRESENTATION_CONTEXT() REPRESENTATION_CONTEXT('2D SPACE',''
  ) );
#8175 = PCURVE('',#7198,#8176);
#8176 = DEFINITIONAL_REPRESENTATION('',(#8177),#8181);
#8177 = LINE('',#8178,#8179);
#8178 = CARTESIAN_POINT('',(0.,0.));
#8179 = VECTOR('',#8180,1.);
#8180 = DIRECTION('',(0.,1.));
#8181 = ( GEOMETRIC_REPRESENTATION_CONTEXT(2) 
PARAMETRIC_REPRESENTATION_CONTEXT() REPRESENTATION_CONTEXT('2D SPACE',''
  ) );
#8182 = ORIENTED_EDGE('',*,*,#6762,.F.);
#8183 = ADVANCED_FACE('',(#8184),#7198,.F.);
#8184 = FACE_BOUND('',#8185,.F.);
#8185 = EDGE_LOOP('',(#8186,#8187,#8218,#8248));
#8186 = ORIENTED_EDGE('',*,*,#8153,.F.);
#8187 = ORIENTED_EDGE('',*,*,#8188,.T.);
#8188 = EDGE_CURVE('',#8127,#8189,#8191,.T.);
#8189 = VERTEX_POINT('',#8190);
#8190 = CARTESIAN_POINT('',(4.263556245423,-2.461565346,1.));
#8191 = SURFACE_CURVE('',#8192,(#8204,#8211),.PCURVE_S1.);
#8192 = B_SPLINE_CURVE_WITH_KNOTS('',6,(#8193,#8194,#8195,#8196,#8197,
    #8198,#8199,#8200,#8201,#8202,#8203),.UNSPECIFIED.,.F.,.F.,(7,4,7),(
    0.,0.527426116445,1.),.UNSPECIFIED.);
#8193 = CARTESIAN_POINT('',(-5.681859124945,-2.353503109045,1.));
#8194 = CARTESIAN_POINT('',(-5.177227029686,-3.317857221987,1.));
#8195 = CARTESIAN_POINT('',(-4.46697085948,-4.174567744866,1.));
#8196 = CARTESIAN_POINT('',(-3.574929252743,-4.866475641437,1.));
#8197 = CARTESIAN_POINT('',(-2.546396491809,-5.340431569991,1.));
#8198 = CARTESIAN_POINT('',(-0.467418793971,-5.759571643171,1.));
#8199 = CARTESIAN_POINT('',(1.580189774077,-5.251783126605,1.));
#8200 = CARTESIAN_POINT('',(2.485725981921,-4.801230613677,1.));
#8201 = CARTESIAN_POINT('',(3.26870277035,-4.155340982202,1.));
#8202 = CARTESIAN_POINT('',(3.872969091981,-3.355134635343,1.));
#8203 = CARTESIAN_POINT('',(4.263556245423,-2.461565346,1.));
#8204 = PCURVE('',#7198,#8205);
#8205 = DEFINITIONAL_REPRESENTATION('',(#8206),#8210);
#8206 = LINE('',#8207,#8208);
#8207 = CARTESIAN_POINT('',(0.,0.));
#8208 = VECTOR('',#8209,1.);
#8209 = DIRECTION('',(1.,0.));
#8210 = ( GEOMETRIC_REPRESENTATION_CONTEXT(2) 
PARAMETRIC_REPRESENTATION_CONTEXT() REPRESENTATION_CONTEXT('2D SPACE',''
  ) );
#8211 = PCURVE('',#7636,#8212);
#8212 = DEFINITIONAL_REPRESENTATION('',(#8213),#8217);
#8213 = LINE('',#8214,#8215);
#8214 = CARTESIAN_POINT('',(0.,2.));
#8215 = VECTOR('',#8216,1.);
#8216 = DIRECTION('',(1.,0.));
#8217 = ( GEOMETRIC_REPRESENTATION_CONTEXT(2) 
PARAMETRIC_REPRESENTATION_CONTEXT() REPRESENTATION_CONTEXT('2D SPACE',''
  ) );
#8218 = ORIENTED_EDGE('',*,*,#8219,.T.);
#8219 = EDGE_CURVE('',#8189,#7053,#8220,.T.);
#8220 = SURFACE_CURVE('',#8221,(#8234,#8241),.PCURVE_S1.);
#8221 = B_SPLINE_CURVE_WITH_KNOTS('',11,(#8222,#8223,#8224,#8225,#8226,
    #8227,#8228,#8229,#8230,#8231,#8232,#8233),.UNSPECIFIED.,.F.,.F.,(12
    ,12),(0.,2.),.PIECEWISE_BEZIER_KNOTS.);
#8222 = CARTESIAN_POINT('',(4.263556245423,-2.461565346,1.));
#8223 = CARTESIAN_POINT('',(5.669599083118,-2.622771349403E-02,
    1.181818181818));
#8224 = CARTESIAN_POINT('',(5.545769117011,3.292302425091,1.363636363636
    ));
#8225 = CARTESIAN_POINT('',(3.272510100599,6.428265152848,1.545454545455
    ));
#8226 = CARTESIAN_POINT('',(-0.914980947105,7.816465360536,
    1.727272727273));
#8227 = CARTESIAN_POINT('',(-5.559295921804,6.215414012207,
    1.909090909091));
#8228 = CARTESIAN_POINT('',(-8.162354390508,1.706784489323,
    2.090909090909));
#8229 = CARTESIAN_POINT('',(-7.226748043574,-3.115835936077,
    2.272727272727));
#8230 = CARTESIAN_POINT('',(-3.930785874336,-6.048209457699,
    2.454545454546));
#8231 = CARTESIAN_POINT('',(-7.833297856102E-02,-6.448928151393,
    2.636363636364));
#8232 = CARTESIAN_POINT('',(2.857513407727,-4.896902978508,
    2.818181818182));
#8233 = CARTESIAN_POINT('',(4.263556245423,-2.461565346,3.));
#8234 = PCURVE('',#7198,#8235);
#8235 = DEFINITIONAL_REPRESENTATION('',(#8236),#8240);
#8236 = LINE('',#8237,#8238);
#8237 = CARTESIAN_POINT('',(1.,0.));
#8238 = VECTOR('',#8239,1.);
#8239 = DIRECTION('',(0.,1.));
#8240 = ( GEOMETRIC_REPRESENTATION_CONTEXT(2) 
PARAMETRIC_REPRESENTATION_CONTEXT() REPRESENTATION_CONTEXT('2D SPACE',''
  ) );
#8241 = PCURVE('',#7076,#8242);
#8242 = DEFINITIONAL_REPRESENTATION('',(#8243),#8247);
#8243 = LINE('',#8244,#8245);
#8244 = CARTESIAN_POINT('',(2.617993877991,0.));
#8245 = VECTOR('',#8246,1.);
#8246 = DIRECTION('',(0.,1.));
#8247 = ( GEOMETRIC_REPRESENTATION_CONTEXT(2) 
PARAMETRIC_REPRESENTATION_CONTEXT() REPRESENTATION_CONTEXT('2D SPACE',''
  ) );
#8248 = ORIENTED_EDGE('',*,*,#7168,.F.);
#8249 = ADVANCED_FACE('',(#8250),#7076,.F.);
#8250 = FACE_BOUND('',#8251,.F.);
#8251 = EDGE_LOOP('',(#8252,#8253,#8280,#8310));
#8252 = ORIENTED_EDGE('',*,*,#8219,.F.);
#8253 = ORIENTED_EDGE('',*,*,#8254,.T.);
#8254 = EDGE_CURVE('',#8189,#8255,#8257,.T.);
#8255 = VERTEX_POINT('',#8256);
#8256 = CARTESIAN_POINT('',(4.263556245423,2.461565346,1.));
#8257 = SURFACE_CURVE('',#8258,(#8266,#8273),.PCURVE_S1.);
#8258 = ( BOUNDED_CURVE() B_SPLINE_CURVE(6,(#8259,#8260,#8261,#8262,
#8263,#8264,#8265),.UNSPECIFIED.,.F.,.F.) B_SPLINE_CURVE_WITH_KNOTS((7,7
),(2.617993877991,3.665191429188),.PIECEWISE_BEZIER_KNOTS.) CURVE() 
GEOMETRIC_REPRESENTATION_ITEM() RATIONAL_B_SPLINE_CURVE((1.013815801033,
    1.004520331021,0.999080478963,0.997285502839,0.999080478963,
1.004520331021,1.013815801033)) REPRESENTATION_ITEM('') );
#8259 = CARTESIAN_POINT('',(4.263556245423,-2.461565346,1.));
#8260 = CARTESIAN_POINT('',(4.697155857797,-1.710548787226,1.));
#8261 = CARTESIAN_POINT('',(4.967735752278,-0.876661395412,1.));
#8262 = CARTESIAN_POINT('',(5.059721889681,-2.092606169839E-13,1.));
#8263 = CARTESIAN_POINT('',(4.967735752278,0.876661395411,1.));
#8264 = CARTESIAN_POINT('',(4.697155857797,1.710548787226,1.));
#8265 = CARTESIAN_POINT('',(4.263556245423,2.461565346,1.));
#8266 = PCURVE('',#7076,#8267);
#8267 = DEFINITIONAL_REPRESENTATION('',(#8268),#8272);
#8268 = LINE('',#8269,#8270);
#8269 = CARTESIAN_POINT('',(0.,0.));
#8270 = VECTOR('',#8271,1.);
#8271 = DIRECTION('',(1.,0.));
#8272 = ( GEOMETRIC_REPRESENTATION_CONTEXT(2) 
PARAMETRIC_REPRESENTATION_CONTEXT() REPRESENTATION_CONTEXT('2D SPACE',''
  ) );
#8273 = PCURVE('',#7831,#8274);
#8274 = DEFINITIONAL_REPRESENTATION('',(#8275),#8279);
#8275 = LINE('',#8276,#8277);
#8276 = CARTESIAN_POINT('',(0.,2.));
#8277 = VECTOR('',#8278,1.);
#8278 = DIRECTION('',(1.,0.));
#8279 = ( GEOMETRIC_REPRESENTATION_CONTEXT(2) 
PARAMETRIC_REPRESENTATION_CONTEXT() REPRESENTATION_CONTEXT('2D SPACE',''
  ) );
#8280 = ORIENTED_EDGE('',*,*,#8281,.T.);
#8281 = EDGE_CURVE('',#8255,#6881,#8282,.T.);
#8282 = SURFACE_CURVE('',#8283,(#8296,#8303),.PCURVE_S1.);
#8283 = ( BOUNDED_CURVE() B_SPLINE_CURVE(11,(#8284,#8285,#8286,#8287,
    #8288,#8289,#8290,#8291,#8292,#8293,#8294,#8295),.UNSPECIFIED.,.F.,
.F.) B_SPLINE_CURVE_WITH_KNOTS((12,12),(0.,2.),
.PIECEWISE_BEZIER_KNOTS.) CURVE() GEOMETRIC_REPRESENTATION_ITEM() 
RATIONAL_B_SPLINE_CURVE((1.013815801033,1.013815801033,1.013815801033,
    1.013815801033,1.013815801033,1.013815801033,1.013815801033,
    1.013815801033,1.013815801033,1.013815801033,1.013815801033,
1.013815801033)) REPRESENTATION_ITEM('') );
#8284 = CARTESIAN_POINT('',(4.263556245423,2.461565346,1.));
#8285 = CARTESIAN_POINT('',(2.857513407728,4.896902978506,1.181818181818
    ));
#8286 = CARTESIAN_POINT('',(-7.833297856448E-02,6.4489281514,
    1.363636363636));
#8287 = CARTESIAN_POINT('',(-3.930785874331,6.048209457686,
    1.545454545455));
#8288 = CARTESIAN_POINT('',(-7.226748043575,3.115835936093,
    1.727272727271));
#8289 = CARTESIAN_POINT('',(-8.162354390515,-1.706784489332,
    1.909090909093));
#8290 = CARTESIAN_POINT('',(-5.55929592179,-6.215414012211,
    2.090909090907));
#8291 = CARTESIAN_POINT('',(-0.914980947121,-7.816465360522,
    2.272727272729));
#8292 = CARTESIAN_POINT('',(3.272510100609,-6.428265152862,
    2.454545454544));
#8293 = CARTESIAN_POINT('',(5.545769117007,-3.292302425084,
    2.636363636364));
#8294 = CARTESIAN_POINT('',(5.669599083119,2.622771349186E-02,
    2.818181818182));
#8295 = CARTESIAN_POINT('',(4.263556245423,2.461565346,3.));
#8296 = PCURVE('',#7076,#8297);
#8297 = DEFINITIONAL_REPRESENTATION('',(#8298),#8302);
#8298 = LINE('',#8299,#8300);
#8299 = CARTESIAN_POINT('',(3.665191429188,0.));
#8300 = VECTOR('',#8301,1.);
#8301 = DIRECTION('',(0.,1.));
#8302 = ( GEOMETRIC_REPRESENTATION_CONTEXT(2) 
PARAMETRIC_REPRESENTATION_CONTEXT() REPRESENTATION_CONTEXT('2D SPACE',''
  ) );
#8303 = PCURVE('',#6912,#8304);
#8304 = DEFINITIONAL_REPRESENTATION('',(#8305),#8309);
#8305 = LINE('',#8306,#8307);
#8306 = CARTESIAN_POINT('',(0.,0.));
#8307 = VECTOR('',#8308,1.);
#8308 = DIRECTION('',(0.,1.));
#8309 = ( GEOMETRIC_REPRESENTATION_CONTEXT(2) 
PARAMETRIC_REPRESENTATION_CONTEXT() REPRESENTATION_CONTEXT('2D SPACE',''
  ) );
#8310 = ORIENTED_EDGE('',*,*,#7052,.F.);
#8311 = ADVANCED_FACE('',(#8312),#6912,.F.);
#8312 = FACE_BOUND('',#8313,.F.);
#8313 = EDGE_LOOP('',(#8314,#8315,#8344,#8345));
#8314 = ORIENTED_EDGE('',*,*,#8281,.F.);
#8315 = ORIENTED_EDGE('',*,*,#8316,.T.);
#8316 = EDGE_CURVE('',#8255,#8095,#8317,.T.);
#8317 = SURFACE_CURVE('',#8318,(#8330,#8337),.PCURVE_S1.);
#8318 = B_SPLINE_CURVE_WITH_KNOTS('',6,(#8319,#8320,#8321,#8322,#8323,
    #8324,#8325,#8326,#8327,#8328,#8329),.UNSPECIFIED.,.F.,.F.,(7,4,7),(
    0.,0.472573883555,1.),.UNSPECIFIED.);
#8319 = CARTESIAN_POINT('',(4.263556245423,2.461565346,1.));
#8320 = CARTESIAN_POINT('',(3.872969091981,3.355134635343,1.));
#8321 = CARTESIAN_POINT('',(3.26870277035,4.155340982201,1.));
#8322 = CARTESIAN_POINT('',(2.485725981921,4.801230613677,1.));
#8323 = CARTESIAN_POINT('',(1.580189774077,5.251783126605,1.));
#8324 = CARTESIAN_POINT('',(-0.46741879397,5.759571643171,1.));
#8325 = CARTESIAN_POINT('',(-2.546396491809,5.340431569992,1.));
#8326 = CARTESIAN_POINT('',(-3.574929252743,4.866475641438,1.));
#8327 = CARTESIAN_POINT('',(-4.466970859479,4.174567744866,1.));
#8328 = CARTESIAN_POINT('',(-5.177227029686,3.317857221987,1.));
#8329 = CARTESIAN_POINT('',(-5.681859124944,2.353503109046,1.));
#8330 = PCURVE('',#6912,#8331);
#8331 = DEFINITIONAL_REPRESENTATION('',(#8332),#8336);
#8332 = LINE('',#8333,#8334);
#8333 = CARTESIAN_POINT('',(0.,0.));
#8334 = VECTOR('',#8335,1.);
#8335 = DIRECTION('',(1.,0.));
#8336 = ( GEOMETRIC_REPRESENTATION_CONTEXT(2) 
PARAMETRIC_REPRESENTATION_CONTEXT() REPRESENTATION_CONTEXT('2D SPACE',''
  ) );
#8337 = PCURVE('',#7951,#8338);
#8338 = DEFINITIONAL_REPRESENTATION('',(#8339),#8343);
#8339 = LINE('',#8340,#8341);
#8340 = CARTESIAN_POINT('',(0.,2.));
#8341 = VECTOR('',#8342,1.);
#8342 = DIRECTION('',(1.,0.));
#8343 = ( GEOMETRIC_REPRESENTATION_CONTEXT(2) 
PARAMETRIC_REPRESENTATION_CONTEXT() REPRESENTATION_CONTEXT('2D SPACE',''
  ) );
#8344 = ORIENTED_EDGE('',*,*,#8094,.T.);
#8345 = ORIENTED_EDGE('',*,*,#6880,.F.);
#8346 = ADVANCED_FACE('',(#8347),#7485,.F.);
#8347 = FACE_BOUND('',#8348,.F.);
#8348 = EDGE_LOOP('',(#8349,#8379,#8380,#8410));
#8349 = ORIENTED_EDGE('',*,*,#8350,.F.);
#8350 = EDGE_CURVE('',#7403,#8095,#8351,.T.);
#8351 = SURFACE_CURVE('',#8352,(#8365,#8372),.PCURVE_S1.);
#8352 = ( BOUNDED_CURVE() B_SPLINE_CURVE(11,(#8353,#8354,#8355,#8356,
    #8357,#8358,#8359,#8360,#8361,#8362,#8363,#8364),.UNSPECIFIED.,.F.,
.F.) B_SPLINE_CURVE_WITH_KNOTS((12,12),(0.,2.),
.PIECEWISE_BEZIER_KNOTS.) CURVE() GEOMETRIC_REPRESENTATION_ITEM() 
RATIONAL_B_SPLINE_CURVE((1.007744716361,1.007744716361,1.007744716361,
    1.007744716361,1.007744716361,1.007744716361,1.007744716361,
    1.007744716361,1.007744716361,1.007744716361,1.007744716361,
1.007744716361)) REPRESENTATION_ITEM('') );
#8353 = CARTESIAN_POINT('',(-5.681859124944,2.353503109045,-1.));
#8354 = CARTESIAN_POINT('',(-7.026176957231,-0.891967233801,
    -0.818181818182));
#8355 = CARTESIAN_POINT('',(-6.33171175107,-4.981835519877,
    -0.636363636364));
#8356 = CARTESIAN_POINT('',(-3.004908355744,-8.495117810497,
    -0.454545454545));
#8357 = CARTESIAN_POINT('',(2.407726189836,-9.531641626484,
    -0.272727272728));
#8358 = CARTESIAN_POINT('',(7.898736003429,-6.791436670854,
    -9.090909090758E-02));
#8359 = CARTESIAN_POINT('',(10.387520714773,-0.782978866852,
    9.090909090768E-02));
#8360 = CARTESIAN_POINT('',(8.442407946004,5.03736891383,0.272727272728)
  );
#8361 = CARTESIAN_POINT('',(3.882164335593,8.131746485991,0.454545454545
    ));
#8362 = CARTESIAN_POINT('',(-0.954506636842,7.999885994552,
    0.636363636364));
#8363 = CARTESIAN_POINT('',(-4.337541292657,5.598973451894,
    0.818181818182));
#8364 = CARTESIAN_POINT('',(-5.681859124944,2.353503109046,1.));
#8365 = PCURVE('',#7485,#8366);
#8366 = DEFINITIONAL_REPRESENTATION('',(#8367),#8371);
#8367 = LINE('',#8368,#8369);
#8368 = CARTESIAN_POINT('',(5.890486225481,0.));
#8369 = VECTOR('',#8370,1.);
#8370 = DIRECTION('',(0.,1.));
#8371 = ( GEOMETRIC_REPRESENTATION_CONTEXT(2) 
PARAMETRIC_REPRESENTATION_CONTEXT() REPRESENTATION_CONTEXT('2D SPACE',''
  ) );
#8372 = PCURVE('',#7951,#8373);
#8373 = DEFINITIONAL_REPRESENTATION('',(#8374),#8378);
#8374 = LINE('',#8375,#8376);
#8375 = CARTESIAN_POINT('',(1.,0.));
#8376 = VECTOR('',#8377,1.);
#8377 = DIRECTION('',(0.,1.));
#8378 = ( GEOMETRIC_REPRESENTATION_CONTEXT(2) 
PARAMETRIC_REPRESENTATION_CONTEXT() REPRESENTATION_CONTEXT('2D SPACE',''
  ) );
#8379 = ORIENTED_EDGE('',*,*,#7467,.T.);
#8380 = ORIENTED_EDGE('',*,*,#8381,.T.);
#8381 = EDGE_CURVE('',#7436,#8127,#8382,.T.);
#8382 = SURFACE_CURVE('',#8383,(#8396,#8403),.PCURVE_S1.);
#8383 = ( BOUNDED_CURVE() B_SPLINE_CURVE(11,(#8384,#8385,#8386,#8387,
    #8388,#8389,#8390,#8391,#8392,#8393,#8394,#8395),.UNSPECIFIED.,.F.,
.F.) B_SPLINE_CURVE_WITH_KNOTS((12,12),(0.,2.),
.PIECEWISE_BEZIER_KNOTS.) CURVE() GEOMETRIC_REPRESENTATION_ITEM() 
RATIONAL_B_SPLINE_CURVE((1.007744716361,1.007744716361,1.007744716361,
    1.007744716361,1.007744716361,1.007744716361,1.007744716361,
    1.007744716361,1.007744716361,1.007744716361,1.007744716361,
1.007744716361)) REPRESENTATION_ITEM('') );
#8384 = CARTESIAN_POINT('',(-5.681859124944,-2.353503109045,-1.));
#8385 = CARTESIAN_POINT('',(-4.337541292658,-5.598973451891,
    -0.818181818182));
#8386 = CARTESIAN_POINT('',(-0.954506636839,-7.999885994562,
    -0.636363636364));
#8387 = CARTESIAN_POINT('',(3.882164335589,-8.13174648597,
    -0.454545454545));
#8388 = CARTESIAN_POINT('',(8.442407946002,-5.037368913855,
    -0.272727272728));
#8389 = CARTESIAN_POINT('',(10.387520714785,0.782978866869,
    -9.090909090758E-02));
#8390 = CARTESIAN_POINT('',(7.898736003411,6.791436670854,
    9.090909090768E-02));
#8391 = CARTESIAN_POINT('',(2.407726189853,9.531641626471,0.272727272728
    ));
#8392 = CARTESIAN_POINT('',(-3.004908355755,8.495117810512,
    0.454545454545));
#8393 = CARTESIAN_POINT('',(-6.331711751066,4.981835519869,
    0.636363636364));
#8394 = CARTESIAN_POINT('',(-7.026176957232,0.891967233803,
    0.818181818182));
#8395 = CARTESIAN_POINT('',(-5.681859124945,-2.353503109045,1.));
#8396 = PCURVE('',#7485,#8397);
#8397 = DEFINITIONAL_REPRESENTATION('',(#8398),#8402);
#8398 = LINE('',#8399,#8400);
#8399 = CARTESIAN_POINT('',(6.675884388878,0.));
#8400 = VECTOR('',#8401,1.);
#8401 = DIRECTION('',(0.,1.));
#8402 = ( GEOMETRIC_REPRESENTATION_CONTEXT(2) 
PARAMETRIC_REPRESENTATION_CONTEXT() REPRESENTATION_CONTEXT('2D SPACE',''
  ) );
#8403 = PCURVE('',#7636,#8404);
#8404 = DEFINITIONAL_REPRESENTATION('',(#8405),#8409);
#8405 = LINE('',#8406,#8407);
#8406 = CARTESIAN_POINT('',(0.,0.));
#8407 = VECTOR('',#8408,1.);
#8408 = DIRECTION('',(0.,1.));
#8409 = ( GEOMETRIC_REPRESENTATION_CONTEXT(2) 
PARAMETRIC_REPRESENTATION_CONTEXT() REPRESENTATION_CONTEXT('2D SPACE',''
  ) );
#8410 = ORIENTED_EDGE('',*,*,#8126,.F.);
#8411 = ADVANCED_FACE('',(#8412),#7636,.F.);
#8412 = FACE_BOUND('',#8413,.F.);
#8413 = EDGE_LOOP('',(#8414,#8415,#8416,#8446));
#8414 = ORIENTED_EDGE('',*,*,#8381,.F.);
#8415 = ORIENTED_EDGE('',*,*,#7614,.T.);
#8416 = ORIENTED_EDGE('',*,*,#8417,.T.);
#8417 = EDGE_CURVE('',#7583,#8189,#8418,.T.);
#8418 = SURFACE_CURVE('',#8419,(#8432,#8439),.PCURVE_S1.);
#8419 = B_SPLINE_CURVE_WITH_KNOTS('',11,(#8420,#8421,#8422,#8423,#8424,
    #8425,#8426,#8427,#8428,#8429,#8430,#8431),.UNSPECIFIED.,.F.,.F.,(12
    ,12),(0.,2.),.PIECEWISE_BEZIER_KNOTS.);
#8420 = CARTESIAN_POINT('',(4.263556245423,-2.461565346,-1.));
#8421 = CARTESIAN_POINT('',(5.669599083118,-2.622771349403E-02,
    -0.818181818182));
#8422 = CARTESIAN_POINT('',(5.545769117011,3.292302425091,
    -0.636363636364));
#8423 = CARTESIAN_POINT('',(3.272510100599,6.428265152848,
    -0.454545454545));
#8424 = CARTESIAN_POINT('',(-0.914980947105,7.816465360536,
    -0.272727272727));
#8425 = CARTESIAN_POINT('',(-5.559295921804,6.215414012207,
    -9.090909090925E-02));
#8426 = CARTESIAN_POINT('',(-8.162354390508,1.706784489323,
    9.090909090927E-02));
#8427 = CARTESIAN_POINT('',(-7.226748043574,-3.115835936077,
    0.272727272727));
#8428 = CARTESIAN_POINT('',(-3.930785874336,-6.048209457699,
    0.454545454546));
#8429 = CARTESIAN_POINT('',(-7.833297856102E-02,-6.448928151393,
    0.636363636364));
#8430 = CARTESIAN_POINT('',(2.857513407727,-4.896902978508,
    0.818181818182));
#8431 = CARTESIAN_POINT('',(4.263556245423,-2.461565346,1.));
#8432 = PCURVE('',#7636,#8433);
#8433 = DEFINITIONAL_REPRESENTATION('',(#8434),#8438);
#8434 = LINE('',#8435,#8436);
#8435 = CARTESIAN_POINT('',(1.,0.));
#8436 = VECTOR('',#8437,1.);
#8437 = DIRECTION('',(0.,1.));
#8438 = ( GEOMETRIC_REPRESENTATION_CONTEXT(2) 
PARAMETRIC_REPRESENTATION_CONTEXT() REPRESENTATION_CONTEXT('2D SPACE',''
  ) );
#8439 = PCURVE('',#7831,#8440);
#8440 = DEFINITIONAL_REPRESENTATION('',(#8441),#8445);
#8441 = LINE('',#8442,#8443);
#8442 = CARTESIAN_POINT('',(2.617993877991,0.));
#8443 = VECTOR('',#8444,1.);
#8444 = DIRECTION('',(0.,1.));
#8445 = ( GEOMETRIC_REPRESENTATION_CONTEXT(2) 
PARAMETRIC_REPRESENTATION_CONTEXT() REPRESENTATION_CONTEXT('2D SPACE',''
  ) );
#8446 = ORIENTED_EDGE('',*,*,#8188,.F.);
#8447 = ADVANCED_FACE('',(#8448),#7831,.F.);
#8448 = FACE_BOUND('',#8449,.F.);
#8449 = EDGE_LOOP('',(#8450,#8451,#8452,#8482));
#8450 = ORIENTED_EDGE('',*,*,#8417,.F.);
#8451 = ORIENTED_EDGE('',*,*,#7813,.T.);
#8452 = ORIENTED_EDGE('',*,*,#8453,.T.);
#8453 = EDGE_CURVE('',#7782,#8255,#8454,.T.);
#8454 = SURFACE_CURVE('',#8455,(#8468,#8475),.PCURVE_S1.);
#8455 = ( BOUNDED_CURVE() B_SPLINE_CURVE(11,(#8456,#8457,#8458,#8459,
    #8460,#8461,#8462,#8463,#8464,#8465,#8466,#8467),.UNSPECIFIED.,.F.,
.F.) B_SPLINE_CURVE_WITH_KNOTS((12,12),(0.,2.),
.PIECEWISE_BEZIER_KNOTS.) CURVE() GEOMETRIC_REPRESENTATION_ITEM() 
RATIONAL_B_SPLINE_CURVE((1.013815801033,1.013815801033,1.013815801033,
    1.013815801033,1.013815801033,1.013815801033,1.013815801033,
    1.013815801033,1.013815801033,1.013815801033,1.013815801033,
1.013815801033)) REPRESENTATION_ITEM('') );
#8456 = CARTESIAN_POINT('',(4.263556245423,2.461565346,-1.));
#8457 = CARTESIAN_POINT('',(2.857513407728,4.896902978506,
    -0.818181818182));
#8458 = CARTESIAN_POINT('',(-7.833297856449E-02,6.4489281514,
    -0.636363636364));
#8459 = CARTESIAN_POINT('',(-3.930785874331,6.048209457686,
    -0.454545454545));
#8460 = CARTESIAN_POINT('',(-7.226748043575,3.115835936093,
    -0.272727272729));
#8461 = CARTESIAN_POINT('',(-8.162354390515,-1.706784489332,
    -9.090909090718E-02));
#8462 = CARTESIAN_POINT('',(-5.55929592179,-6.215414012211,
    9.090909090712E-02));
#8463 = CARTESIAN_POINT('',(-0.914980947121,-7.816465360522,
    0.272727272729));
#8464 = CARTESIAN_POINT('',(3.272510100609,-6.428265152862,
    0.454545454544));
#8465 = CARTESIAN_POINT('',(5.545769117007,-3.292302425084,
    0.636363636364));
#8466 = CARTESIAN_POINT('',(5.669599083119,2.622771349186E-02,
    0.818181818182));
#8467 = CARTESIAN_POINT('',(4.263556245423,2.461565346,1.));
#8468 = PCURVE('',#7831,#8469);
#8469 = DEFINITIONAL_REPRESENTATION('',(#8470),#8474);
#8470 = LINE('',#8471,#8472);
#8471 = CARTESIAN_POINT('',(3.665191429188,0.));
#8472 = VECTOR('',#8473,1.);
#8473 = DIRECTION('',(0.,1.));
#8474 = ( GEOMETRIC_REPRESENTATION_CONTEXT(2) 
PARAMETRIC_REPRESENTATION_CONTEXT() REPRESENTATION_CONTEXT('2D SPACE',''
  ) );
#8475 = PCURVE('',#7951,#8476);
#8476 = DEFINITIONAL_REPRESENTATION('',(#8477),#8481);
#8477 = LINE('',#8478,#8479);
#8478 = CARTESIAN_POINT('',(0.,0.));
#8479 = VECTOR('',#8480,1.);
#8480 = DIRECTION('',(0.,1.));
#8481 = ( GEOMETRIC_REPRESENTATION_CONTEXT(2) 
PARAMETRIC_REPRESENTATION_CONTEXT() REPRESENTATION_CONTEXT('2D SPACE',''
  ) );
#8482 = ORIENTED_EDGE('',*,*,#8254,.F.);
#8483 = ADVANCED_FACE('',(#8484),#7951,.F.);
#8484 = FACE_BOUND('',#8485,.F.);
#8485 = EDGE_LOOP('',(#8486,#8487,#8488,#8489));
#8486 = ORIENTED_EDGE('',*,*,#8453,.F.);
#8487 = ORIENTED_EDGE('',*,*,#7929,.T.);
#8488 = ORIENTED_EDGE('',*,*,#8350,.T.);
#8489 = ORIENTED_EDGE('',*,*,#8316,.F.);
#8490 = ( GEOMETRIC_REPRESENTATION_CONTEXT(3) 
GLOBAL_UNCERTAINTY_ASSIGNED_CONTEXT((#8494)) 
GLOBAL_UNIT_ASSIGNED_CONTEXT((#8491,#8492,#8493)) REPRESENTATION_CONTEXT
('Context #1','3D Context with UNIT and UNCERTAINTY') );
#8491 = ( LENGTH_UNIT() NAMED_UNIT(*) SI_UNIT(.MILLI.,.METRE.) );
#8492 = ( NAMED_UNIT(*) PLANE_ANGLE_UNIT() SI_UNIT($,.RADIAN.) );
#8493 = ( NAMED_UNIT(*) SI_UNIT($,.STERADIAN.) SOLID_ANGLE_UNIT() );
#8494 = UNCERTAINTY_MEASURE_WITH_UNIT(LENGTH_MEASURE(5.E-06),#8491,
  'distance_accuracy_value','confusion accuracy');
#8495 = CONTEXT_DEPENDENT_SHAPE_REPRESENTATION(#8496,#8498);
#8496 = ( REPRESENTATION_RELATIONSHIP('','',#5755,#10) 
REPRESENTATION_RELATIONSHIP_WITH_TRANSFORMATION(#8497) 
SHAPE_REPRESENTATION_RELATIONSHIP() );
#8497 = ITEM_DEFINED_TRANSFORMATION('','',#11,#23);
#8498 = PRODUCT_DEFINITION_SHAPE('Placement','Placement of an item',
  #8499);
#8499 = NEXT_ASSEMBLY_USAGE_OCCURRENCE('3','','',#5,#5750,$);
#8500 = PRODUCT_RELATED_PRODUCT_CATEGORY('part',$,(#5752));
ENDSEC;
END-ISO-10303-21;
